AE_Gujarat_2012																																													
Assembly_No	Year	month	DelimID	Poll_No	District_Name	Sub_Region	Constituency_Name	Constituency_No	Constituency_Type	Candidate	Sex	Age	Party	Position	Candidate_Type	Votes	Electors	Valid_Votes	Vote_Share_Percentage	Margin	Margin_Percentage	Turnout_Percentage	N_Cand	ENOP	last_poll	Contested	Last_Party	Last_Party_ID	Last_Constituency_Name	Same_Constituency	Same_Party	No_Terms	Turncoat	Incumbent	Recontest	Deposit_Lost	pid	Party_Type_TCPD	Party_ID	MyNeta_education	TCPD_Prof_Main	TCPD_Prof_Main_Desc	TCPD_Prof_Second	TCPD_Prof_Second_Desc	Election_Type
12	2012	12	4	0	Kachchh	Saurashtra-Kutch	ABDASA	1	GEN	CHHABILBHAI NARANBHAI PATEL	M	51	INC	1	GEN	60704	195191	143451	42.32	7613	5.31	73.49	8	2.94	FALSE	3	INC	3482	MANDVI	FALSE	TRUE	2	FALSE	FALSE	TRUE	no	AEGJ12745	National Party	3482	Graduate Professional	Business	Real Estate or Builder or Developer or Construction	Agriculture		State Assembly Election (AE)
12	2012	12	4	0	Kachchh	Saurashtra-Kutch	ABDASA	1	GEN	BHANUSHALI JAYANTILAL PARSOTTAM	M	48	BJP	2	GEN	53091	195191	143451	37.01	33460	23.33	73.49	8	2.94	FALSE	2	BJP	1605	ABDASA	TRUE	TRUE	1	FALSE	TRUE	TRUE	no	AEGJ11473	National Party	1605	8th Pass	Agriculture				State Assembly Election (AE)
12	2012	12	4	0	Kachchh	Saurashtra-Kutch	MANDVI	2	GEN	CHHEDA TARACHAND JAGSHIBHAI	M	61	BJP	1	GEN	61984	193772	139492	44.44	8506	6.1	71.99	11	2.78	TRUE	3	BJP	1605	ABDASA	FALSE	TRUE	2	FALSE	FALSE	FALSE	no	AEGJ4914	National Party	1605	5th Pass	Business		Agriculture		State Assembly Election (AE)
12	2012	12	4	0	Kachchh	Saurashtra-Kutch	MANDVI	2	GEN	PARMAR KISHORSINH RAJENDRASINH	M	38	INC	2	GEN	53478	193772	139492	38.34	40758	29.22	71.99	11	2.78	TRUE	1						0	FALSE	FALSE	FALSE	no	AEGJ12749	National Party	3482	Graduate	Agriculture		Education	School Teacher	State Assembly Election (AE)
12	2012	12	4	0	Kachchh	Saurashtra-Kutch	BHUJ	3	GEN	DR. NIMABEN AACHARYA	F	66	BJP	1	GEN	69174	223986	153950	44.93	8973	5.83	68.73	10	2.78	TRUE	5	BJP	1605	ANJAR	FALSE	TRUE	3	FALSE	TRUE	TRUE	no	AEGJ4952	National Party	1605	Post Graduate	Liberal Profession or Professional	Doctor			State Assembly Election (AE)
12	2012	12	4	0	Kachchh	Saurashtra-Kutch	BHUJ	3	GEN	AMIRALI HAJIHUSHEN LODHIYA	M	66	INC	2	GEN	60201	223986	153950	39.1	43947	28.55	68.73	10	2.78	TRUE	1						0	FALSE	FALSE	FALSE	no	AEGJ12768	National Party	3482	Graduate Professional	Liberal Profession or Professional	Lawyer			State Assembly Election (AE)
12	2012	12	4	0	Kachchh	Saurashtra-Kutch	ANJAR	4	GEN	AHIR VASANBHAI GOPALBHAI	M	54	BJP	1	GEN	64789	191018	137376	47.16	4728	3.44	71.92	9	2.44	TRUE	4	BJP	1605	BHUJ	FALSE	TRUE	4	FALSE	TRUE	TRUE	no	AEGJ6853	National Party	1605	5th Pass	Agriculture				State Assembly Election (AE)
12	2012	12	4	0	Kachchh	Saurashtra-Kutch	ANJAR	4	GEN	V.K. HUMBAL	M	56	INC	2	GEN	60061	191018	137376	43.72	56421	41.07	71.92	9	2.44	TRUE	1						0	FALSE	FALSE	FALSE	no	AEGJ12773	National Party	3482	10th Pass	Agriculture				State Assembly Election (AE)
12	2012	12	4	0	Kachchh	Saurashtra-Kutch	GANDHIDHAM	5	SC	MAHESHWARI RAMESH VACHCHHRAJ	M	44	BJP	1	SC	72988	225734	138363	52.75	21313	15.4	61.29	8	2.38	TRUE	2	BJP	1605	MUNDRA	FALSE	TRUE	2	FALSE	TRUE	TRUE	no	AEGJ12780	National Party	1605	8th Pass	Business		Agriculture		State Assembly Election (AE)
12	2012	12	4	0	Kachchh	Saurashtra-Kutch	GANDHIDHAM	5	SC	CHAVADA JAYSHREEBEN AJITBHAI	F	48	INC	2	SC	51675	225734	138363	37.35	46889	33.89	61.29	8	2.38	TRUE	1						0	FALSE	FALSE	FALSE	no	AEGJ12784	National Party	3482	5th Pass	Labourer or Daily Wage				State Assembly Election (AE)
12	2012	12	4	0	Kachchh	Saurashtra-Kutch	RAPAR	6	GEN	VAGHAJIBHAI DHARAMSHIBHAI PATEL	M	65	BJP	1	GEN	55280	188320	118139	46.79	9216	7.8	62.73	10	2.7	FALSE	1						1	FALSE	FALSE	FALSE	no	AEGJ12787	National Party	1605	5th Pass	Agriculture				State Assembly Election (AE)
12	2012	12	4	0	Kachchh	Saurashtra-Kutch	RAPAR	6	GEN	GADA BABULAL MEGHAJI SHAH	M	70	INC	2	GEN	46064	188320	118139	38.99	40907	34.63	62.73	10	2.7	FALSE	9	INC	3482	RAPAR	TRUE	TRUE	4	FALSE	TRUE	TRUE	no	AEGJ1159	National Party	3482	8th Pass	Agriculture				State Assembly Election (AE)
12	2012	12	4	0	Banaskantha	North Gujarat	VAV	7	GEN	SHANKARBHAI LAGDHIRBHAI PATEL (CHAUDHARY)	M	42	BJP	1	GEN	72640	226005	175757	41.33	11911	6.78	77.77	7	3.12	TRUE	4	BJP	1605	RADHANPUR	FALSE	TRUE	4	FALSE	TRUE	TRUE	no	AEGJ9984	National Party	1605	Post Graduate	Agriculture		Social Work	NGO	State Assembly Election (AE)
12	2012	12	4	0	Banaskantha	North Gujarat	VAV	7	GEN	THAKOR GENIBEN NAGAJI	F	36	INC	2	GEN	60729	226005	175757	34.55	30544	17.38	77.77	7	3.12	TRUE	2	INC	3482	DEODAR	FALSE	TRUE	0	FALSE	FALSE	TRUE	no	AEGJ12219	National Party	3482	10th Pass	Agriculture				State Assembly Election (AE)
12	2012	12	4	0	Banaskantha	North Gujarat	THARAD	8	GEN	PARABATBHAI SAVABHAI PATEL	M	61	BJP	1	GEN	68517	189236	161793	42.35	3473	2.15	85.5	6	2.86	TRUE	6	BJP	1605	VAV	FALSE	TRUE	4	FALSE	TRUE	TRUE	no	AEGJ12805	National Party	1605	Graduate Professional	Agriculture		Social Work		State Assembly Election (AE)
12	2012	12	4	0	Banaskantha	North Gujarat	THARAD	8	GEN	MAVJIBHAI CHATRABHAI PATEL	M	61	INC	2	GEN	65044	189236	161793	40.2	50970	31.5	85.5	6	2.86	TRUE	5	IND	10809	VAV	FALSE	FALSE	1	FALSE	FALSE	TRUE	no	AEGJ12807	National Party	3482	10th Pass	Agriculture		Social Work		State Assembly Election (AE)
12	2012	12	4	0	Banaskantha	North Gujarat	DHANERA	9	GEN	JOITABHAI KASNABHAI PATEL	M	71	INC	1	GEN	87460	206586	158664	55.12	30291	19.09	76.8	6	2.33	TRUE	4	INC	3482	DHANERA	TRUE	TRUE	3	FALSE	FALSE	FALSE	no	AEGJ3352	National Party	3482	8th Pass	Agriculture				State Assembly Election (AE)
12	2012	12	4	0	Banaskantha	North Gujarat	DHANERA	9	GEN	PUROHIT VASANTBHAI RANCHHODJI	M	46	BJP	2	GEN	57169	206586	158664	36.03	52268	32.94	76.8	6	2.33	TRUE	1						0	FALSE	FALSE	FALSE	no	AEGJ12814	National Party	1605	Graduate Professional	Liberal Profession or Professional	Lawyer	Agriculture		State Assembly Election (AE)
12	2012	12	4	0	Banaskantha	North Gujarat	DANTA	10	ST	KHARADI KANTIBHAI KALABHAI	M	43	INC	1	ST	73751	194468	145647	50.64	26990	18.53	74.9	7	2.7	TRUE	1						1	FALSE	FALSE	FALSE	no	AEGJ12819	National Party	3482	8th Pass	Agriculture				State Assembly Election (AE)
12	2012	12	4	0	Banaskantha	North Gujarat	DANTA	10	ST	GAMABHAI BHIKHABHAI KHARADI	M	51	BJP	2	ST	46761	194468	145647	32.11	34329	23.57	74.9	7	2.7	TRUE	1						0	FALSE	FALSE	FALSE	no	AEGJ12818	National Party	1605	Literate	Other				State Assembly Election (AE)
12	2012	12	4	0	Banaskantha	North Gujarat	VADGAM	11	SC	MANILAL JETHABHAI VAGHELA	M	58	INC	1	SC	90375	233827	168988	53.48	21839	12.92	72.27	8	2.22	TRUE	2	INC	3482	IDAR	FALSE	TRUE	1	FALSE	FALSE	TRUE	no	AEGJ12267	National Party	3482	10th Pass	Other				State Assembly Election (AE)
12	2012	12	4	0	Banaskantha	North Gujarat	VADGAM	11	SC	VAGHELA FAKIRBHAI RAGHABHAI	M	62	BJP	2	SC	68536	233827	168988	40.56	63346	37.49	72.27	8	2.22	TRUE	6	BJP	1605	VADGAM	TRUE	TRUE	4	FALSE	TRUE	TRUE	no	AEGJ4964	National Party	1605	Graduate Professional	Other				State Assembly Election (AE)
12	2012	12	4	0	Banaskantha	North Gujarat	PALANPUR	12	GEN	MAHESHKUMAR AMRUTLAL PATEL	M	46	INC	1	GEN	75097	221291	157457	47.69	5284	3.36	71.15	14	2.33	TRUE	1						1	FALSE	FALSE	FALSE	no	AEGJ12838	National Party	3482	10th Pass	Business		Agriculture		State Assembly Election (AE)
12	2012	12	4	0	Banaskantha	North Gujarat	PALANPUR	12	GEN	PRAJAPATI GOVINDBHAI MADHAVLAL	M	60	BJP	2	GEN	69813	221291	157457	44.34	64544	40.99	71.15	14	2.33	TRUE	2	BJP	1605	PALANPUR	TRUE	TRUE	1	FALSE	TRUE	TRUE	no	AEGJ12241	National Party	1605	Graduate Professional	Social Work				State Assembly Election (AE)
12	2012	12	4	0	Banaskantha	North Gujarat	DEESA	13	GEN	VAGHELA LILADHARBHAI KHODAJI	M	78	BJP	1	GEN	66294	221756	155782	42.56	17706	11.37	70.25	13	3.33	FALSE	9	BJP	1605	DEESA	TRUE	TRUE	6	FALSE	TRUE	TRUE	no	AEGJ3348	National Party	1605	Graduate Professional	Politics	Party Worker	Agriculture		State Assembly Election (AE)
12	2012	12	4	0	Banaskantha	North Gujarat	DEESA	13	GEN	JOSHI RAJENDRAKUMAR DHUDALAL (RAJUBHAI JOSHI)	M	46	INC	2	GEN	48588	221756	155782	31.19	27440	17.61	70.25	13	3.33	FALSE	1						0	FALSE	FALSE	FALSE	no	AEGJ12853	National Party	3482	12th Pass	Business	Real Estate or Builder or Developer or Construction	Agriculture		State Assembly Election (AE)
12	2012	12	4	0	Banaskantha	North Gujarat	DEODAR	14	GEN	CHAUHAN KESHAJI SHIVAJI	M	50	BJP	1	GEN	76265	189642	155786	48.95	20809	13.36	82.15	8	2.63	TRUE	4	IND	10809	DEODAR	TRUE	FALSE	1	FALSE	FALSE	TRUE	no	AEGJ8315	National Party	1605	12th Pass	Agriculture				State Assembly Election (AE)
12	2012	12	4	0	Banaskantha	North Gujarat	DEODAR	14	GEN	RABARI GOVABHAI HAMIRABHAI	M	58	INC	2	GEN	55456	189642	155786	35.6	42574	27.33	82.15	8	2.63	TRUE	5	INC	3482	DEESA	FALSE	TRUE	2	FALSE	FALSE	TRUE	no	AEGJ10007	National Party	3482	5th Pass	Agriculture				State Assembly Election (AE)
12	2012	12	4	0	Banaskantha	North Gujarat	KANKREJ	15	GEN	KHANPURA DHARSHIBHAI LAKHABHAI	M	71	INC	1	GEN	73900	228272	163569	45.18	600	0.37	71.66	6	2.5	TRUE	6	INC	3482	KANKREJ	TRUE	TRUE	4	FALSE	FALSE	TRUE	no	AEGJ6026	National Party	3482	Literate	Agriculture				State Assembly Election (AE)
12	2012	12	4	0	Banaskantha	North Gujarat	KANKREJ	15	GEN	VAGHELA KIRTISINH PRABHATSINH	M	43	BJP	2	GEN	73300	228272	163569	44.81	65929	40.31	71.66	6	2.5	TRUE	1						0	FALSE	FALSE	FALSE	no	AEGJ12868	National Party	1605	12th Pass	Agriculture				State Assembly Election (AE)
12	2012	12	4	0	Patan	North Gujarat	RADHANPUR	16	GEN	THAKOR NAGARJI HARCHANDJI	M	56	BJP	1	GEN	69493	220253	151374	45.91	3834	2.53	68.73	10	2.5	TRUE	1						1	FALSE	FALSE	FALSE	no	AEGJ12878	National Party	1605	Literate	Agriculture				State Assembly Election (AE)
12	2012	12	4	0	Patan	North Gujarat	RADHANPUR	16	GEN	BHAVSINHJI DAYAJI RATHOD	M	72	INC	2	GEN	65659	220253	151374	43.38	60434	39.92	68.73	10	2.5	TRUE	4	INC	3482	SAMI	FALSE	TRUE	2	FALSE	FALSE	FALSE	no	AEGJ12873	National Party	3482	5th Pass	Business	Real Estate or Builder or Developer or Construction	Social Work		State Assembly Election (AE)
12	2012	12	4	0	Patan	North Gujarat	CHANASMA	17	GEN	DILIPKUMAR VIRAJIBHAI THAKOR	M	53	BJP	1	GEN	83462	229411	160849	51.89	16824	10.46	70.11	9	2.27	TRUE	6	BJP	1605	SAMI	FALSE	TRUE	4	FALSE	FALSE	FALSE	no	AEGJ291	National Party	1605	10th Pass	Business	Agricultural Business	Agriculture		State Assembly Election (AE)
12	2012	12	4	0	Patan	North Gujarat	CHANASMA	17	GEN	THAKOR DINESHBHAI AATAJI	M	42	INC	2	GEN	66638	229411	160849	41.43	63844	39.69	70.11	9	2.27	TRUE	1						0	FALSE	FALSE	FALSE	no	AEGJ12886	National Party	3482	12th Pass	Agriculture		Social Work		State Assembly Election (AE)
12	2012	12	4	0	Patan	North Gujarat	PATAN	18	GEN	DESAI RANCHHOD MAHIJIBHAI (RANCHHOD RABARI VAKIL)	M	55	BJP	1	GEN	67224	232141	163632	41.08	5871	3.59	70.49	15	3.12	TRUE	5	BJP	1605	VAGDOD	FALSE	TRUE	2	FALSE	FALSE	FALSE	no	AEGJ5972	National Party	1605	Graduate Professional	Liberal Profession or Professional	Lawyer			State Assembly Election (AE)
12	2012	12	4	0	Patan	North Gujarat	PATAN	18	GEN	THAKOR JODHAJI GALABJI	M	65	INC	2	GEN	61353	232141	163632	37.49	44243	27.04	70.49	15	3.12	TRUE	3	INC	3482	VAGDOD	FALSE	TRUE	2	FALSE	TRUE	TRUE	no	AEGJ12894	National Party	3482	10th Pass	Agriculture				State Assembly Election (AE)
12	2012	12	4	0	Patan	North Gujarat	SIDHPUR	19	GEN	BALVANTSINH CHANDANSINH RAJPUT	M	51	INC	1	GEN	87518	209073	161790	54.09	25824	15.96	77.38	10	2.27	TRUE	4	INC	3482	SIDHPUR	TRUE	TRUE	2	FALSE	FALSE	TRUE	no	AEGJ9959	National Party	3482						State Assembly Election (AE)
12	2012	12	4	0	Patan	North Gujarat	SIDHPUR	19	GEN	JAYNARAYAN NARMADA SHANKAR VYAS	M	65	BJP	2	GEN	61694	209073	161790	38.13	59108	36.53	77.38	10	2.27	TRUE	6	BJP	1605	SIDHPUR	TRUE	TRUE	4	FALSE	TRUE	TRUE	no	AEGJ5951	National Party	1605						State Assembly Election (AE)
12	2012	12	4	0	Mahesana	North Gujarat	KHERALU	20	GEN	DHABHI BHARATSIGHJI SANKARJI	M	57	BJP	1	GEN	68195	177837	126747	53.8	18386	14.51	71.27	6	2.27	TRUE	3	BJP	1605	KHERALU	TRUE	TRUE	2	FALSE	TRUE	TRUE	no	AEGJ6095	National Party	1605	Graduate Professional	Agriculture		Social Work		State Assembly Election (AE)
12	2012	12	4	0	Mahesana	North Gujarat	KHERALU	20	GEN	THAKOR BABUJI UJAMJI	M	51	INC	2	GEN	49809	177837	126747	39.3	45294	35.74	71.27	6	2.27	TRUE	1						0	FALSE	FALSE	FALSE	no	AEGJ12920	National Party	3482	Literate	Business	Contractor	Agriculture		State Assembly Election (AE)
12	2012	12	4	0	Mahesana	North Gujarat	UNJHA	21	GEN	NARAYANBHAI LALLUDAS PATEL	M	74	BJP	1	GEN	75708	193641	135744	55.77	24201	17.83	70.1	8	2.22	TRUE	5	BJP	1605	UNJHA	TRUE	TRUE	5	FALSE	TRUE	TRUE	no	AEGJ11033	National Party	1605	12th Pass	Business				State Assembly Election (AE)
12	2012	12	4	0	Mahesana	North Gujarat	UNJHA	21	GEN	DR. ASHA PATEL	F	35	INC	2	GEN	51507	193641	135744	37.94	47758	35.18	70.1	8	2.22	TRUE	1						0	FALSE	FALSE	FALSE	no	AEGJ12923	National Party	3482	Doctorate	Agriculture				State Assembly Election (AE)
12	2012	12	4	0	Mahesana	North Gujarat	VISNAGAR	22	GEN	RUSHIKESH GANESHBHAI PATEL	M	51	BJP	1	GEN	76185	187953	141073	54	29399	20.84	75.06	10	2.44	TRUE	2	BJP	1605	VISNAGAR	TRUE	TRUE	2	FALSE	TRUE	TRUE	no	AEGJ12157	National Party	1605	12th Pass	Agriculture		Social Work		State Assembly Election (AE)
12	2012	12	4	0	Mahesana	North Gujarat	VISNAGAR	22	GEN	BHOLABHAI CHATURBHAI PATEL	M	82	NCP	2	GEN	46786	187953	141073	33.16	36512	25.88	75.06	10	2.44	TRUE	5	IND	10809	VISNAGAR	TRUE	FALSE	2	FALSE	FALSE	FALSE	no	AEGJ5931	State-based Party (Other State)	5792	Graduate Professional	Social Work				State Assembly Election (AE)
12	2012	12	4	0	Mahesana	North Gujarat	BECHARAJI	23	GEN	RAJANIKANT SOMABHAI PATEL	M	44	BJP	1	GEN	68447	203089	153004	44.74	6456	4.22	75.34	8	2.7	TRUE	2	BJP	1605	CHANASMA	FALSE	TRUE	2	FALSE	TRUE	TRUE	no	AEGJ12943	National Party	1605	12th Pass	Agriculture				State Assembly Election (AE)
12	2012	12	4	0	Mahesana	North Gujarat	BECHARAJI	23	GEN	DARBAR RAJENDRASINH UDESINHJI	M	45	INC	2	GEN	61991	203089	153004	40.52	47993	31.37	75.34	8	2.7	TRUE	1						0	FALSE	FALSE	FALSE	no	AEGJ000135	National Party	3482	12th Pass	Agriculture				State Assembly Election (AE)
12	2012	12	4	0	Mahesana	North Gujarat	KADI	24	SC	CHAVADA RAMESHBHAI MAGANBHAI	M	59	INC	1	SC	84276	227599	177008	47.61	1217	0.69	77.77	7	2.22	TRUE	1						1	FALSE	FALSE	FALSE	no	AEGJ12953	National Party	3482	12th Pass	Business				State Assembly Election (AE)
12	2012	12	4	0	Mahesana	North Gujarat	KADI	24	SC	HITU KANODIYA	M	42	BJP	2	SC	83059	227599	177008	46.92	79868	45.12	77.77	7	2.22	TRUE	1						0	FALSE	FALSE	FALSE	no	AEGJ12948	National Party	1605	12th Pass	Other				State Assembly Election (AE)
12	2012	12	4	0	Mahesana	North Gujarat	MEHSANA	25	GEN	NITINKUMAR RATILAL PATEL	M	56	BJP	1	GEN	90134	216292	163379	55.17	24205	14.82	75.54	14	2.17	TRUE	6	BJP	1605	KADI	FALSE	TRUE	5	FALSE	TRUE	TRUE	no	AEGJ9898	National Party	1605	12th Pass	Business		Social Work		State Assembly Election (AE)
12	2012	12	4	0	Mahesana	North Gujarat	MEHSANA	25	GEN	NATVARLAL PITAMBARDAS PATEL	M	76	INC	2	GEN	65929	216292	163379	40.35	62958	38.53	75.54	14	2.17	TRUE	2	BJP	1605	CHANASMA	FALSE	FALSE	0	TRUE	FALSE	FALSE	no	AEGJ4402	National Party	3482	10th Pass	Business		Agriculture		State Assembly Election (AE)
12	2012	12	4	0	Mahesana	North Gujarat	VIJAPUR	26	GEN	PRAHLADBHAI ISHWARBHAI PATEL	M	62	INC	1	GEN	70729	189543	143575	49.26	8759	6.1	75.75	9	2.33	TRUE	2	NCP	5792	VIJAPUR	TRUE	FALSE	1	TRUE	FALSE	FALSE	no	AEGJ11025	National Party	3482						State Assembly Election (AE)
12	2012	12	4	0	Mahesana	North Gujarat	VIJAPUR	26	GEN	KANTIBHAI RAMABHAI PATEL	M	64	BJP	2	GEN	61970	189543	143575	43.16	56517	39.36	75.75	9	2.33	TRUE	3	BJP	1605	VIJAPUR	TRUE	TRUE	2	FALSE	TRUE	TRUE	no	AEGJ11022	National Party	1605						State Assembly Election (AE)
12	2012	12	4	0	Sabarkantha	North Gujarat	HIMATNAGAR	27	GEN	CHAVDA RAJENDRASINH RANJITSINH (RAJUBHAI CHAVDA)	M	46	INC	1	GEN	85008	218357	174598	48.69	12356	7.08	79.96	18	2.44	FALSE	1						1	FALSE	FALSE	FALSE	no	AEGJ101222	National Party	3482	Graduate	Business	Trader	Agriculture		State Assembly Election (AE)
12	2012	12	4	0	Sabarkantha	North Gujarat	HIMATNAGAR	27	GEN	PRAFULBHAI KHODABHAI PATEL	M	55	BJP	2	GEN	72652	218357	174598	41.61	69258	39.67	79.96	18	2.44	FALSE	2	BJP	1605	HIMATNAGAR	TRUE	TRUE	1	FALSE	TRUE	TRUE	no	AEGJ12280	National Party	1605	Others	Social Work				State Assembly Election (AE)
12	2012	12	4	0	Sabarkantha	North Gujarat	IDAR	28	SC	RAMANLAL ISHVARLAL VORA	M	60	BJP	1	SC	90279	230919	182842	49.38	11380	6.22	79.18	7	2.33	TRUE	5	BJP	1605	IDAR	TRUE	TRUE	5	FALSE	TRUE	TRUE	no	AEGJ10044	National Party	1605	Graduate	Social Work				State Assembly Election (AE)
12	2012	12	4	0	Sabarkantha	North Gujarat	IDAR	28	SC	SOLANKI RAMABHAI VIRCHANDBHAI	M	41	INC	2	SC	78899	230919	182842	43.15	74924	40.98	79.18	7	2.33	TRUE	1						0	FALSE	FALSE	FALSE	no	AEGJ12996	National Party	3482	12th Pass	Other				State Assembly Election (AE)
12	2012	12	4	0	Sabarkantha	North Gujarat	KHEDBRAHMA	29	ST	ASHWIN KOTVAL	M	48	INC	1	ST	88488	197033	149095	59.35	50137	33.63	75.67	10	2.33	TRUE	2	INC	3482	KHEDBRAHMA	TRUE	TRUE	2	FALSE	TRUE	TRUE	no	AEGJ12261	National Party	3482	12th Pass	Agriculture				State Assembly Election (AE)
12	2012	12	4	0	Sabarkantha	North Gujarat	KHEDBRAHMA	29	ST	MAKWANA BHOJABHAI HUJABHAI	M	63	BJP	2	ST	38351	197033	149095	25.72	27057	18.15	75.67	10	2.33	TRUE	1						0	FALSE	FALSE	FALSE	no	AEGJ13003	National Party	1605	5th Pass	Agriculture				State Assembly Election (AE)
12	2012	12	4	0	Arvalli	North Gujarat	BHILODA	30	ST	ANIL JOSHIYARA	M	60	INC	1	ST	95799	239406	175096	54.71	31543	18.01	73.14	7	2.33	TRUE	5	INC	3482	BHILODA	TRUE	TRUE	4	FALSE	TRUE	TRUE	no	AEGJ8414	National Party	3482	Post Graduate	Agriculture		Social Work		State Assembly Election (AE)
12	2012	12	4	0	Arvalli	North Gujarat	BHILODA	30	ST	NILABEN HASMUKHBHAI MADIYA	F	43	BJP	2	ST	64256	239406	175096	36.7	57890	33.06	73.14	7	2.33	TRUE	1						0	FALSE	FALSE	FALSE	no	AEGJ13016	National Party	1605	Graduate Professional	Business	Industrialist	Retired or Pension	Retired Teacher	State Assembly Election (AE)
12	2012	12	4	0	Arvalli	North Gujarat	MODASA	31	GEN	THAKOR RAJENDRASINH SHIVSINH	M	40	INC	1	GEN	88879	216158	164254	54.11	22858	13.92	75.99	6	2.22	TRUE	1						1	FALSE	FALSE	FALSE	no	AEGJ13023	National Party	3482	Graduate	Other				State Assembly Election (AE)
12	2012	12	4	0	Arvalli	North Gujarat	MODASA	31	GEN	PARMAR DILIPSINH VAKHATSINH	M	59	BJP	2	GEN	66021	216158	164254	40.19	60167	36.63	75.99	6	2.22	TRUE	5	BJP	1605	MODASA	TRUE	TRUE	4	FALSE	TRUE	TRUE	no	AEGJ8468	National Party	1605	Graduate	Other				State Assembly Election (AE)
12	2012	12	4	0	Arvalli	North Gujarat	BAYAD	32	GEN	VAGHELA MAHENDRASINH SHANKARSINH	M	48	INC	1	GEN	74646	200799	153695	48.57	35923	23.37	76.54	6	2.94	TRUE	3	INC	3482	MEGHRAJ	FALSE	TRUE	2	FALSE	TRUE	TRUE	no	AEGJ13031	National Party	3482						State Assembly Election (AE)
12	2012	12	4	0	Arvalli	North Gujarat	BAYAD	32	GEN	JHALA UDESINH PUJAJI	M	71	BJP	2	GEN	38723	200799	153695	25.19	9864	6.42	76.54	6	2.94	TRUE	1						0	FALSE	FALSE	FALSE	no	AEGJ13030	National Party	1605						State Assembly Election (AE)
12	2012	12	4	0	Sabarkantha	North Gujarat	PRANTIJ	33	GEN	BARAIYA MAHENDRASINH KACHARSINH ( ADVOCATE )	M	38	INC	1	GEN	76097	211715	159041	47.85	7014	4.41	75.12	10	2.38	TRUE	1						1	FALSE	FALSE	FALSE	no	AEGJ13036	National Party	3482	Graduate Professional	Liberal Profession or Professional	Lawyer	Agriculture		State Assembly Election (AE)
12	2012	12	4	0	Sabarkantha	North Gujarat	PRANTIJ	33	GEN	CHAUHAN JAYSINHJI MANSINHJI	M	60	BJP	2	GEN	69083	211715	159041	43.44	63202	39.74	75.12	10	2.38	TRUE	2	BJP	1605	PRANTIJ	TRUE	TRUE	1	FALSE	TRUE	TRUE	no	AEGJ12287	National Party	1605	Graduate Professional	Other				State Assembly Election (AE)
12	2012	12	4	0	Gandhinagar	North Gujarat	DEHGAM	34	GEN	RATHOD KAMINIBA BHUPENDRASINH	F	34	INC	1	GEN	61043	174202	128510	47.5	2297	1.79	73.77	7	2.27	TRUE	1						1	FALSE	FALSE	FALSE	no	AEGJ324	National Party	3482	12th Pass	Other	Household			State Assembly Election (AE)
12	2012	12	4	0	Gandhinagar	North Gujarat	DEHGAM	34	GEN	THAKOR ROHITJI CHANDUJI	M	47	BJP	2	GEN	58746	174202	128510	45.71	54547	42.45	73.77	7	2.27	TRUE	1						0	FALSE	FALSE	FALSE	no	AEGJ13042	National Party	1605	12th Pass	Other				State Assembly Election (AE)
12	2012	12	4	0	Gandhinagar	North Gujarat	GANDHINAGAR SOUTH	35	GEN	THAKOR SHAMBHUJI CHELAJI	M	62	BJP	1	GEN	87999	241907	177643	49.54	8011	4.51	73.43	7	2.22	TRUE	2	BJP	1605	GANDHINAGAR	FALSE	TRUE	2	FALSE	TRUE	TRUE	no	AEGJ12104	National Party	1605	Graduate Professional	Other				State Assembly Election (AE)
12	2012	12	4	0	Gandhinagar	North Gujarat	GANDHINAGAR SOUTH	35	GEN	THAKOR JUGAJI NATHAJI	M	58	INC	2	GEN	79988	241907	177643	45.03	76030	42.8	73.43	7	2.22	TRUE	1						0	FALSE	FALSE	FALSE	no	AEGJ13054	National Party	3482	5th Pass	Agriculture				State Assembly Election (AE)
12	2012	12	4	0	Gandhinagar	North Gujarat	GANDHINAGAR NORTH	36	GEN	ASHOKKUMAR RANCHHODBHAI PATEL	M	51	BJP	1	GEN	73551	203934	149432	49.22	4225	2.83	73.27	8	2.17	TRUE	1						1	FALSE	FALSE	FALSE	no	AEGJ13060	National Party	1605	12th Pass	Business	Real Estate or Builder or Developer or Construction			State Assembly Election (AE)
12	2012	12	4	0	Gandhinagar	North Gujarat	GANDHINAGAR NORTH	36	GEN	SURESHKUMAR CHATURDAS PATEL	M	60	INC	2	GEN	69326	203934	149432	46.39	67090	44.9	73.27	8	2.17	TRUE	4	INC	3482	KALOL	FALSE	TRUE	2	FALSE	TRUE	TRUE	no	AEGJ13062	National Party	3482	12th Pass	Other				State Assembly Election (AE)
12	2012	12	4	0	Gandhinagar	North Gujarat	MANSA	37	GEN	CHAUDHARI AMITBHAI HARISINGBHAI	M	31	INC	1	GEN	78068	192714	155449	50.22	8028	5.16	80.66	7	2.22	TRUE	1						1	FALSE	FALSE	FALSE	no	AEGJ13067	National Party	3482	Graduate	Business		Agriculture		State Assembly Election (AE)
12	2012	12	4	0	Gandhinagar	North Gujarat	MANSA	37	GEN	D.D. PATEL	M	56	BJP	2	GEN	70040	192714	155449	45.06	66824	42.99	80.66	7	2.22	TRUE	1						0	FALSE	FALSE	FALSE	no	AEGJ13064	National Party	1605	Others	Other				State Assembly Election (AE)
12	2012	12	4	0	Gandhinagar	North Gujarat	KALOL	38	GEN	THAKOR BALDEVJI CHANDUJI	M	51	INC	1	GEN	64757	187273	143097	45.25	343	0.24	76.41	14	2.5	TRUE	3	INC	3482	KADI	FALSE	TRUE	2	FALSE	FALSE	TRUE	no	AEGJ10995	National Party	3482						State Assembly Election (AE)
12	2012	12	4	0	Gandhinagar	North Gujarat	KALOL	38	GEN	DR. ATULBHAI KALIDAS PATEL	M	61	BJP	2	GEN	64414	187273	143097	45.01	58828	41.11	76.41	14	2.5	TRUE	2	BJP	1605	KALOL	TRUE	TRUE	1	FALSE	FALSE	FALSE	no	AEGJ10988	National Party	1605						State Assembly Election (AE)
12	2012	12	4	0	Ahmedabad	North Gujarat	VIRAMGAM	39	GEN	TEJASHREEBEN DILIPKUMAR PATEL	F	48	INC	1	GEN	84930	241217	160985	52.76	16983	10.55	66.74	5	2.17	TRUE	2	INC	3482	MANDAL	FALSE	TRUE	1	FALSE	FALSE	TRUE	no	AEGJ11960	National Party	3482						State Assembly Election (AE)
12	2012	12	4	0	Ahmedabad	North Gujarat	VIRAMGAM	39	GEN	PRAGJIBHAI NARANBHAI PATEL	M	60	BJP	2	GEN	67947	241217	160985	42.21	63904	39.7	66.74	5	2.17	TRUE	3	BJP	1605	MANDAL	FALSE	TRUE	2	FALSE	TRUE	TRUE	no	AEGJ10874	National Party	1605						State Assembly Election (AE)
12	2012	12	4	0	Ahmedabad	North Gujarat	SANAND	40	GEN	KARAMSIBHAI VIRJIBHAI PATEL	M	57	INC	1	GEN	73453	207337	153772	47.77	4148	2.7	74.17	8	2.33	TRUE	1						1	FALSE	FALSE	FALSE	no	AEGJ13093	National Party	3482						State Assembly Election (AE)
12	2012	12	4	0	Ahmedabad	North Gujarat	SANAND	40	GEN	KAMABHAI GAGJIBHAI RATHOD	M	46	BJP	2	GEN	69305	207337	153772	45.07	64976	42.25	74.17	8	2.33	TRUE	2	BJP	1605	VIRAMGAM	FALSE	TRUE	1	FALSE	TRUE	TRUE	no	AEGJ13090	National Party	1605						State Assembly Election (AE)
12	2012	12	4	0	Ahmedabad	North Gujarat	GHATLODIA	41	GEN	ANANDIBEN MAFATBHAI PATEL	F	71	BJP	1	GEN	154599	286157	207476	74.51	110395	53.21	72.5	9	1.64	TRUE	4	BJP	1605	PATAN	FALSE	TRUE	4	FALSE	TRUE	TRUE	no	AEGJ11043	National Party	1605	Post Graduate	Other				State Assembly Election (AE)
12	2012	12	4	0	Ahmedabad	North Gujarat	GHATLODIA	41	GEN	RAMESHBHAI PRAHLADBHAI PATEL (DUDHWALA)	M	60	INC	2	GEN	44204	286157	207476	21.31	41375	19.94	72.5	9	1.64	TRUE	1						0	FALSE	FALSE	FALSE	no	AEGJ13102	National Party	3482	Graduate	Business	Real Estate or Builder or Developer or Construction			State Assembly Election (AE)
12	2012	12	4	0	Ahmedabad	North Gujarat	VEJALPUR	42	GEN	CHAUHAN KISHORSINH BABULAL (KISHOR CHAUHAN)	M	54	BJP	1	GEN	113507	273428	194988	58.21	40985	21.02	71.31	14	2.08	TRUE	1						1	FALSE	FALSE	FALSE	no	AEGJ13114	National Party	1605	10th Pass	Business	Real Estate or Builder or Developer or Construction			State Assembly Election (AE)
12	2012	12	4	0	Ahmedabad	North Gujarat	VEJALPUR	42	GEN	PATHAN MURTUJAKHAN AKBAR KHAN	M	52	INC	2	GEN	72522	273428	194988	37.19	70358	36.08	71.31	14	2.08	TRUE	1						0	FALSE	FALSE	FALSE	no	AEGJ13107	National Party	3482	Graduate	Agriculture				State Assembly Election (AE)
12	2012	12	4	0	Ahmedabad	North Gujarat	VATVA	43	GEN	PRADIPSINH BHAGWATSINH JADEJA	M	50	BJP	1	GEN	95580	230317	159479	59.93	46932	29.43	69.24	15	2.22	TRUE	3	BJP	1605	ASARWA	FALSE	TRUE	3	FALSE	TRUE	TRUE	no	AEGJ10930	National Party	1605	Graduate	Other				State Assembly Election (AE)
12	2012	12	4	0	Ahmedabad	North Gujarat	VATVA	43	GEN	ATULKUMAR RAVJIBHAI PATEL	M	47	INC	2	GEN	48648	230317	159479	30.5	44015	27.6	69.24	15	2.22	TRUE	1						0	FALSE	FALSE	FALSE	no	AEGJ13125	National Party	3482	12th Pass	Agriculture		Social Work		State Assembly Election (AE)
12	2012	12	4	0	Ahmedabad	North Gujarat	ELLIS BRIDGE	44	GEN	SHRI RAKESH SHAH	M	50	BJP	1	GEN	106631	223386	151093	70.57	76672	50.74	67.64	7	1.85	TRUE	2	BJP	1605	ELLIS BRIDGE	TRUE	TRUE	2	FALSE	TRUE	TRUE	no	AEGJ11999	National Party	1605	Graduate	Other				State Assembly Election (AE)
12	2012	12	4	0	Ahmedabad	North Gujarat	ELLIS BRIDGE	44	GEN	KAMLESHKUMAR BABULAL SHAH	M	56	INC	2	GEN	29959	223386	151093	19.83	20884	13.82	67.64	7	1.85	TRUE	1						0	FALSE	FALSE	FALSE	no	AEGJ13138	National Party	3482	Graduate Professional	Other				State Assembly Election (AE)
12	2012	12	4	0	Ahmedabad	North Gujarat	NARANPURA	45	GEN	AMITBHAI ANILCHANDRA SHAH (AMIT SHAH)	M	48	BJP	1	GEN	103988	213865	150160	69.25	63335	42.18	70.21	10	1.82	TRUE	5	BJP	1605	SARKHEJ	FALSE	TRUE	5	FALSE	TRUE	TRUE	no	AEGJ100281	National Party	1605						State Assembly Election (AE)
12	2012	12	4	0	Ahmedabad	North Gujarat	NARANPURA	45	GEN	DR. JITUBHAI B. PATEL	M	52	INC	2	GEN	40653	213865	150160	27.07	39166	26.08	70.21	10	1.82	TRUE	1						0	FALSE	FALSE	FALSE	no	AEGJ13144	National Party	3482						State Assembly Election (AE)
12	2012	12	4	0	Ahmedabad	North Gujarat	NIKOL	46	GEN	PANCHAL JAGDISH ISHWARBHAI	M	39	BJP	1	GEN	88286	212460	143994	61.31	48712	33.83	67.77	14	2.17	TRUE	1						1	FALSE	FALSE	FALSE	no	AEGJ13154	National Party	1605						State Assembly Election (AE)
12	2012	12	4	0	Ahmedabad	North Gujarat	NIKOL	46	GEN	GHORI NARSINHBHAI JAYRAMBHAI	M	56	INC	2	GEN	39574	212460	143994	27.48	34366	23.87	67.77	14	2.17	TRUE	1						0	FALSE	FALSE	FALSE	no	AEGJ13165	National Party	3482	5th Pass	Business				State Assembly Election (AE)
12	2012	12	4	0	Ahmedabad	North Gujarat	NARODA	47	GEN	WADHWANI NIRMALABEN SUNILBHAI	F	48	BJP	1	GEN	96333	222136	145464	66.22	58352	40.11	65.48	8	1.96	TRUE	1						1	FALSE	FALSE	FALSE	no	AEGJ13172	National Party	1605	Graduate Professional	Liberal Profession or Professional	Doctor			State Assembly Election (AE)
12	2012	12	4	0	Ahmedabad	North Gujarat	NARODA	47	GEN	BHARWAD BHAVANBHAI SURABHAI	M	59	INC	2	GEN	37981	222136	145464	26.11	33530	23.05	65.48	8	1.96	TRUE	1						0	FALSE	FALSE	FALSE	no	AEGJ13170	National Party	3482	10th Pass	Business				State Assembly Election (AE)
12	2012	12	4	0	Ahmedabad	North Gujarat	THAKKARBAPA NAGAR	48	GEN	KAKADIYA VALLABHBHAI GOBARBHAI (VALLABHBHAI HIRAWALA)	M	68	BJP	1	GEN	88731	205544	140817	63.01	49251	34.98	68.51	10	2.08	TRUE	2	BJP	1605	RAKHIAL	FALSE	TRUE	2	FALSE	TRUE	TRUE	no	AEGJ12048	National Party	1605						State Assembly Election (AE)
12	2012	12	4	0	Ahmedabad	North Gujarat	THAKKARBAPA NAGAR	48	GEN	GITABEN PRANAVKUMAR PATEL	F	44	INC	2	GEN	39480	205544	140817	28.04	32772	23.27	68.51	10	2.08	TRUE	1						0	FALSE	FALSE	FALSE	no	AEGJ13182	National Party	3482	12th Pass	Other				State Assembly Election (AE)
12	2012	12	4	0	Ahmedabad	North Gujarat	BAPUNAGAR	49	GEN	RAJPUT JAGRUPSINH GIRDANSINH	M	59	BJP	1	GEN	51058	167009	112725	45.29	2603	2.31	67.5	14	2.56	TRUE	1						1	FALSE	FALSE	FALSE	no	AEGJ13187	National Party	1605	Graduate Professional	Liberal Profession or Professional	Lawyer			State Assembly Election (AE)
12	2012	12	4	0	Ahmedabad	North Gujarat	BAPUNAGAR	49	GEN	SHYANI DHIRUBHAI THAKARSHIBHAI (DHIRUBHAI DHUDHWALA)	M	66	INC	2	GEN	48455	167009	112725	42.99	45270	40.16	67.5	14	2.56	TRUE	2	INC	3482	RAKHIAL	FALSE	TRUE	0	FALSE	FALSE	TRUE	no	AEGJ13190	National Party	3482	10th Pass	Business		Agriculture		State Assembly Election (AE)
12	2012	12	4	0	Ahmedabad	North Gujarat	AMRAIWADI	50	GEN	HASMUKHBHAI SOMABHAI PATEL	M	52	BJP	1	GEN	108683	243542	161212	67.42	65425	40.58	66.19	8	1.92	TRUE	1						1	FALSE	FALSE	FALSE	no	AEGJ13201	National Party	1605	Others	Other				State Assembly Election (AE)
12	2012	12	4	0	Ahmedabad	North Gujarat	AMRAIWADI	50	GEN	GADHVI BIPINBHAI GOPALBHAI	M	50	INC	2	GEN	43258	243542	161212	26.83	39613	24.57	66.19	8	1.92	TRUE	1						0	FALSE	FALSE	FALSE	no	AEGJ13199	National Party	3482	Graduate	Business	Real Estate or Builder or Developer or Construction			State Assembly Election (AE)
12	2012	12	4	0	Ahmedabad	North Gujarat	DARIAPUR	51	GEN	GYASUDDIN HABIBUDDIN SHEKH	M	49	INC	1	GEN	60967	175647	123958	49.18	2621	2.11	70.57	16	2.17	TRUE	3	INC	3482	SHAHPUR	FALSE	TRUE	2	FALSE	TRUE	TRUE	no	AEGJ13216	National Party	3482	10th Pass	Business				State Assembly Election (AE)
12	2012	12	4	0	Ahmedabad	North Gujarat	DARIAPUR	51	GEN	BHARAT BAROT	M	62	BJP	2	GEN	58346	175647	123958	47.07	57235	46.17	70.57	16	2.17	TRUE	6	BJP	1605	DARIAPUR-KAZIPUR	FALSE	TRUE	5	FALSE	TRUE	TRUE	no	AEGJ5712	National Party	1605	Graduate	Social Work				State Assembly Election (AE)
12	2012	12	4	0	Ahmedabad	North Gujarat	JAMALPUR-KHADIA	52	GEN	BHATT BHUSHAN ASHOK	M	49	BJP	1	GEN	48058	182446	124398	38.63	6331	5.09	68.18	10	3.12	TRUE	1						1	FALSE	FALSE	FALSE	no	AEGJ13227	National Party	1605						State Assembly Election (AE)
12	2012	12	4	0	Ahmedabad	North Gujarat	JAMALPUR-KHADIA	52	GEN	SAMIRKHAN VAJIRKHAN SIPAI	M	27	INC	2	GEN	41727	182446	124398	33.54	11214	9.01	68.18	10	3.12	TRUE	1						0	FALSE	FALSE	FALSE	no	AEGJ13223	National Party	3482	Graduate Professional	Liberal Profession or Professional	Lawyer			State Assembly Election (AE)
12	2012	12	4	0	Ahmedabad	North Gujarat	MANINAGAR	53	GEN	NARENDRA MODI	M	62	BJP	1	GEN	120470	228078	159807	75.38	86373	54.05	70.07	10	1.61	FALSE	4	BJP	1605	MANINAGAR	TRUE	TRUE	4	FALSE	TRUE	TRUE	no	AEGJ100373	National Party	1605	Post Graduate	Politics	Party Worker	Social Work		State Assembly Election (AE)
12	2012	12	4	0	Ahmedabad	North Gujarat	MANINAGAR	53	GEN	BHATT SHWETA SANJIV	F	48	INC	2	GEN	34097	228078	159807	21.34	32609	20.41	70.07	10	1.61	FALSE	1						0	FALSE	FALSE	FALSE	no	AEGJ13237	National Party	3482	Graduate Professional	Other				State Assembly Election (AE)
12	2012	12	4	0	Ahmedabad	North Gujarat	DANILIMDA	54	SC	SHAILESH MANUBHAI PARMAR	M	42	INC	1	SC	73573	201451	137841	53.38	14301	10.37	68.42	8	2.17	TRUE	1						1	FALSE	FALSE	FALSE	no	AEGJ13250	National Party	3482	Graduate Professional	Business	Real Estate or Builder or Developer or Construction	Agriculture		State Assembly Election (AE)
12	2012	12	4	0	Ahmedabad	North Gujarat	DANILIMDA	54	SC	GIRISH PARMAR	M	57	BJP	2	SC	59272	201451	137841	43	57759	41.9	68.42	8	2.17	TRUE	1						0	FALSE	FALSE	FALSE	no	AEGJ13244	National Party	1605	Graduate	Other				State Assembly Election (AE)
12	2012	12	4	0	Ahmedabad	North Gujarat	SABARMATI	55	GEN	ARVINDKUMAR GANDALAL PATEL (ARVIND DALAL)	M	58	BJP	1	GEN	107036	215978	151819	70.5	67583	44.52	70.29	5	1.75	TRUE	1						1	FALSE	FALSE	FALSE	no	AEGJ13252	National Party	1605	10th Pass	Other				State Assembly Election (AE)
12	2012	12	4	0	Ahmedabad	North Gujarat	SABARMATI	55	GEN	BHARATKUMAR GOVINDLAL PATEL (BHARAT VAKIL)	M	49	INC	2	GEN	39453	215978	151819	25.99	37510	24.71	70.29	5	1.75	TRUE	1						0	FALSE	FALSE	FALSE	no	AEGJ13253	National Party	3482	Graduate Professional	Liberal Profession or Professional	Lawyer			State Assembly Election (AE)
12	2012	12	4	0	Ahmedabad	North Gujarat	ASARWA	56	SC	RAJANIKANT MOHANLAL PATEL (R.M. PATEL)	M	59	BJP	1	SC	76829	184767	125263	61.33	35045	27.98	67.8	8	2.04	TRUE	1						1	FALSE	FALSE	FALSE	no	AEGJ13258	National Party	1605	Post Graduate	Other				State Assembly Election (AE)
12	2012	12	4	0	Ahmedabad	North Gujarat	ASARWA	56	SC	SURAJKAR MANGALBHAI HIRABHAI (MANGAL SURAJKAR)	M	58	INC	2	SC	41784	184767	125263	33.36	39839	31.8	67.8	8	2.04	TRUE	1						0	FALSE	FALSE	FALSE	no	AEGJ13259	National Party	3482	Post Graduate	Small Business or Self-employed				State Assembly Election (AE)
12	2012	12	4	0	Ahmedabad	North Gujarat	DASKROI	57	GEN	BABUBHAI JAMNADAS PATEL	M	64	BJP	1	GEN	95813	242147	173918	55.09	37633	21.64	71.82	12	2.44	TRUE	3	BJP	1605	DASKROI	TRUE	TRUE	3	FALSE	TRUE	TRUE	no	AEGJ10890	National Party	1605	10th Pass	Agriculture		Social Work		State Assembly Election (AE)
12	2012	12	4	0	Ahmedabad	North Gujarat	DASKROI	57	GEN	BARAIYA LAXMANBHAI AMBALAL	M	57	INC	2	GEN	58180	242147	173918	33.45	50817	29.22	71.82	12	2.44	TRUE	1						0	FALSE	FALSE	FALSE	no	AEGJ13275	National Party	3482	5th Pass	Agriculture				State Assembly Election (AE)
12	2012	12	4	0	Ahmedabad	North Gujarat	DHOLKA	58	GEN	CHUDASAMA BHUPENDRASINH MANUBHA	M	63	BJP	1	GEN	75242	203760	144273	52.15	18845	13.06	70.81	9	2.38	TRUE	8	BJP	1605	DHOLKA	TRUE	TRUE	4	FALSE	FALSE	TRUE	no	AEGJ5587	National Party	1605	Graduate Professional	Agriculture				State Assembly Election (AE)
12	2012	12	4	0	Ahmedabad	North Gujarat	DHOLKA	58	GEN	CHAVDA PRADYUMANSINH PRATAPBHAI	M	28	INC	2	GEN	56397	203760	144273	39.09	52769	36.58	70.81	9	2.38	TRUE	1						0	FALSE	FALSE	FALSE	no	AEGJ13277	National Party	3482	12th Pass	Agriculture				State Assembly Election (AE)
12	2012	12	4	0	Ahmedabad	North Gujarat	DHANDHUKA	59	GEN	LALJIBHAI CHATURBHAI KOLIPATEL	M	57	BJP	1	GEN	77573	214334	138362	56.07	28277	20.44	64.55	9	2.27	TRUE	2	INC	3482	LIMBDI	FALSE	FALSE	1	TRUE	FALSE	FALSE	no	AEGJ13289	National Party	1605	Literate	Business	Real Estate or Builder or Developer or Construction	Agriculture		State Assembly Election (AE)
12	2012	12	4	0	Ahmedabad	North Gujarat	DHANDHUKA	59	GEN	M.M. SHAH	M	67	INC	2	GEN	49296	214334	138362	35.63	44629	32.26	64.55	9	2.27	TRUE	1						0	FALSE	FALSE	FALSE	no	AEGJ13290	National Party	3482	Graduate	Other				State Assembly Election (AE)
12	2012	12	4	0	Surendranagar	Saurashtra-Kutch	DASADA	60	SC	MAKWANA PUNAMBHAI KALABHAI	M	56	BJP	1	SC	65404	204887	133047	49.16	10640	8	64.94	7	2.44	TRUE	1						1	FALSE	FALSE	FALSE	no	AEGJ13294	National Party	1605	Graduate	Other				State Assembly Election (AE)
12	2012	12	4	0	Surendranagar	Saurashtra-Kutch	DASADA	60	SC	MANHARLAL MAGANLAL MAKWANA	M	53	INC	2	SC	54764	204887	133047	41.16	51094	38.4	64.94	7	2.44	TRUE	3	INC	3482	DASADA	TRUE	TRUE	1	FALSE	FALSE	TRUE	no	AEGJ10500	National Party	3482	12th Pass	Business		Agriculture		State Assembly Election (AE)
12	2012	12	4	0	Surendranagar	Saurashtra-Kutch	LIMBDI	61	GEN	SOMABHAI GANDALAL KOLIPATEL	M	72	INC	1	GEN	72203	226369	158180	45.65	1561	0.99	69.88	13	2.44	FALSE	1						1	FALSE	FALSE	FALSE	no	GEGJ37222	National Party	3482	5th Pass	Agriculture				State Assembly Election (AE)
12	2012	12	4	0	Surendranagar	Saurashtra-Kutch	LIMBDI	61	GEN	KIRITSINH JITUBHA RANA	M	48	BJP	2	GEN	70642	226369	158180	44.66	65539	41.43	69.88	13	2.44	FALSE	5	BJP	1605	LIMBDI	TRUE	TRUE	3	FALSE	TRUE	TRUE	no	AEGJ6903	National Party	1605	10th Pass	Agriculture				State Assembly Election (AE)
12	2012	12	4	0	Surendranagar	Saurashtra-Kutch	WADHWAN	62	GEN	DOSHI VARSHABEN NARENDRABHAI	F	52	BJP	1	GEN	83049	231001	161617	51.39	17558	10.86	69.96	13	2.38	TRUE	2	BJP	1605	WADHWAN	TRUE	TRUE	2	FALSE	TRUE	TRUE	no	AEGJ11527	National Party	1605	Graduate	Education	Principal or Administrator			State Assembly Election (AE)
12	2012	12	4	0	Surendranagar	Saurashtra-Kutch	WADHWAN	62	GEN	VYAS HIMANSHU CHIMANLAL	M	51	INC	2	GEN	65491	231001	161617	40.52	62411	38.62	69.96	13	2.38	TRUE	2	INC	3482	WADHWAN	TRUE	TRUE	0	FALSE	FALSE	TRUE	no	AEGJ11528	National Party	3482	Post Graduate	Other				State Assembly Election (AE)
12	2012	12	4	0	Surendranagar	Saurashtra-Kutch	CHOTILA	63	GEN	SHAMJIBHAI BHIMJIBHAI CHAUHAN	M	52	BJP	1	GEN	72111	200359	143834	50.13	11972	8.32	71.79	6	2.38	TRUE	5	IND	10809	CHOTILA	TRUE	FALSE	1	FALSE	FALSE	FALSE	no	AEGJ11545	National Party	1605	10th Pass	Business				State Assembly Election (AE)
12	2012	12	4	0	Surendranagar	Saurashtra-Kutch	CHOTILA	63	GEN	FATEPARA DEVJIBHAI GOVINDBHAI	M	53	INC	2	GEN	60139	200359	143834	41.81	55889	38.86	71.79	6	2.38	TRUE	3	INC	3482	HALVAD	FALSE	TRUE	1	FALSE	TRUE	TRUE	no	AEGJ13327	National Party	3482	Literate	Business	Real Estate or Builder or Developer or Construction	Agriculture		State Assembly Election (AE)
12	2012	12	4	0	Surendranagar	Saurashtra-Kutch	DHRANGADHRA	64	GEN	KAVADIA JAYANTIBHAI RAMJIBHAI	M	52	BJP	1	GEN	87621	243687	184040	47.61	17403	9.46	75.52	13	2.63	TRUE	5	BJP	1605	HALVAD	FALSE	TRUE	4	FALSE	FALSE	TRUE	no	AEGJ13333	National Party	1605	Literate	Small Business or Self-employed		Agriculture		State Assembly Election (AE)
12	2012	12	4	0	Surendranagar	Saurashtra-Kutch	DHRANGADHRA	64	GEN	JAYESHBHAI HARILAL PATEL	M	36	INC	2	GEN	70218	243687	184040	38.15	57307	31.14	75.52	13	2.63	TRUE	1						0	FALSE	FALSE	FALSE	no	AEGJ13338	National Party	3482	12th Pass	Other				State Assembly Election (AE)
12	2012	12	4	0	Morbi	Saurashtra-Kutch	MORVI	65	GEN	AMRUTIYA KANTILAL SHIVABHAI	M	50	BJP	1	GEN	77386	219462	161173	48.01	2760	1.71	73.44	8	2.27	TRUE	5	BJP	1605	MORVI	TRUE	TRUE	5	FALSE	TRUE	TRUE	no	AEGJ1540	National Party	1605	12th Pass	Business				State Assembly Election (AE)
12	2012	12	4	0	Morbi	Saurashtra-Kutch	MORVI	65	GEN	BRIJESH MERJA	M	54	INC	2	GEN	74626	219462	161173	46.3	72066	44.71	73.44	8	2.27	TRUE	2	INC	3482	TANKARA	FALSE	TRUE	0	FALSE	FALSE	TRUE	no	AEGJ1541	National Party	3482	Graduate	Business		Agriculture		State Assembly Election (AE)
12	2012	12	4	0	Morbi	Saurashtra-Kutch	TANKARA	66	GEN	KUNDARIYA MOHANBHAI KALYANJIBHAI	M	61	BJP	1	GEN	63630	196679	149985	42.42	15407	10.27	76.26	13	3.33	FALSE	5	BJP	1605	TANKARA	TRUE	TRUE	5	FALSE	TRUE	TRUE	no	AEGJ6979	National Party	1605						State Assembly Election (AE)
12	2012	12	4	0	Morbi	Saurashtra-Kutch	TANKARA	66	GEN	VADAVIYA MAGANBHAI DHANJIBHAI	M	52	INC	2	GEN	48223	196679	149985	32.15	32477	21.65	76.26	13	3.33	FALSE	1						0	FALSE	FALSE	FALSE	no	AEGJ13357	National Party	3482	10th Pass	Agriculture		Social Work		State Assembly Election (AE)
12	2012	12	4	0	Morbi	Saurashtra-Kutch	WANKANER	67	GEN	PEERZADA MAHMAD JAVID ABDUL MUTLEEB	M	64	INC	1	GEN	59038	204605	151710	38.92	5311	3.5	74.15	8	3.12	TRUE	3	INC	3482	WANKANER	TRUE	TRUE	2	FALSE	TRUE	TRUE	no	AEGJ10561	National Party	3482	Graduate Professional	Retired or Pension				State Assembly Election (AE)
12	2012	12	4	0	Morbi	Saurashtra-Kutch	WANKANER	67	GEN	SOMANI JITENDRABHAI KANTILAL (JITU SOMANI)	M	54	BJP	2	GEN	53727	204605	151710	35.41	23408	15.43	74.15	8	3.12	TRUE	2	IND	10809	WANKANER	TRUE	FALSE	0	FALSE	FALSE	FALSE	no	AEGJ9439	National Party	1605	5th Pass	Business				State Assembly Election (AE)
12	2012	12	4	0	Rajkot	Saurashtra-Kutch	RAJKOT EAST	68	GEN	RAJGURU INDRANIL SANJAYBHAI	M	46	INC	1	GEN	60877	210217	145037	41.97	4272	2.95	68.99	7	2.86	TRUE	1						1	FALSE	FALSE	FALSE	no	AEGJ13377	National Party	3482	12th Pass	Other				State Assembly Election (AE)
12	2012	12	4	0	Rajkot	Saurashtra-Kutch	RAJKOT EAST	68	GEN	SHUKLA KASHYAP CHIMANBHAI	M	49	BJP	2	GEN	56605	210217	145037	39.03	36602	25.24	68.99	7	2.86	TRUE	1						0	FALSE	FALSE	FALSE	no	AEGJ13375	National Party	1605	Graduate Professional	Liberal Profession or Professional	Lawyer	Social Work		State Assembly Election (AE)
12	2012	12	4	0	Rajkot	Saurashtra-Kutch	RAJKOT WEST	69	GEN	VAJUBHAI RUDABHAI VALA	M	74	BJP	1	GEN	90405	262484	166891	54.17	24978	14.97	63.58	13	2.27	FALSE	8	BJP	1605	RAJKOT-II	FALSE	TRUE	7	FALSE	TRUE	TRUE	no	AEGJ2892	National Party	1605	Graduate Professional	Social Work				State Assembly Election (AE)
12	2012	12	4	0	Rajkot	Saurashtra-Kutch	RAJKOT WEST	69	GEN	ATUL RASIKBHAI RAJANI	M	41	INC	2	GEN	65427	262484	166891	39.2	60233	36.09	63.58	13	2.27	FALSE	1						0	FALSE	FALSE	FALSE	no	AEGJ13390	National Party	3482	10th Pass	Liberal Profession or Professional	Journalist or Editor			State Assembly Election (AE)
12	2012	12	4	0	Rajkot	Saurashtra-Kutch	RAJKOT SOUTH	70	GEN	GOVIND PATEL	M	62	BJP	1	GEN	77308	211819	136857	56.49	28477	20.81	64.61	5	2.22	TRUE	3	BJP	1605	RAJKOT-I	FALSE	TRUE	2	FALSE	TRUE	TRUE	no	AEGJ13397	National Party	1605	Graduate	Business		Agriculture		State Assembly Election (AE)
12	2012	12	4	0	Rajkot	Saurashtra-Kutch	RAJKOT SOUTH	70	GEN	DONGA MITUL HIMATBHAI	M	35	INC	2	GEN	48831	211819	136857	35.68	40421	29.54	64.61	5	2.22	TRUE	1						0	FALSE	FALSE	FALSE	no	AEGJ1751	National Party	3482	Post Graduate	Salaried Work or Employed	Qualified Professional	Agriculture		State Assembly Election (AE)
12	2012	12	4	0	Rajkot	Saurashtra-Kutch	RAJKOT RURAL	71	SC	BHANUBEN MANOHARBHAI BABARIYA	F	37	BJP	1	SC	57753	224209	149564	38.61	11466	7.67	66.71	8	3.23	TRUE	2	BJP	1605	RAJKOT RURAL	TRUE	TRUE	2	FALSE	TRUE	TRUE	no	AEGJ11617	National Party	1605	Graduate	Social Work				State Assembly Election (AE)
12	2012	12	4	0	Rajkot	Saurashtra-Kutch	RAJKOT RURAL	71	SC	SAGATHIYA LAKHABHAI JETHABHAI	M	44	INC	2	SC	46287	224209	149564	30.95	9841	6.58	66.71	8	3.23	TRUE	1						0	FALSE	FALSE	FALSE	no	AEGJ13401	National Party	3482	8th Pass	Business		Agriculture		State Assembly Election (AE)
12	2012	12	4	0	Rajkot	Saurashtra-Kutch	JASDAN	72	GEN	GOHEL BHOLABHAI BHIKHABHAI	M	37	INC	1	GEN	78055	202511	164403	47.48	10847	6.6	81.18	16	2.5	TRUE	1						1	FALSE	FALSE	FALSE	no	AEGJ13409	National Party	3482						State Assembly Election (AE)
12	2012	12	4	0	Rajkot	Saurashtra-Kutch	JASDAN	72	GEN	DR. BHARATBHAI KHODABHAI BOGHRA	M	33	BJP	2	GEN	67208	202511	164403	40.88	60180	36.61	81.18	16	2.5	TRUE	1						0	FALSE	FALSE	FALSE	no	AEGJ13421	National Party	1605						State Assembly Election (AE)
12	2012	12	4	0	Rajkot	Saurashtra-Kutch	GONDAL	73	GEN	JADEJA JAYRAJSINH TEMUBHA	M	49	BJP	1	GEN	79709	193002	148315	53.74	19766	13.33	76.85	6	2.22	TRUE	4	BJP	1605	GONDAL	TRUE	TRUE	3	FALSE	FALSE	TRUE	no	AEGJ9468	National Party	1605	12th Pass	Agriculture				State Assembly Election (AE)
12	2012	12	4	0	Rajkot	Saurashtra-Kutch	GONDAL	73	GEN	ZADAFIA GORDHANBHAI PRAGAJIBHAI	M	58	GPP	2	GEN	59943	193002	148315	40.42	56424	38.04	76.85	6	2.22	TRUE	3	BJP	1605	RAKHIAL	FALSE	FALSE	2	TRUE	FALSE	FALSE	no	AEGJ7972	Local Party	3167	Post Graduate	Politics	Party Worker	Social Work		State Assembly Election (AE)
12	2012	12	4	0	Rajkot	Saurashtra-Kutch	JETPUR	74	GEN	RADADIYA JAYESHBHAI VITTHALBHAI	M	30	INC	1	GEN	85827	231237	169938	50.5	18033	10.61	73.49	19	2.38	FALSE	2	INC	3482	RAJKOT-I	FALSE	TRUE	1	FALSE	FALSE	TRUE	no	AEGJ13442	National Party	3482	Graduate Professional	Agriculture		Social Work		State Assembly Election (AE)
12	2012	12	4	0	Rajkot	Saurashtra-Kutch	JETPUR	74	GEN	KORAT JASHUBEN SAVJIBHAI	F	54	BJP	2	GEN	67794	231237	169938	39.89	65238	38.39	73.49	19	2.38	FALSE	3	BJP	1605	JETPUR	TRUE	TRUE	2	FALSE	TRUE	TRUE	no	AEGJ10601	National Party	1605	10th Pass	Agriculture				State Assembly Election (AE)
12	2012	12	4	0	Rajkot	Saurashtra-Kutch	DHORAJI	75	GEN	RADADIYA VITHALBHAI HANSRAJBHAI	M	54	INC	1	GEN	76189	231498	163974	46.46	2943	1.79	70.83	17	2.38	FALSE	6	INC	3482	DHORAJI	TRUE	TRUE	6	FALSE	FALSE	FALSE	no	AEGJ5155	National Party	3482	Graduate	Agriculture		Social Work		State Assembly Election (AE)
12	2012	12	4	0	Rajkot	Saurashtra-Kutch	DHORAJI	75	GEN	HARILAL MADHAVJIBHAI PATEL	M	59	BJP	2	GEN	73246	231498	163974	44.67	70752	43.15	70.83	17	2.38	FALSE	1						0	FALSE	FALSE	FALSE	no	AEGJ13458	National Party	1605	8th Pass	Agriculture				State Assembly Election (AE)
12	2012	12	4	0	Jamnagar	Saurashtra-Kutch	KALAWAD	76	SC	CHAVDA MEGHJIBHAI AMARABHAI	M	50	BJP	1	SC	49027	194894	134420	36.47	6119	4.55	68.97	7	3.45	TRUE	1						1	FALSE	FALSE	FALSE	no	AEGJ13467	National Party	1605	Graduate	Agriculture				State Assembly Election (AE)
12	2012	12	4	0	Jamnagar	Saurashtra-Kutch	KALAWAD	76	SC	PARMAR DINESHBHAI RUDABHAI  (DR. DINESH  PARMAR)	M	69	INC	2	SC	42908	194894	134420	31.92	9490	7.06	68.97	7	3.45	TRUE	6	INC	3482	JAMNAGAR RURAL	FALSE	TRUE	3	FALSE	FALSE	TRUE	no	AEGJ7172	National Party	3482	Graduate Professional	Liberal Profession or Professional	Doctor	Social Work		State Assembly Election (AE)
12	2012	12	4	0	Jamnagar	Saurashtra-Kutch	JAMNAGAR RURAL	77	GEN	RAGHAVJIBHAI HANSRAJBHAI PATEL	M	53	INC	1	GEN	60499	186173	135167	44.76	3304	2.44	72.6	16	2.63	TRUE	7	INC	3482	JODIYA	FALSE	TRUE	4	FALSE	TRUE	TRUE	no	AEGJ13474	National Party	3482						State Assembly Election (AE)
12	2012	12	4	0	Jamnagar	Saurashtra-Kutch	JAMNAGAR RURAL	77	GEN	FALDU RANCHHODBHAI CHANABHAI (R.C. FALDU)	M	54	BJP	2	GEN	57195	186173	135167	42.31	52320	38.71	72.6	16	2.63	TRUE	4	BJP	1605	KALAWAD	FALSE	TRUE	3	FALSE	TRUE	TRUE	no	AEGJ13482	National Party	1605						State Assembly Election (AE)
12	2012	12	4	0	Jamnagar	Saurashtra-Kutch	JAMNAGAR NORTH	78	GEN	JADEJA DHARMENDRASINH MERUBHA (HAKUBHA JADEJA)	M	40	INC	1	GEN	61642	182733	121977	50.54	9448	7.75	66.75	13	2.27	TRUE	1						1	FALSE	FALSE	FALSE	no	AEGJ13492	National Party	3482						State Assembly Election (AE)
12	2012	12	4	0	Jamnagar	Saurashtra-Kutch	JAMNAGAR NORTH	78	GEN	BERA MULUBHAI HARDASBHAI	M	47	BJP	2	GEN	52194	182733	121977	42.79	49897	40.91	66.75	13	2.27	TRUE	6	BJP	1605	BHANVAD	FALSE	TRUE	4	FALSE	TRUE	TRUE	no	AEGJ7214	National Party	1605						State Assembly Election (AE)
12	2012	12	4	0	Jamnagar	Saurashtra-Kutch	JAMNAGAR SOUTH	79	GEN	TRIVEDI VASUBEN NARENDRABHAI	F	63	BJP	1	GEN	55894	184141	121079	46.16	2862	2.36	65.75	14	2.5	TRUE	3	BJP	1605	JAMNAGAR	FALSE	TRUE	3	FALSE	TRUE	TRUE	no	AEGJ10628	National Party	1605	Post Graduate	Other				State Assembly Election (AE)
12	2012	12	4	0	Jamnagar	Saurashtra-Kutch	JAMNAGAR SOUTH	79	GEN	LAL JITENDRA HARIDAS (JITU LAL)	M	44	INC	2	GEN	53032	184141	121079	43.8	47285	39.05	65.75	14	2.5	TRUE	2	INC	3482	JAMNAGAR	FALSE	TRUE	0	FALSE	FALSE	TRUE	no	AEGJ11661	National Party	3482	Graduate Professional	Agriculture				State Assembly Election (AE)
12	2012	12	4	0	Jamnagar	Saurashtra-Kutch	JAMJODHPUR	80	GEN	SHAPRIYA CHIMANBHAI DHARAMSHIBHAI	M	57	BJP	1	GEN	75395	180661	135969	55.45	28191	20.73	75.26	10	2.33	TRUE	5	BJP	1605	JAMJODHPUR	TRUE	TRUE	4	FALSE	FALSE	TRUE	no	AEGJ7198	National Party	1605	Graduate	Business		Agriculture		State Assembly Election (AE)
12	2012	12	4	0	Jamnagar	Saurashtra-Kutch	JAMJODHPUR	80	GEN	AHIR HARDAS KARSHAN KHAVA	M	59	INC	2	GEN	47204	180661	135969	34.72	40677	29.92	75.26	10	2.33	TRUE	1						0	FALSE	FALSE	FALSE	no	AEGJ13519	National Party	3482	8th Pass	Business		Agriculture		State Assembly Election (AE)
12	2012	12	4	0	Devbhumi Dwarka	Saurashtra-Kutch	KHAMBHALIA	81	GEN	POONAMBEN HEMATBHAI MADAM	F	38	BJP	1	GEN	79087	230992	157764	50.13	38382	24.33	68.3	17	3.03	FALSE	1						1	FALSE	FALSE	FALSE	no	AEGJ13530	National Party	1605	Graduate	Business		Agriculture		State Assembly Election (AE)
12	2012	12	4	0	Devbhumi Dwarka	Saurashtra-Kutch	KHAMBHALIA	81	GEN	AHIR EBHA KARSAN KARMUR	M	49	INC	2	GEN	40705	230992	157764	25.8	24940	15.81	68.3	17	3.03	FALSE	1						0	FALSE	FALSE	FALSE	no	AEGJ13532	National Party	3482	Graduate	Agriculture				State Assembly Election (AE)
12	2012	12	4	0	Devbhumi Dwarka	Saurashtra-Kutch	DWARKA	82	GEN	PABUBHA VIRAMBHA MANEK	M	56	BJP	1	GEN	70062	224030	148349	47.23	5616	3.79	66.22	16	2.44	TRUE	6	BJP	1605	DWARKA	TRUE	TRUE	6	FALSE	TRUE	TRUE	no	AEGJ531	National Party	1605	Literate	Business	Transport			State Assembly Election (AE)
12	2012	12	4	0	Devbhumi Dwarka	Saurashtra-Kutch	DWARKA	82	GEN	AHIR KANDORIYA MULUBHAI RANMALBHAI	M	54	INC	2	GEN	64446	224030	148349	43.44	60409	40.72	66.22	16	2.44	TRUE	1						0	FALSE	FALSE	FALSE	no	AEGJ13554	National Party	3482	Graduate	Agriculture				State Assembly Election (AE)
12	2012	12	4	0	Porbandar	Saurashtra-Kutch	PORBANDAR	83	GEN	BABUBHAI BHIMABHAI BOKHIRIA	M	59	BJP	1	GEN	77604	212580	145957	53.17	17146	11.75	68.66	8	2.22	TRUE	4	BJP	1605	PORBANDAR	TRUE	TRUE	3	FALSE	FALSE	FALSE	no	AEGJ7267	National Party	1605	Graduate	Business	Real Estate or Builder or Developer or Construction	Agriculture		State Assembly Election (AE)
12	2012	12	4	0	Porbandar	Saurashtra-Kutch	PORBANDAR	83	GEN	ARJUNBHAI DEVABHAI MODHAVADIYA	M	56	INC	2	GEN	60458	212580	145957	41.42	58225	39.89	68.66	8	2.22	TRUE	4	INC	3482	PORBANDAR	TRUE	TRUE	2	FALSE	TRUE	TRUE	no	AEGJ9560	National Party	3482	Graduate Professional	Agriculture		Social Work		State Assembly Election (AE)
12	2012	12	4	0	Porbandar	Saurashtra-Kutch	KUTIYANA	84	GEN	KANDHAL SARMANBHAI JADEJA	M	40	NCP	1	GEN	61416	178111	115272	53.28	18474	16.03	64.72	12	2.38	FALSE	1						1	FALSE	FALSE	FALSE	no	AEGJ13571	State-based Party (Other State)	5792	8th Pass	Agriculture				State Assembly Election (AE)
12	2012	12	4	0	Porbandar	Saurashtra-Kutch	KUTIYANA	84	GEN	ODEDARA KARSHANBHAI DULABHAI	M	53	BJP	2	GEN	42942	178111	115272	37.25	39737	34.47	64.72	12	2.38	FALSE	4	BJP	1605	KUTIYANA	TRUE	TRUE	3	FALSE	TRUE	TRUE	no	AEGJ9567	National Party	1605	10th Pass	Business	Contractor	Agriculture		State Assembly Election (AE)
12	2012	12	4	0	Junagadh	Saurashtra-Kutch	MANAVADAR	85	GEN	CHAVDA JAWAHARBHAI PETHALAJIBHAI	M	48	INC	1	GEN	72879	217644	159097	45.81	4402	2.77	73.1	9	2.5	TRUE	5	INC	3482	MANAVADAR	TRUE	TRUE	3	FALSE	TRUE	TRUE	no	AEGJ5297	National Party	3482	10th Pass	Other				State Assembly Election (AE)
12	2012	12	4	0	Junagadh	Saurashtra-Kutch	MANAVADAR	85	GEN	RATIBHAI GORDHANBHAI SUREJA	M	69	BJP	2	GEN	68477	217644	159097	43.04	57492	36.14	73.1	9	2.5	TRUE	5	BJP	1605	MANAVADAR	TRUE	TRUE	3	FALSE	FALSE	TRUE	no	AEGJ7321	National Party	1605	8th Pass	Other				State Assembly Election (AE)
12	2012	12	4	0	Junagadh	Saurashtra-Kutch	JUNAGADH	86	GEN	MASHRU MAHENDRABHAI LILADHARBHAI	M	66	BJP	1	GEN	66669	231603	143449	46.48	13796	9.62	61.94	11	2.7	TRUE	6	BJP	1605	JUNAGADH	TRUE	TRUE	6	FALSE	TRUE	TRUE	no	AEGJ5362	National Party	1605	Graduate Professional	Business				State Assembly Election (AE)
12	2012	12	4	0	Junagadh	Saurashtra-Kutch	JUNAGADH	86	GEN	JOSHI BHIKHABHAI GALABHAI	M	61	INC	2	GEN	52873	231603	143449	36.86	36487	25.44	61.94	11	2.7	TRUE	4	INC	3482	MALIYA	FALSE	TRUE	2	FALSE	FALSE	FALSE	no	AEGJ13592	National Party	3482	10th Pass	Agriculture				State Assembly Election (AE)
12	2012	12	4	0	Junagadh	Saurashtra-Kutch	VISAVADAR	87	GEN	KESHUBHAI SAVDASBHAI PATEL	M	84	GPP	1	GEN	85967	224348	148721	57.8	42186	28.37	66.29	12	2.38	FALSE	2	BJP	1605	TANKARA	FALSE	FALSE	2	TRUE	FALSE	FALSE	no	AEGJ2902	Local Party	3167	8th Pass	Politics	Party Worker	Social Work		State Assembly Election (AE)
12	2012	12	4	0	Junagadh	Saurashtra-Kutch	VISAVADAR	87	GEN	BHALALA KANUBHAI MEPABHAI	M	60	BJP	2	GEN	43781	224348	148721	29.44	40417	27.18	66.29	12	2.38	FALSE	3	BJP	1605	VISAVADAR	TRUE	TRUE	2	FALSE	TRUE	TRUE	no	AEGJ10748	National Party	1605	Literate	Agriculture				State Assembly Election (AE)
12	2012	12	4	0	Junagadh	Saurashtra-Kutch	KESHOD	88	GEN	ARVINDBHAI KESHAVBHAI LADANI	M	49	BJP	1	GEN	53772	201298	133830	40.18	7937	5.93	66.48	9	3.12	TRUE	1						1	FALSE	FALSE	FALSE	no	AEGJ13614	National Party	1605	10th Pass	Business		Agriculture		State Assembly Election (AE)
12	2012	12	4	0	Junagadh	Saurashtra-Kutch	KESHOD	88	GEN	KOTADIYA MAGANBHAI KARSHANBHAI	M	53	INC	2	GEN	45835	201298	133830	34.25	20336	15.2	66.48	9	3.12	TRUE	1						0	FALSE	FALSE	FALSE	no	AEGJ13615	National Party	3482	10th Pass	Other				State Assembly Election (AE)
12	2012	12	4	0	Junagadh	Saurashtra-Kutch	MANGROL	89	GEN	CHUDASAMA RAJESHBHAI NARANBHAI	M	30	BJP	1	GEN	68452	181109	128475	53.28	15714	12.23	70.94	8	2.22	FALSE	1						1	FALSE	FALSE	FALSE	no	AEGJ13623	National Party	1605	12th Pass	Other				State Assembly Election (AE)
12	2012	12	4	0	Junagadh	Saurashtra-Kutch	MANGROL	89	GEN	DR. CHUDASAMA CHANDRIKABEN KANJIBHAI	F	59	INC	2	GEN	52738	181109	128475	41.05	49910	38.85	70.94	8	2.22	FALSE	7	INC	3482	MANGROL	TRUE	TRUE	4	FALSE	FALSE	TRUE	no	AEGJ7305	National Party	3482	Graduate Professional	Agriculture				State Assembly Election (AE)
12	2012	12	4	0	Gir Somnath	Saurashtra-Kutch	SOMNATH	90	GEN	BARAD JASHUBHAI DHANABHAI	M	63	INC	1	GEN	56701	205796	157760	35.94	2096	1.33	76.66	14	3.7	FALSE	6	INC	3482	SOMNATH	TRUE	TRUE	5	FALSE	FALSE	TRUE	no	AEGJ9599	National Party	3482	Graduate	Business		Agriculture		State Assembly Election (AE)
12	2012	12	4	0	Gir Somnath	Saurashtra-Kutch	SOMNATH	90	GEN	JOTVA RAJSIBHAI VIRABHAI	M	52	BJP	2	GEN	54605	205796	157760	34.61	31188	19.77	76.66	14	3.7	FALSE	2	BJP	1605	SOMNATH	TRUE	TRUE	1	FALSE	TRUE	TRUE	no	AEGJ11772	National Party	1605	Graduate	Agriculture				State Assembly Election (AE)
12	2012	12	4	0	Gir Somnath	Saurashtra-Kutch	TALALA	91	GEN	JASHUBHAI DHANABHAI BARAD	M	57	INC	1	GEN	62722	182591	141098	44.45	1478	1.05	77.28	6	2.5	FALSE	6	INC	3482	SOMNATH	FALSE	TRUE	5	FALSE	FALSE	TRUE	no	AEGJ9599	National Party	3482	Graduate	Other				State Assembly Election (AE)
12	2012	12	4	0	Gir Somnath	Saurashtra-Kutch	TALALA	91	GEN	PARMAR GOVINDBHAI VARJANGBHAI	M	58	BJP	2	GEN	61244	182591	141098	43.41	50645	35.89	77.28	6	2.5	FALSE	3	BJP	1605	TALALA	TRUE	TRUE	1	FALSE	FALSE	TRUE	no	AEGJ10728	National Party	1605	12th Pass	Other				State Assembly Election (AE)
12	2012	12	4	0	Gir Somnath	Saurashtra-Kutch	KODINAR	92	SC	SOLANKI JETHABHAI DANABHAI	M	56	BJP	1	SC	63319	184653	129722	48.81	8477	6.53	70.25	8	2.38	TRUE	1						1	FALSE	FALSE	FALSE	no	AEGJ13654	National Party	1605	Graduate Professional	Agriculture				State Assembly Election (AE)
12	2012	12	4	0	Gir Somnath	Saurashtra-Kutch	KODINAR	92	SC	MOHANBHAI MALABHAI VALA	M	47	INC	2	SC	54842	184653	129722	42.28	52030	40.11	70.25	8	2.38	TRUE	1						0	FALSE	FALSE	FALSE	no	AEGJ13648	National Party	3482	Others	Salaried Work or Employed				State Assembly Election (AE)
12	2012	12	4	0	Gir Somnath	Saurashtra-Kutch	UNA	93	GEN	VANSH PUNJABHAI BHIMABHAI	M	52	INC	1	GEN	69824	205503	148065	47.16	7507	5.07	72.05	6	2.5	TRUE	6	INC	3482	UNA	TRUE	TRUE	5	FALSE	FALSE	TRUE	no	AEGJ5336	National Party	3482	12th Pass	Agriculture				State Assembly Election (AE)
12	2012	12	4	0	Gir Somnath	Saurashtra-Kutch	UNA	93	GEN	KALUBHAI CHANABHAI RATHOD	M	49	BJP	2	GEN	62317	205503	148065	42.09	55876	37.74	72.05	6	2.5	TRUE	2	BJP	1605	UNA	TRUE	TRUE	1	FALSE	TRUE	TRUE	no	AEGJ11781	National Party	1605	12th Pass	Agriculture		Social Work		State Assembly Election (AE)
12	2012	12	4	0	Amreli	Saurashtra-Kutch	DHARI	94	GEN	KOTADIYA NALINBHAI NANJIBHAI	M	52	GPP	1	GEN	41516	194517	130626	31.78	1575	1.21	67.15	10	3.57	TRUE	2	IND	10809	DHARI	TRUE	FALSE	1	FALSE	FALSE	FALSE	no	AEGJ10786	Local Party	3167	Graduate	Agriculture		Social Work		State Assembly Election (AE)
12	2012	12	4	0	Amreli	Saurashtra-Kutch	DHARI	94	GEN	KOKILABEN JAYSUKHBHAI KAKADIYA	F	42	INC	2	GEN	39941	194517	130626	30.58	975	0.75	67.15	10	3.57	TRUE	1						0	FALSE	FALSE	FALSE	no	AEGJ13667	National Party	3482	10th Pass	Agriculture				State Assembly Election (AE)
12	2012	12	4	0	Amreli	Saurashtra-Kutch	AMRELI	95	GEN	PARESH DHANANI	M	36	INC	1	GEN	86583	248461	170007	50.93	29893	17.58	68.42	12	2.63	TRUE	3	INC	3482	AMRELI	TRUE	TRUE	2	FALSE	FALSE	TRUE	no	AEGJ10777	National Party	3482	Graduate	Agriculture				State Assembly Election (AE)
12	2012	12	4	0	Amreli	Saurashtra-Kutch	AMRELI	95	GEN	DILEEP SANGHANI	M	58	BJP	2	GEN	56690	248461	170007	33.35	40236	23.67	68.42	12	2.63	TRUE	5	BJP	1605	AMRELI	TRUE	TRUE	3	FALSE	TRUE	TRUE	no	AEGJ14411	National Party	1605	Graduate	Liberal Profession or Professional	Lawyer	Agriculture		State Assembly Election (AE)
12	2012	12	4	0	Amreli	Saurashtra-Kutch	LATHI	96	GEN	BAVKUBHAI NATHABHAI UNDHAD	M	54	INC	1	GEN	48793	184891	130604	37.36	2764	2.12	70.64	10	3.57	FALSE	4	INC	3482	BABRA	FALSE	TRUE	4	FALSE	TRUE	TRUE	no	AEGJ9621	National Party	3482	10th Pass	Business		Agriculture		State Assembly Election (AE)
12	2012	12	4	0	Amreli	Saurashtra-Kutch	LATHI	96	GEN	KHOKHARIYA VALAJIBHAI NANAJIBHAI	M	57	BJP	2	GEN	46029	184891	130604	35.24	33025	25.29	70.64	10	3.57	FALSE	1						0	FALSE	FALSE	FALSE	no	AEGJ000099	National Party	1605	10th Pass	Agriculture				State Assembly Election (AE)
12	2012	12	4	0	Amreli	Saurashtra-Kutch	SAVARKUNDLA	97	GEN	VAGHASIYA VALLABHBHAI VASHARAMBHAI (V.V.VAGHASIYA)	M	58	BJP	1	GEN	37246	211793	131496	28.32	2384	1.81	62.09	9	5.26	TRUE	1						1	FALSE	FALSE	FALSE	no	AEGJ13695	National Party	1605	12th Pass	Agriculture				State Assembly Election (AE)
12	2012	12	4	0	Amreli	Saurashtra-Kutch	SAVARKUNDLA	97	GEN	PRATAP DUDHAT	M	32	INC	2	GEN	34862	211793	131496	26.51	20345	15.47	62.09	9	5.26	TRUE	1						0	FALSE	FALSE	FALSE	no	AEGJ13694	National Party	3482	10th Pass	Business	Real Estate or Builder or Developer or Construction			State Assembly Election (AE)
12	2012	12	4	0	Amreli	Saurashtra-Kutch	RAJULA	98	GEN	SOLANKI HIRABHAI ODHAVJIBHAI	M	48	BJP	1	GEN	75447	209654	148859	50.68	18710	12.57	71	10	2.44	TRUE	4	BJP	1605	RAJULA	TRUE	TRUE	4	FALSE	TRUE	TRUE	no	AEGJ9652	National Party	1605	10th Pass	Business	Transport	Agriculture		State Assembly Election (AE)
12	2012	12	4	0	Amreli	Saurashtra-Kutch	RAJULA	98	GEN	BABUBHAI RAMBHAI RAM	M	35	INC	2	GEN	56737	209654	148859	38.11	53435	35.9	71	10	2.44	TRUE	1						0	FALSE	FALSE	FALSE	no	AEGJ13703	National Party	3482	12th Pass	Business		Agriculture		State Assembly Election (AE)
12	2012	12	4	0	Bhavnagar	Saurashtra-Kutch	MAHUVA	99	GEN	MAKWANA BHAVANABEN RAGHAVBHAI	F	36	BJP	1	GEN	57498	181028	121606	47.28	28352	23.31	67.18	6	3.03	TRUE	2	BJP	1605	TALAJA	FALSE	TRUE	2	FALSE	TRUE	TRUE	no	AEGJ13713	National Party	1605	12th Pass	Social Work				State Assembly Election (AE)
12	2012	12	4	0	Bhavnagar	Saurashtra-Kutch	MAHUVA	99	GEN	BHARATKUMAR BHASKARRAO THAKAR	M	49	IND	2	GEN	29146	181028	121606	23.97	1291	1.06	67.18	6	3.03	TRUE	2	BJS	4152	MAHUVA	TRUE	FALSE	0	FALSE	FALSE	FALSE	no	AEGJ1385	Independents	10809						State Assembly Election (AE)
12	2012	12	4	0	Bhavnagar	Saurashtra-Kutch	TALAJA	100	GEN	SHYAL BHARTIBEN DHIRUBHAI	F	48	BJP	1	GEN	66357	190949	126910	52.29	32844	25.88	66.46	8	2.78	FALSE	1						1	FALSE	FALSE	FALSE	no	AEGJ13721	National Party	1605	Graduate Professional	Liberal Profession or Professional	Doctor			State Assembly Election (AE)
12	2012	12	4	0	Bhavnagar	Saurashtra-Kutch	TALAJA	100	GEN	SARVAIYA SANJAYSINH AJITSINH	M	43	INC	2	GEN	33513	190949	126910	26.41	17654	13.91	66.46	8	2.78	FALSE	1						0	FALSE	FALSE	FALSE	no	AEGJ13722	National Party	3482	Graduate	Business	Real Estate or Builder or Developer or Construction	Agriculture		State Assembly Election (AE)
12	2012	12	4	0	Bhavnagar	Saurashtra-Kutch	GARIADHAR	101	GEN	KESHUBHAI HIRJIBHAI NAKARANI	M	55	BJP	1	GEN	53377	183272	119298	44.74	16028	13.44	65.09	15	3.23	TRUE	5	BJP	1605	SIHOR	FALSE	TRUE	5	FALSE	TRUE	TRUE	no	AEGJ7607	National Party	1605	10th Pass	Agriculture		Social Work		State Assembly Election (AE)
12	2012	12	4	0	Bhavnagar	Saurashtra-Kutch	GARIADHAR	101	GEN	MANGUKIYA BABUBHAI MAVAJIBHAI	M	57	INC	2	GEN	37349	183272	119298	31.31	26386	22.12	65.09	15	3.23	TRUE	2	INC	3482	SIHOR	FALSE	TRUE	0	FALSE	FALSE	TRUE	no	AEGJ13730	National Party	3482	Graduate Professional	Other				State Assembly Election (AE)
12	2012	12	4	0	Bhavnagar	Saurashtra-Kutch	PALITANA	102	GEN	RATHOD PRAVINBHAI JINABHAI	M	47	INC	1	GEN	69396	223839	158361	43.82	14325	9.05	70.75	6	3.03	TRUE	1						1	FALSE	FALSE	FALSE	no	AEGJ13744	National Party	3482	10th Pass	Agriculture				State Assembly Election (AE)
12	2012	12	4	0	Bhavnagar	Saurashtra-Kutch	PALITANA	102	GEN	SARVAIYA MAHENDRASINH PARAKRAMSINH	M	44	BJP	2	GEN	55071	223839	158361	34.78	39176	24.74	70.75	6	3.03	TRUE	2	BJP	1605	PALITANA	TRUE	TRUE	1	FALSE	TRUE	TRUE	no	AEGJ11872	National Party	1605	Graduate	Agriculture				State Assembly Election (AE)
12	2012	12	4	0	Bhavnagar	Saurashtra-Kutch	BHAVNAGAR RURAL	103	GEN	PARSHOTTAMBHAI ODHAVJIBHAI SOLANKI	M	51	BJP	1	GEN	83980	221286	168619	49.8	18554	11	76.2	14	2.5	TRUE	4	BJP	1605	GHOGHO	FALSE	TRUE	4	FALSE	TRUE	TRUE	no	AEGJ13759	National Party	1605	Others	Business	Real Estate or Builder or Developer or Construction	Agriculture		State Assembly Election (AE)
12	2012	12	4	0	Bhavnagar	Saurashtra-Kutch	BHAVNAGAR RURAL	103	GEN	GOHIL SHAKTISINHJI HARISHCHANDRASINHJI	M	51	INC	2	GEN	65426	221286	168619	38.8	58801	34.87	76.2	14	2.5	TRUE	5	INC	3482	BHAVNAGAR SOUTH	FALSE	TRUE	3	FALSE	TRUE	TRUE	no	AEGJ13756	National Party	3482	Graduate Professional	Liberal Profession or Professional	Lawyer	Agriculture		State Assembly Election (AE)
12	2012	12	4	0	Bhavnagar	Saurashtra-Kutch	BHAVNAGAR EAST	104	GEN	DAVE VIBHAVARIBEN VIJAYBHAI (VIBHABEN DAVE)	F	53	BJP	1	GEN	85375	211903	144327	59.15	39508	27.37	68.11	10	2.22	TRUE	2	BJP	1605	BHAVNAGAR NORTH	FALSE	TRUE	2	FALSE	TRUE	TRUE	no	AEGJ13766	National Party	1605	Post Graduate	Other				State Assembly Election (AE)
12	2012	12	4	0	Bhavnagar	Saurashtra-Kutch	BHAVNAGAR EAST	104	GEN	JOSHI RAJESHBHAI MAHENDRABHAI (RAJESH JOSHI)	M	43	INC	2	GEN	45867	211903	144327	31.78	40718	28.21	68.11	10	2.22	TRUE	1						0	FALSE	FALSE	FALSE	no	AEGJ13764	National Party	3482	Graduate Professional	Liberal Profession or Professional	Lawyer			State Assembly Election (AE)
12	2012	12	4	0	Bhavnagar	Saurashtra-Kutch	BHAVNAGAR WEST	105	GEN	JITENDRABHAI SAVJIBHAI VAGHANI (JITU VAGHANI)	M	42	BJP	1	GEN	92584	205170	138875	66.67	53893	38.81	67.69	13	1.92	TRUE	2	BJP	1605	BHAVNAGAR SOUTH	FALSE	TRUE	1	FALSE	FALSE	TRUE	no	AEGJ11932	National Party	1605	Graduate Professional	Business	Real Estate or Builder or Developer or Construction	Salaried Work or Employed	Insurance Agent	State Assembly Election (AE)
12	2012	12	4	0	Bhavnagar	Saurashtra-Kutch	BHAVNAGAR WEST	105	GEN	MANSUKHBHAI RAIYABHAI KANANI (DR. KANANI)	M	52	INC	2	GEN	38691	205170	138875	27.86	35926	25.87	67.69	13	1.92	TRUE	1						0	FALSE	FALSE	FALSE	no	AEGJ13778	National Party	3482	Post Graduate	Liberal Profession or Professional	Doctor	Social Work		State Assembly Election (AE)
12	2012	12	4	0	Botad	Saurashtra-Kutch	GADHADA	106	SC	ATMARAM MAKANBHAI PARMAR	M	59	BJP	1	SC	64053	221055	145193	44.12	9094	6.26	65.68	10	2.94	TRUE	5	BJP	1605	GADHADA	TRUE	TRUE	4	FALSE	TRUE	TRUE	no	AEGJ10809	National Party	1605	Post Graduate	Social Work				State Assembly Election (AE)
12	2012	12	4	0	Botad	Saurashtra-Kutch	GADHADA	106	SC	MARU PRAVINBHAI TIDABHAI	M	49	INC	2	SC	54959	221055	145193	37.85	43247	29.79	65.68	10	2.94	TRUE	3	INC	3482	GADHADA	TRUE	TRUE	1	FALSE	FALSE	TRUE	no	AEGJ10808	National Party	3482	Graduate	Other				State Assembly Election (AE)
12	2012	12	4	0	Botad	Saurashtra-Kutch	BOTAD	107	GEN	MANIYA THAKARSHIBHAI DEVJIBHAI	M	59	BJP	1	GEN	86184	224430	177821	48.47	10005	5.63	79.23	13	2.44	TRUE	1						1	FALSE	FALSE	FALSE	no	AEGJ13797	National Party	1605	Graduate Professional	Liberal Profession or Professional	Doctor			State Assembly Election (AE)
12	2012	12	4	0	Botad	Saurashtra-Kutch	BOTAD	107	GEN	KUNVARJIBHAI MOHANBHAI BAVALIYA	M	57	INC	2	GEN	76179	224430	177821	42.84	70437	39.61	79.23	13	2.44	TRUE	6	INC	3482	JASDAN	FALSE	TRUE	4	FALSE	FALSE	FALSE	no	AEGJ101142	National Party	3482	Graduate Professional	Agriculture				State Assembly Election (AE)
12	2012	12	4	0	Anand	Central Gujarat	KHAMBHAT	108	GEN	SANJAYKUMAR RAMANBHAI PATEL	M	42	BJP	1	GEN	74761	194515	143068	52.26	15386	10.75	73.55	4	2.27	TRUE	1						1	FALSE	FALSE	FALSE	no	AEGJ13808	National Party	1605	10th Pass	Agriculture				State Assembly Election (AE)
12	2012	12	4	0	Anand	Central Gujarat	KHAMBHAT	108	GEN	CHUDASAMA SANDIPSINH VAJUBHA	M	47	INC	2	GEN	59375	194515	143068	41.5	53932	37.7	73.55	4	2.27	TRUE	2	INC	3482	CAMBAY	FALSE	TRUE	0	FALSE	FALSE	TRUE	no	AEGJ12451	National Party	3482	Graduate	Agriculture				State Assembly Election (AE)
12	2012	12	4	0	Anand	Central Gujarat	BORSAD	109	GEN	PARMAR RAJENDRASINH DHIRSINH	M	44	INC	1	GEN	83621	211667	155683	53.71	21034	13.51	73.55	6	2.22	TRUE	4	INC	3482	BHADRAN	FALSE	TRUE	4	FALSE	TRUE	TRUE	no	AEGJ100354	National Party	3482	10th Pass	Agriculture				State Assembly Election (AE)
12	2012	12	4	0	Anand	Central Gujarat	BORSAD	109	GEN	SOLANKI NAYNABEN RAMANBHAI	F	43	BJP	2	GEN	62587	211667	155683	40.2	56861	36.52	73.55	6	2.22	TRUE	1						0	FALSE	FALSE	FALSE	no	AEGJ13813	National Party	1605	10th Pass	Other				State Assembly Election (AE)
12	2012	12	4	0	Anand	Central Gujarat	ANKLAV	110	GEN	AMIT CHAVDA	M	35	INC	1	GEN	81575	179414	140950	57.88	30319	21.51	78.56	6	2.13	TRUE	3	INC	3482	BORSAD	FALSE	TRUE	3	FALSE	TRUE	TRUE	no	AEGJ100441	National Party	3482	Others	Agriculture		Social Work	NGO	State Assembly Election (AE)
12	2012	12	4	0	Anand	Central Gujarat	ANKLAV	110	GEN	SOLANKI JASAVANTSINH AMARSINH (JASHUBHA)	M	66	BJP	2	GEN	51256	179414	140950	36.36	47074	33.4	78.56	6	2.13	TRUE	3	BJP	1605	SARSA	FALSE	TRUE	1	FALSE	FALSE	TRUE	no	AEGJ13820	National Party	1605	Graduate	Agriculture				State Assembly Election (AE)
12	2012	12	4	0	Anand	Central Gujarat	UMRETH	111	GEN	JAYANTBHAI RAMANBHAI PATEL (BOSKEY)	M	52	NCP	1	GEN	67363	216999	161424	41.73	1394	0.86	74.39	11	2.78	TRUE	6	NCP	5792	SARSA	FALSE	TRUE	3	FALSE	TRUE	TRUE	no	AEGJ8760	State-based Party (Other State)	5792	12th Pass	Other				State Assembly Election (AE)
12	2012	12	4	0	Anand	Central Gujarat	UMRETH	111	GEN	GOVINDBHAI RAIJIBHAI PARMAR	M	58	BJP	2	GEN	65969	216999	161424	40.87	44927	27.83	74.39	11	2.78	TRUE	6	IND	10809	SARSA	FALSE	FALSE	2	FALSE	FALSE	TRUE	no	AEGJ6464	National Party	1605	5th Pass	Business		Agriculture		State Assembly Election (AE)
12	2012	12	4	0	Anand	Central Gujarat	ANAND	112	GEN	DILIPBHAI MANIBHAI PATEL	M	57	BJP	1	GEN	82956	231778	171347	48.41	987	0.58	73.93	9	2.17	FALSE	5	IND	10809	ANAND | ANAND	TRUE	FALSE	4	FALSE	FALSE	TRUE	no	AEGJ8743	National Party	1605	10th Pass	Business				State Assembly Election (AE)
12	2012	12	4	0	Anand	Central Gujarat	ANAND	112	GEN	KANTIBHAI SODHAPARMAR (BHAGAT)	M	50	INC	2	GEN	81969	231778	171347	47.84	79430	46.36	73.93	9	2.17	FALSE	2	INC	3482	ANAND	TRUE	TRUE	0	FALSE	FALSE	TRUE	no	AEGJ12417	National Party	3482						State Assembly Election (AE)
12	2012	12	4	0	Anand	Central Gujarat	PETLAD	113	GEN	NIRANJAN PURSOTTAMDAS PATEL	M	69	INC	1	GEN	77312	196394	150606	51.33	12192	8.1	76.69	6	2.22	TRUE	6	INC	3482	PETLAD	TRUE	TRUE	5	FALSE	TRUE	TRUE	no	AEGJ8768	National Party	3482	Graduate	Social Work				State Assembly Election (AE)
12	2012	12	4	0	Anand	Central Gujarat	PETLAD	113	GEN	DIPAKBHAI RAVJIBHAI PATEL	M	46	BJP	2	GEN	65120	196394	150606	43.24	62694	41.63	76.69	6	2.22	TRUE	1						0	FALSE	FALSE	FALSE	no	AEGJ13848	National Party	1605	12th Pass	Agriculture				State Assembly Election (AE)
12	2012	12	4	0	Anand	Central Gujarat	SOJITRA	114	GEN	PARMAR PUNAMBHAI MADHABHAI	M	50	INC	1	GEN	65210	177139	138314	47.15	162	0.12	78.08	7	2.27	TRUE	1						1	FALSE	FALSE	FALSE	no	AEGJ13854	National Party	3482	10th Pass	Politics	Panchayat Member			State Assembly Election (AE)
12	2012	12	4	0	Anand	Central Gujarat	SOJITRA	114	GEN	VIPULKUMAR VINUBHAI PATEL	M	43	BJP	2	GEN	65048	177139	138314	47.03	61644	44.57	78.08	7	2.27	TRUE	1						0	FALSE	FALSE	FALSE	no	AEGJ13850	National Party	1605	12th Pass	Business		Agriculture		State Assembly Election (AE)
12	2012	12	4	0	Kheda	Central Gujarat	MATAR	115	GEN	CHAUHAN DEVUSINH JESINGBHAI	M	47	BJP	1	GEN	71021	201690	152631	46.53	6487	4.25	75.68	9	2.5	FALSE	2	BJP	1605	MATAR	TRUE	TRUE	2	FALSE	TRUE	TRUE	no	AEGJ12436	National Party	1605	Others	Agriculture				State Assembly Election (AE)
12	2012	12	4	0	Kheda	Central Gujarat	MATAR	115	GEN	SANJAYBHAI HARIBHAI PATEL	M	46	INC	2	GEN	64534	201690	152631	42.28	56210	36.83	75.68	9	2.5	FALSE	1						0	FALSE	FALSE	FALSE	no	AEGJ13858	National Party	3482	Others	Business	Agricultural Business			State Assembly Election (AE)
12	2012	12	4	0	Kheda	Central Gujarat	NADIAD	116	GEN	DESAI PANKAJKUMAR VINUBHAI (GOTIYO)	M	51	BJP	1	GEN	75335	223648	151214	49.82	6587	4.36	67.61	12	2.17	TRUE	4	BJP	1605	NADIAD	TRUE	TRUE	4	FALSE	TRUE	TRUE	no	AEGJ10184	National Party	1605	Graduate	Social Work				State Assembly Election (AE)
12	2012	12	4	0	Kheda	Central Gujarat	NADIAD	116	GEN	JITRENDRABHAI SURYAKANTBHAI PATEL (AZAD)	M	41	INC	2	GEN	68748	223648	151214	45.46	65239	43.14	67.61	12	2.17	TRUE	1						0	FALSE	FALSE	FALSE	no	AEGJ13867	National Party	3482	12th Pass	Business	Trader	Agriculture		State Assembly Election (AE)
12	2012	12	4	0	Kheda	Central Gujarat	MEHEMDABAD	117	GEN	GAUTAMBHAI RAVJIBHAI CHAUHAN	M	50	INC	1	GEN	68767	202296	152065	45.22	4181	2.75	75.17	5	2.56	TRUE	2	INC	3482	MEHMEDABAD	FALSE	TRUE	1	FALSE	FALSE	TRUE	no	AEGJ13880	National Party	3482	Post Graduate	Other				State Assembly Election (AE)
12	2012	12	4	0	Kheda	Central Gujarat	MEHEMDABAD	117	GEN	CHAUHAN SUNDARSINH BHALABHAI	M	64	BJP	2	GEN	64586	202296	152065	42.47	52924	34.8	75.17	5	2.56	TRUE	5	BJP	1605	MEHMEDABAD	FALSE	TRUE	4	FALSE	TRUE	TRUE	no	AEGJ6311	National Party	1605	Graduate Professional	Agriculture				State Assembly Election (AE)
12	2012	12	4	0	Kheda	Central Gujarat	MAHUDHA	118	GEN	THAKOR NATVARSINH FULSINH	M	69	INC	1	GEN	58373	198231	138270	42.22	13230	9.57	69.75	8	3.12	TRUE	6	INC	3482	MAHUDHA	TRUE	TRUE	6	FALSE	TRUE	TRUE	no	AEGJ6318	National Party	3482	10th Pass	Agriculture		Social Work		State Assembly Election (AE)
12	2012	12	4	0	Kheda	Central Gujarat	MAHUDHA	118	GEN	SODHA KHUMANSINH RATANSINH	M	66	BJP	2	GEN	45143	198231	138270	32.65	20619	14.91	69.75	8	3.12	TRUE	1						0	FALSE	FALSE	FALSE	no	AEGJ13883	National Party	1605	10th Pass	Agriculture				State Assembly Election (AE)
12	2012	12	4	0	Kheda	Central Gujarat	THASRA	119	GEN	PARMAR RAMSINH PRABHATBHAI	M	67	INC	1	GEN	78226	227258	162705	48.08	5500	3.38	71.59	8	2.33	TRUE	7	INC	3482	THASRA	TRUE	TRUE	5	FALSE	TRUE	TRUE	no	AEGJ101232	National Party	3482						State Assembly Election (AE)
12	2012	12	4	0	Kheda	Central Gujarat	THASRA	119	GEN	PRATIKSHABEN TINUBHAI PARMAR	F	27	BJP	2	GEN	72726	227258	162705	44.7	67877	41.72	71.59	8	2.33	TRUE	1						0	FALSE	FALSE	FALSE	no	AEGJ13891	National Party	1605						State Assembly Election (AE)
12	2012	12	4	0	Kheda	Central Gujarat	KAPADWANJ	120	GEN	SHANKERSINH VAGHELA (BAPU)	M	72	INC	1	GEN	88641	242550	182267	48.63	6597	3.62	75.15	6	2.27	TRUE	1						1	FALSE	FALSE	FALSE	no	AEGJ13902	National Party	3482						State Assembly Election (AE)
12	2012	12	4	0	Kheda	Central Gujarat	KAPADWANJ	120	GEN	DABHI KANUBHAI BHULABHAI	M	46	BJP	2	GEN	82044	242550	182267	45.01	76897	42.19	75.15	6	2.27	TRUE	2	BJP	1605	KATHLAL	FALSE	TRUE	0	FALSE	FALSE	FALSE	no	AEGJ1281	National Party	1605						State Assembly Election (AE)
12	2012	12	4	0	Kheda	Central Gujarat	BALASINOR	121	GEN	CHAUHAN MANSINH KOHYABHAI	M	61	INC	1	GEN	87088	233459	173402	50.22	17171	9.9	74.28	10	2.44	TRUE	7	INC	3482	BALASINOR	TRUE	TRUE	5	FALSE	TRUE	TRUE	no	AEGJ4602	National Party	3482						State Assembly Election (AE)
12	2012	12	4	0	Kheda	Central Gujarat	BALASINOR	121	GEN	PATHAK RAJESHBHAI URFE PAPPUBHAI GAJANAN	M	45	BJP	2	GEN	69917	233459	173402	40.32	63219	36.46	74.28	10	2.44	TRUE	3	BJSH	1452	BALASINOR	TRUE	FALSE	1	TRUE	FALSE	TRUE	no	AEGJ11167	National Party	1605						State Assembly Election (AE)
12	2012	12	4	0	Mahisagar	Central Gujarat	LUNAWADA	122	GEN	HIRABHAI HARIBHAI PATEL	M	68	INC	1	GEN	72814	236029	161844	44.99	3701	2.29	68.57	7	2.63	TRUE	4	INC	3482	LUNAVADA	FALSE	TRUE	2	FALSE	TRUE	TRUE	no	AEGJ6255	National Party	3482	Post Graduate	Retired or Pension				State Assembly Election (AE)
12	2012	12	4	0	Mahisagar	Central Gujarat	LUNAWADA	122	GEN	MALIWAD KALUBHAI HIRABHAI	M	63	BJP	2	GEN	69113	236029	161844	42.7	59901	37.01	68.57	7	2.63	TRUE	4	BJP	1605	LUNAVADA	FALSE	TRUE	1	FALSE	FALSE	TRUE	no	AEGJ10140	National Party	1605	Others	Business	Agricultural Business	Agriculture		State Assembly Election (AE)
12	2012	12	4	0	Mahisagar	Central Gujarat	SANTRAMPUR	123	ST	DAMOR GENDALBHAI MOTIBHAI	M	61	INC	1	ST	68026	181438	127484	53.36	25654	20.12	70.26	6	2.56	TRUE	1						1	FALSE	FALSE	FALSE	no	AEGJ13926	National Party	3482	Graduate	Other				State Assembly Election (AE)
12	2012	12	4	0	Mahisagar	Central Gujarat	SANTRAMPUR	123	ST	BHAMAT MANSINH VALLABHABHAI	M	59	BJP	2	ST	42372	181438	127484	33.24	36633	28.74	70.26	6	2.56	TRUE	1						0	FALSE	FALSE	FALSE	no	AEGJ000038	National Party	1605	Post Graduate	Agriculture				State Assembly Election (AE)
12	2012	12	4	0	Panchmahal	Central Gujarat	SHEHRA	124	GEN	AHIR (BHARWAD) JETHABHAI GHELABHAI	M	62	BJP	1	GEN	76468	206391	154365	49.54	28725	18.61	74.79	8	2.78	TRUE	4	BJP	1605	SHEHRA	TRUE	TRUE	4	FALSE	TRUE	TRUE	no	AEGJ10131	National Party	1605	Graduate	Agriculture				State Assembly Election (AE)
12	2012	12	4	0	Panchmahal	Central Gujarat	SHEHRA	124	GEN	SOLANKI TAKHATSINH RAVSINH	M	47	INC	2	GEN	47743	206391	154365	30.93	35181	22.79	74.79	8	2.78	TRUE	2	INC	3482	SHEHRA	TRUE	TRUE	0	FALSE	FALSE	TRUE	no	AEGJ12362	National Party	3482	10th Pass	Salaried Work or Employed	Service			State Assembly Election (AE)
12	2012	12	4	0	Panchmahal	Central Gujarat	MORVA HADAF	125	ST	KHANT SAVITABEN VECHATBHAI	F	52	INC	1	ST	56886	172315	120498	47.21	11289	9.37	69.93	6	2.7	FALSE	1						1	FALSE	FALSE	FALSE	no	AEGJ13938	National Party	3482	Literate	Agriculture				State Assembly Election (AE)
12	2012	12	4	0	Panchmahal	Central Gujarat	MORVA HADAF	125	ST	DAMOR BIJALBHAI VALABHAI	M	69	BJP	2	ST	45597	172315	120498	37.84	32805	27.22	69.93	6	2.7	FALSE	5	INC	3482	RANDHIKPUR	FALSE	FALSE	1	TRUE	FALSE	FALSE	no	AEGJ13937	National Party	1605	5th Pass	Social Work				State Assembly Election (AE)
12	2012	12	4	0	Panchmahal	Central Gujarat	GODHRA	126	GEN	C.K. RAULJI	M	58	INC	1	GEN	73367	220170	159481	46	2868	1.8	72.44	8	2.44	TRUE	7	INC	3482	GODHRA	TRUE	TRUE	5	FALSE	TRUE	TRUE	no	AEGJ6232	National Party	3482						State Assembly Election (AE)
12	2012	12	4	0	Panchmahal	Central Gujarat	GODHRA	126	GEN	CHAUHAN PRAVINSINH PRABHATSINH	M	47	BJP	2	GEN	70499	220170	159481	44.21	64755	40.6	72.44	8	2.44	TRUE	2	IND	10809	KALOL	FALSE	FALSE	0	FALSE	FALSE	TRUE	no	AEGJ13949	National Party	1605						State Assembly Election (AE)
12	2012	12	4	0	Panchmahal	Central Gujarat	KALOL	127	GEN	RATHOD ARVINDSINH DAMSINH	M	54	BJP	1	GEN	69275	209161	154672	44.79	30056	19.43	73.95	10	3.57	TRUE	2	BJP	1605	KALOL	TRUE	TRUE	2	FALSE	TRUE	TRUE	no	AEGJ12349	National Party	1605	12th Pass	Agriculture				State Assembly Election (AE)
12	2012	12	4	0	Panchmahal	Central Gujarat	KALOL	127	GEN	JADAV RAJENDRASINH CHANDRASINH	M	53	INC	2	GEN	39219	209161	154672	25.36	18529	11.98	73.95	10	3.57	TRUE	2	INC	3482	KALOL	TRUE	TRUE	0	FALSE	FALSE	TRUE	no	AEGJ12351	National Party	3482	Graduate	Agriculture				State Assembly Election (AE)
12	2012	12	4	0	Panchmahal	Central Gujarat	HALOL	128	GEN	PARMAR JAYDRATHSINHJI CHANDRASINHJI	M	48	BJP	1	GEN	93854	219593	168840	55.59	33206	19.67	76.89	4	2.27	TRUE	4	BJP	1605	HALOL	TRUE	TRUE	3	FALSE	TRUE	TRUE	no	AEGJ8562	National Party	1605	Graduate Professional	Agriculture				State Assembly Election (AE)
12	2012	12	4	0	Panchmahal	Central Gujarat	HALOL	128	GEN	PARMAR RAJENDRASINH BALVANTSINH	M	56	INC	2	GEN	60648	219593	168840	35.92	53309	31.57	76.89	4	2.27	TRUE	1						0	FALSE	FALSE	FALSE	no	AEGJ13962	National Party	3482	Graduate	Agriculture				State Assembly Election (AE)
12	2012	12	4	0	Dahod	Central Gujarat	FATEPURA	129	ST	KATARA  RAMESHBHAI BHURABHAI	M	37	BJP	1	ST	57828	181335	120951	47.81	6264	5.18	66.7	3	2.38	TRUE	1						1	FALSE	FALSE	FALSE	no	AEGJ13966	National Party	1605	Post Graduate	Agriculture				State Assembly Election (AE)
12	2012	12	4	0	Dahod	Central Gujarat	FATEPURA	129	ST	MACHHAR DITABHAI BHIMABHAI	M	70	INC	2	ST	51564	181335	120951	42.63	40005	33.08	66.7	3	2.38	TRUE	5	INC	3482	JHALOD	FALSE	TRUE	3	FALSE	TRUE	TRUE	no	AEGJ13965	National Party	3482	5th Pass	Agriculture		Social Work		State Assembly Election (AE)
12	2012	12	4	0	Dahod	Central Gujarat	JHALOD	130	ST	GARASIYA MITESHBHAI KALABHAI	M	48	INC	1	ST	78077	195890	132298	59.02	40073	30.29	67.54	6	2.33	TRUE	1						1	FALSE	FALSE	FALSE	no	AEGJ13967	National Party	3482	Post Graduate	Other				State Assembly Election (AE)
12	2012	12	4	0	Dahod	Central Gujarat	JHALOD	130	ST	VAGHELA BHAVSINGBHAI DITABHAI	M	59	BJP	2	ST	38004	195890	132298	28.73	30633	23.15	67.54	6	2.33	TRUE	1						0	FALSE	FALSE	FALSE	no	AEGJ13968	National Party	1605	Graduate	Former Government	Ex Police	Agriculture		State Assembly Election (AE)
12	2012	12	4	0	Dahod	Central Gujarat	LIMKHEDA	131	ST	BHABHOR JASWANTSINH SUMANBHAI	M	46	BJP	1	ST	67219	167307	134065	50.14	15331	11.44	80.13	6	2.5	FALSE	5	BJP	1605	RANDHIKPUR	FALSE	TRUE	5	FALSE	TRUE	TRUE	no	AEGJ14432	National Party	1605	Graduate Professional	Social Work				State Assembly Election (AE)
12	2012	12	4	0	Dahod	Central Gujarat	LIMKHEDA	131	ST	BARIA PUNABHAI JESINGHBHAI	M	55	INC	2	ST	51888	167307	134065	38.7	46769	34.89	80.13	6	2.5	FALSE	2	INC	3482	RANDHIKPUR	FALSE	TRUE	0	FALSE	FALSE	TRUE	no	AEGJ13974	National Party	3482	Literate	Agriculture				State Assembly Election (AE)
12	2012	12	4	0	Dahod	Central Gujarat	DAHOD	132	ST	PANADA VAJESINGBHAI PARSINGBHAI	M	51	INC	1	ST	73956	206178	133953	55.21	39548	29.52	64.97	7	2.63	TRUE	2	INC	3482	DOHAD	FALSE	TRUE	2	FALSE	TRUE	TRUE	no	AEGJ13979	National Party	3482	5th Pass	Other				State Assembly Election (AE)
12	2012	12	4	0	Dahod	Central Gujarat	DAHOD	132	ST	PALAS NAGARSINH KASNABHAI	M	64	BJP	2	ST	34408	206178	133953	25.69	19328	14.43	64.97	7	2.63	TRUE	2	IND	10809	DOHAD	FALSE	FALSE	0	FALSE	FALSE	TRUE	no	AEGJ12323	National Party	1605	Graduate Professional	Agriculture				State Assembly Election (AE)
12	2012	12	4	0	Dahod	Central Gujarat	GARBADA	133	ST	BARIYA CHANDRIKABEN CHHAGANBHAI	F	48	INC	1	ST	69295	208106	120436	57.54	35774	29.7	57.87	6	2.44	TRUE	2	INC	3482	LIMKHEDA	FALSE	TRUE	2	FALSE	TRUE	TRUE	no	AEGJ13991	National Party	3482	10th Pass	Agriculture				State Assembly Election (AE)
12	2012	12	4	0	Dahod	Central Gujarat	GARBADA	133	ST	RATHOD MOHINDRABEN AJITSINH	F	45	BJP	2	ST	33521	208106	120436	27.83	25355	21.05	57.87	6	2.44	TRUE	1						0	FALSE	FALSE	FALSE	no	AEGJ13990	National Party	1605	12th Pass	Other	Household			State Assembly Election (AE)
12	2012	12	4	0	Dahod	Central Gujarat	DEVGADH BARIA	134	GEN	KHABAD BACHUBHAI MAGANBHAI	M	57	BJP	1	GEN	113582	200201	160665	70.69	83753	52.13	80.25	7	1.89	TRUE	2	BJP	1605	DEVGADH BARIA	TRUE	TRUE	2	FALSE	FALSE	FALSE	no	AEGJ11140	National Party	1605	10th Pass	Agriculture				State Assembly Election (AE)
12	2012	12	4	0	Dahod	Central Gujarat	DEVGADH BARIA	134	GEN	CHAUHAN BHUPENDRASINH CHIMANSINH	M	46	NCP	2	GEN	29829	200201	160665	18.57	23004	14.32	80.25	7	1.89	TRUE	2	IND	10809	DEVGADH BARIA	TRUE	FALSE	0	FALSE	FALSE	TRUE	no	AEGJ12336	State-based Party (Other State)	5792	Graduate	Other				State Assembly Election (AE)
12	2012	12	4	0	Vadodra	Central Gujarat	SAVLI	135	GEN	INAMDAR KETANBHAI MAHENDRABHAI	M	34	IND	1	GEN	62849	189403	145772	43.11	20319	13.94	76.96	11	3.23	TRUE	1						1	FALSE	FALSE	FALSE	no	AEGJ14004	Independents	10809						State Assembly Election (AE)
12	2012	12	4	0	Vadodra	Central Gujarat	SAVLI	135	GEN	KHUMANSINH RAYSINH CHAUHAN	M	62	INC	2	GEN	42530	189403	145772	29.18	16933	11.62	76.96	11	3.23	TRUE	6	INC	3482	SAVLI	TRUE	TRUE	4	FALSE	TRUE	TRUE	no	AEGJ6456	National Party	3482	12th Pass	Agriculture				State Assembly Election (AE)
12	2012	12	4	0	Vadodra	Central Gujarat	VAGHODIA	136	GEN	SHRIVASTAV MADHUBHAI BABUBHAI	M	61	BJP	1	GEN	65851	200342	154746	42.55	5788	3.74	77.24	7	2.86	TRUE	7	BJP	1605	VAGHODIA	TRUE	TRUE	5	FALSE	TRUE	TRUE	no	AEGJ4709	National Party	1605	10th Pass	Other				State Assembly Election (AE)
12	2012	12	4	0	Vadodra	Central Gujarat	VAGHODIA	136	GEN	DR. PATEL JAYESHBAHI KHEMABHAI	M	62	INC	2	GEN	60063	200342	154746	38.81	39202	25.33	77.24	7	2.86	TRUE	2	INC	3482	VAGHODIA	TRUE	TRUE	0	FALSE	FALSE	TRUE	no	AEGJ12517	National Party	3482	Others	Liberal Profession or Professional	Doctor	Agriculture		State Assembly Election (AE)
12	2012	12	4	0	Chhota Udepur	Central Gujarat	CHHOTA UDAIPUR	137	ST	RATHWA MOHANSINH CHHOTUBHAI	M	68	INC	1	ST	65043	213248	147787	44.01	2305	1.56	69.3	6	2.7	TRUE	10	INC	3482	JETPUR	FALSE	TRUE	9	FALSE	TRUE	TRUE	no	AEGJ1770	National Party	3482						State Assembly Election (AE)
12	2012	12	4	0	Chhota Udepur	Central Gujarat	CHHOTA UDAIPUR	137	ST	GULSINGHBHAI RANGALABHAI RATHVA	M	64	BJP	2	ST	62738	213248	147787	42.45	54227	36.69	69.3	6	2.7	TRUE	2	BJP	1605	CHHOTA UDAIPUR	TRUE	TRUE	1	FALSE	TRUE	TRUE	no	AEGJ12455	National Party	1605	Post Graduate	Retired or Pension		Agriculture		State Assembly Election (AE)
12	2012	12	4	0	Chhota Udepur	Central Gujarat	JETPUR (ST)	138	ST	RATHAVA JAYANTIBHAI SAVAJIBHAI	M	39	BJP	1	ST	61966	216606	157099	39.44	4273	2.72	72.53	8	3.23	TRUE	2	BJP	1605	JETPUR	TRUE	TRUE	1	FALSE	FALSE	TRUE	no	AEGJ12461	National Party	1605	12th Pass	Agriculture				State Assembly Election (AE)
12	2012	12	4	0	Chhota Udepur	Central Gujarat	JETPUR (ST)	138	ST	RATHAVA SUKHRAMBHAI HARIYABHAI	M	56	INC	2	ST	57693	216606	157099	36.72	35471	22.58	72.53	8	3.23	TRUE	7	INC	3482	CHHOTA UDAIPUR	FALSE	TRUE	4	FALSE	FALSE	TRUE	no	AEGJ4673	National Party	3482	10th Pass	Agriculture		Social Work		State Assembly Election (AE)
12	2012	12	4	0	Chhota Udepur	Central Gujarat	SANKHEDA	139	ST	BHIL DHIRUBHAI CHUNILAL	M	60	INC	1	ST	80579	234656	173119	46.55	1452	0.84	73.78	5	2.33	TRUE	5	INC	3482	NASVADI	FALSE	TRUE	4	FALSE	TRUE	TRUE	no	AEGJ8851	National Party	3482	8th Pass	Agriculture				State Assembly Election (AE)
12	2012	12	4	0	Chhota Udepur	Central Gujarat	SANKHEDA	139	ST	TADVI ABHESINH MOTIBHAI	M	56	BJP	2	ST	79127	234656	173119	45.71	72258	41.74	73.78	5	2.33	TRUE	3	BJP	1605	SANKHEDA	TRUE	TRUE	1	FALSE	TRUE	TRUE	no	AEGJ8860	National Party	1605	10th Pass	Agriculture				State Assembly Election (AE)
12	2012	12	4	0	Vadodra	Central Gujarat	DABHOI	140	GEN	BALKRISHNABHAI NARANBHAI PATEL	M	56	BJP	1	GEN	70833	185775	143912	49.22	5122	3.56	77.47	7	2.22	TRUE	1						1	FALSE	FALSE	FALSE	no	AEGJ14038	National Party	1605	10th Pass	Business		Agriculture		State Assembly Election (AE)
12	2012	12	4	0	Vadodra	Central Gujarat	DABHOI	140	GEN	SIDDHARTH CHIMANBHAI PATEL	M	58	INC	2	GEN	65711	185775	143912	45.66	62652	43.53	77.47	7	2.22	TRUE	4	INC	3482	DABHOI	TRUE	TRUE	2	FALSE	TRUE	TRUE	no	AEGJ10246	National Party	3482	Graduate Professional	Business				State Assembly Election (AE)
12	2012	12	4	0	Vadodra	Central Gujarat	VADODARA CITY	141	SC	VAKIL MANISHA RAJIVBHAI	F	37	BJP	1	SC	103700	232722	161941	64.04	51889	32.04	69.59	7	1.96	TRUE	1						1	FALSE	FALSE	FALSE	no	AEGJ14043	National Party	1605	Post Graduate	Salaried Work or Employed	Managerial Position			State Assembly Election (AE)
12	2012	12	4	0	Vadodra	Central Gujarat	VADODARA CITY	141	SC	SOLANKI JAYSHREEBEN ASHWINBHAI	F	33	INC	2	SC	51811	232722	161941	31.99	49948	30.84	69.59	7	1.96	TRUE	1						0	FALSE	FALSE	FALSE	no	AEGJ14047	National Party	3482	8th Pass	Other	Household			State Assembly Election (AE)
12	2012	12	4	0	Vadodra	Central Gujarat	SAYAJIGANJ	142	GEN	SUKHADIYA JITENDRA RATILAL SUKHADIYA	M	66	BJP	1	GEN	107358	234789	161616	66.43	58237	36.03	68.83	10	1.89	TRUE	4	BJP	1605	SAYAJIGANJ	TRUE	TRUE	3	FALSE	TRUE	TRUE	no	GEGJ53980	National Party	1605	10th Pass	Social Work				State Assembly Election (AE)
12	2012	12	4	0	Vadodra	Central Gujarat	SAYAJIGANJ	142	GEN	JOSHI KIRITBHAI SHANTILAL	M	59	INC	2	GEN	49121	234789	161616	30.39	47606	29.46	68.83	10	1.89	TRUE	1						0	FALSE	FALSE	FALSE	no	AEGJ14054	National Party	3482	Graduate	Business	Transport			State Assembly Election (AE)
12	2012	12	4	0	Vadodra	Central Gujarat	AKOTA	143	GEN	SAURABH PATEL	M	54	BJP	1	GEN	95554	215228	147802	64.65	49867	33.74	68.67	10	1.92	TRUE	4	BJP	1605	BOTAD	FALSE	TRUE	4	FALSE	TRUE	TRUE	no	AEGJ14062	National Party	1605	Post Graduate	Business				State Assembly Election (AE)
12	2012	12	4	0	Vadodra	Central Gujarat	AKOTA	143	GEN	LALITBHAI THAKORBHAI PATEL	M	45	INC	2	GEN	45687	215228	147802	30.91	43702	29.57	68.67	10	1.92	TRUE	1						0	FALSE	FALSE	FALSE	no	AEGJ14064	National Party	3482	Graduate	Agriculture				State Assembly Election (AE)
12	2012	12	4	0	Vadodra	Central Gujarat	RAOPURA	144	GEN	RAJENDRA TRIVEDI (RAJUBHAI VAKIL)	M	58	BJP	1	GEN	99263	237681	162348	61.14	41535	25.58	68.3	8	2	TRUE	1						1	FALSE	FALSE	FALSE	no	AEGJ14075	National Party	1605	Graduate Professional	Liberal Profession or Professional	Lawyer	Agriculture		State Assembly Election (AE)
12	2012	12	4	0	Vadodra	Central Gujarat	RAOPURA	144	GEN	JAYESH THAKKAR	M	48	INC	2	GEN	57728	237681	162348	35.56	55963	34.47	68.3	8	2	TRUE	1						0	FALSE	FALSE	FALSE	no	AEGJ14072	National Party	3482	12th Pass	Business		Agriculture		State Assembly Election (AE)
12	2012	12	4	0	Vadodra	Central Gujarat	MANJALPUR	145	GEN	YOGESH PATEL	M	66	BJP	1	GEN	92642	197119	137473	67.39	51785	37.67	69.74	8	1.85	TRUE	6	BJP	1605	RAOPURA	FALSE	TRUE	6	FALSE	TRUE	TRUE	no	AEGJ53	National Party	1605	10th Pass	Agriculture				State Assembly Election (AE)
12	2012	12	4	0	Vadodra	Central Gujarat	MANJALPUR	145	GEN	GANDHI CHINNAM SATYAM (CHINNNAM GANDHI)	M	64	INC	2	GEN	40857	197119	137473	29.72	39497	28.73	69.74	8	1.85	TRUE	1						0	FALSE	FALSE	FALSE	no	AEGJ14082	National Party	3482	Post Graduate	Business		Agriculture		State Assembly Election (AE)
12	2012	12	4	0	Vadodra	Central Gujarat	PADRA	146	GEN	DINESHBHAI BALUBHAI PATEL (DINUMAMA)	M	54	BJP	1	GEN	75227	195756	156776	47.98	4308	2.75	80.09	9	2.33	TRUE	4	IND	10809	PADRA	TRUE	FALSE	2	FALSE	TRUE	TRUE	no	AEGJ10291	National Party	1605	12th Pass	Business		Agriculture		State Assembly Election (AE)
12	2012	12	4	0	Vadodra	Central Gujarat	PADRA	146	GEN	THAKOR JASHPALSINH MAHENDRASINH (PADHIYAR)	M	31	INC	2	GEN	70919	195756	156776	45.24	66513	42.43	80.09	9	2.33	TRUE	1						0	FALSE	FALSE	FALSE	no	AEGJ14091	National Party	3482	10th Pass	Business	Transport			State Assembly Election (AE)
12	2012	12	4	0	Vadodra	Central Gujarat	KARJAN	147	GEN	SATISHBHAI MOTIBHAI PATEL	M	48	BJP	1	GEN	68225	179877	141371	48.26	3489	2.47	78.59	11	2.27	TRUE	1						1	FALSE	FALSE	FALSE	no	AEGJ14095	National Party	1605	10th Pass	Business				State Assembly Election (AE)
12	2012	12	4	0	Vadodra	Central Gujarat	KARJAN	147	GEN	AKSHAYKUMAR ISHWARBHAI PATEL	M	44	INC	2	GEN	64736	179877	141371	45.79	60956	43.12	78.59	11	2.27	TRUE	1						0	FALSE	FALSE	FALSE	no	AEGJ14099	National Party	3482	12th Pass	Other				State Assembly Election (AE)
12	2012	12	4	0	Narmada	South Gujarat	NANDOD	148	ST	TADVI SHABDASHARAN BHAILALBHAI	M	47	BJP	1	ST	79580	202787	158587	50.18	15727	9.92	78.2	9	2.44	TRUE	1						1	FALSE	FALSE	FALSE	no	AEGJ14112	National Party	1605	10th Pass	Agriculture				State Assembly Election (AE)
12	2012	12	4	0	Narmada	South Gujarat	NANDOD	148	ST	VASAVA HARESHBHAI JAYANTIBHAI	M	31	INC	2	ST	63853	202787	158587	40.26	60171	37.94	78.2	9	2.44	TRUE	1						0	FALSE	FALSE	FALSE	no	AEGJ14106	National Party	3482	Post Graduate	Agriculture				State Assembly Election (AE)
12	2012	12	4	0	Narmada	South Gujarat	DEDIAPADA	149	ST	MOTILAL PUNIABHAI VASAVA	M	49	BJP	1	ST	56471	170900	152422	37.05	2555	1.68	89.19	10	3.45	TRUE	6	IND	10809	DEDIAPADA	TRUE	FALSE	3	FALSE	FALSE	TRUE	no	AEGJ6616	National Party	1605	Graduate Professional	Agriculture				State Assembly Election (AE)
12	2012	12	4	0	Narmada	South Gujarat	DEDIAPADA	149	ST	AMARSINH RAMSINH VASAVA	M	56	INC	2	ST	53916	170900	152422	35.37	33807	22.18	89.19	10	3.45	TRUE	5	INC	3482	DEDIAPADA	TRUE	TRUE	2	FALSE	TRUE	TRUE	no	AEGJ9089	National Party	3482	Graduate Professional	Liberal Profession or Professional	Lawyer	Agriculture		State Assembly Election (AE)
12	2012	12	4	0	Bharuch	South Gujarat	JAMBUSAR	150	GEN	CHHATRASINHJI PUJABHAI MORI	M	56	BJP	1	GEN	74864	200393	145117	51.59	18730	12.91	72.42	8	2.38	TRUE	5	BJP	1605	JAMBUSAR	TRUE	TRUE	4	FALSE	FALSE	TRUE	no	AEGJ9016	National Party	1605	Graduate	Business		Agriculture		State Assembly Election (AE)
12	2012	12	4	0	Bharuch	South Gujarat	JAMBUSAR	150	GEN	MAKWANA KIRANKUMAR LAXMANBHAI	M	48	INC	2	GEN	56134	200393	145117	38.68	47407	32.67	72.42	8	2.38	TRUE	2	INC	3482	JAMBUSAR	TRUE	TRUE	1	FALSE	TRUE	TRUE	no	AEGJ12539	National Party	3482	10th Pass	Social Work				State Assembly Election (AE)
12	2012	12	4	0	Bharuch	South Gujarat	VAGRA	151	GEN	ARUNSINH AJITSINH RANA	M	54	BJP	1	GEN	68512	172008	133903	51.17	14318	10.69	77.85	9	2.38	TRUE	2	INC	3482	BROACH	FALSE	FALSE	1	TRUE	FALSE	TRUE	no	AEGJ12561	National Party	1605	10th Pass	Business	Agricultural Business	Agriculture		State Assembly Election (AE)
12	2012	12	4	0	Bharuch	South Gujarat	VAGRA	151	GEN	IQBAL IBRAHIM PATEL	M	58	INC	2	GEN	54194	172008	133903	40.47	50514	37.72	77.85	9	2.38	TRUE	3	INC	3482	VAGRA	TRUE	TRUE	1	FALSE	FALSE	FALSE	no	AEGJ9037	National Party	3482	Graduate	Business		Agriculture		State Assembly Election (AE)
12	2012	12	4	0	Bharuch	South Gujarat	JHAGADIA	152	ST	VASAVA CHHOTUBHAI AMARASINHBHAI	M	67	JD(U)	1	ST	66622	209013	170110	39.16	13304	7.82	81.39	5	3.33	TRUE	7	JD(U)	11002	JHAGADIA	TRUE	TRUE	6	FALSE	TRUE	TRUE	no	AEGJ6575	State-based Party (Other State)	11002	10th Pass	Agriculture		Social Work		State Assembly Election (AE)
12	2012	12	4	0	Bharuch	South Gujarat	JHAGADIA	152	ST	VASAVA BALUBHAI CHHOTUBHAI	M	62	INC	2	ST	53318	209013	170110	31.34	16845	9.9	81.39	5	3.33	TRUE	1						0	FALSE	FALSE	FALSE	no	AEGJ14144	National Party	3482	5th Pass	Agriculture		Social Work		State Assembly Election (AE)
12	2012	12	4	0	Bharuch	South Gujarat	BHARUCH	153	GEN	DUSHYANTBHAI RAJNIKANT PATEL	M	47	BJP	1	GEN	92219	215933	154995	59.5	37190	23.99	71.78	11	2.08	TRUE	2	BJP	1605	BROACH	FALSE	TRUE	2	FALSE	TRUE	TRUE	no	AEGJ14149	National Party	1605	Graduate	Social Work				State Assembly Election (AE)
12	2012	12	4	0	Bharuch	South Gujarat	BHARUCH	153	GEN	SANDIP MANGROLA	M	35	INC	2	GEN	55029	215933	154995	35.5	52194	33.67	71.78	11	2.08	TRUE	1						0	FALSE	FALSE	FALSE	no	AEGJ14152	National Party	3482	10th Pass	Business		Agriculture		State Assembly Election (AE)
12	2012	12	4	0	Bharuch	South Gujarat	ANKLESHWAR	154	GEN	ISHWARSINH THAKORBHAI PATEL	M	47	BJP	1	GEN	82645	189552	143256	57.69	31443	21.95	75.58	9	2.17	TRUE	3	BJP	1605	ANKLESHWAR	TRUE	TRUE	3	FALSE	TRUE	TRUE	no	AEGJ11312	National Party	1605	Graduate Professional	Agriculture				State Assembly Election (AE)
12	2012	12	4	0	Bharuch	South Gujarat	ANKLESHWAR	154	GEN	MAGANBHAI BALUBHAI PATEL (MASTER)	M	45	INC	2	GEN	51202	189552	143256	35.74	47861	33.41	75.58	9	2.17	TRUE	1						0	FALSE	FALSE	FALSE	no	AEGJ14160	National Party	3482	Others	Retired or Pension	Retired Teacher	Agriculture		State Assembly Election (AE)
12	2012	12	4	0	Surat	South Gujarat	OLPAD	155	GEN	MUKESHBHAI ZINABHAI PATEL	M	42	BJP	1	GEN	106805	270144	192100	55.6	37058	19.29	71.11	14	2.27	TRUE	1						1	FALSE	FALSE	FALSE	no	AEGJ14178	National Party	1605	12th Pass	Business	Contractor	Agriculture		State Assembly Election (AE)
12	2012	12	4	0	Surat	South Gujarat	OLPAD	155	GEN	JAYESHKUMAR SHANKARBHAI PATEL	M	51	INC	2	GEN	69747	270144	192100	36.31	64707	33.68	71.11	14	2.27	TRUE	1						0	FALSE	FALSE	FALSE	no	AEGJ14170	National Party	3482	Graduate	Agriculture				State Assembly Election (AE)
12	2012	12	4	0	Surat	South Gujarat	MANGROL (ST)	156	ST	VASAVA GANPATSINH VESTABHAI	M	40	BJP	1	ST	79255	173952	140327	56.48	31106	22.17	80.67	5	2.27	TRUE	4	BJP	1605	MANGROL	TRUE	TRUE	3	FALSE	TRUE	TRUE	no	AEGJ10358	National Party	1605	Graduate	Agriculture				State Assembly Election (AE)
12	2012	12	4	0	Surat	South Gujarat	MANGROL (ST)	156	ST	CHAUDHARY TEJASBHAI AMARSINHBHAI	M	40	INC	2	ST	48149	173952	140327	34.31	39534	28.17	80.67	5	2.27	TRUE	1						0	FALSE	FALSE	FALSE	no	AEGJ14181	National Party	3482	Graduate	Business		Agriculture		State Assembly Election (AE)
12	2012	12	4	0	Surat	South Gujarat	MANDVI (ST)	157	ST	VASAVA PRABUBHAI NAGARBHAI	M	42	INC	1	ST	83298	209349	167248	49.81	24394	14.59	79.89	7	2.63	FALSE	2	INC	3482	SONGADH	FALSE	TRUE	2	FALSE	TRUE	TRUE	no	AEGJ14186	National Party	3482	Others	Agriculture				State Assembly Election (AE)
12	2012	12	4	0	Surat	South Gujarat	MANDVI (ST)	157	ST	VASAVA HEMALATABEN MAHESHBHAI	F	34	BJP	2	ST	58904	209349	167248	35.22	46038	27.53	79.89	7	2.63	FALSE	2	IND	10809	SONGADH	FALSE	FALSE	0	FALSE	FALSE	TRUE	no	AEGJ14188	National Party	1605	Graduate Professional	Other				State Assembly Election (AE)
12	2012	12	4	0	Surat	South Gujarat	KAMREJ	158	GEN	PANSHERIYA PRAFULBHAI CHHAGANBHAI	M	41	BJP	1	GEN	126032	304630	219877	57.32	61371	27.91	72.18	8	2.33	TRUE	1						1	FALSE	FALSE	FALSE	no	AEGJ14195	National Party	1605	Graduate Professional	Business	Real Estate or Builder or Developer or Construction			State Assembly Election (AE)
12	2012	12	4	0	Surat	South Gujarat	KAMREJ	158	GEN	BHAGIRATHBHAI MANUBHAI PITHAVDIWALA	M	30	INC	2	GEN	64661	304630	219877	29.41	44216	20.11	72.18	8	2.33	TRUE	1						0	FALSE	FALSE	FALSE	no	AEGJ14193	National Party	3482	8th Pass	Other				State Assembly Election (AE)
12	2012	12	4	0	Surat	South Gujarat	SURAT EAST	159	GEN	GILITWALA RANJITBHAI MANGUBHAI	M	66	BJP	1	GEN	72649	190809	136079	53.39	15789	11.6	71.32	16	2.17	TRUE	2	BJP	1605	SURAT CITY EAST	FALSE	TRUE	2	FALSE	TRUE	TRUE	no	AEGJ12660	National Party	1605	Graduate	Other				State Assembly Election (AE)
12	2012	12	4	0	Surat	South Gujarat	SURAT EAST	159	GEN	PIRZADA KADIR KAYAMUDIN	M	59	INC	2	GEN	56860	190809	136079	41.78	54724	40.21	71.32	16	2.17	TRUE	2	INC	3482	SURAT CITY WEST	FALSE	TRUE	0	FALSE	FALSE	FALSE	no	AEGJ6713	National Party	3482	Graduate Professional	Agriculture				State Assembly Election (AE)
12	2012	12	4	0	Surat	South Gujarat	SURAT NORTH	160	GEN	CHOKSI AJAYKUMAR  JASHVANTLAL	M	56	BJP	1	GEN	59690	152013	103329	57.77	22034	21.32	67.97	16	2.17	TRUE	1						1	FALSE	FALSE	FALSE	no	AEGJ14217	National Party	1605	Post Graduate	Business				State Assembly Election (AE)
12	2012	12	4	0	Surat	South Gujarat	SURAT NORTH	160	GEN	KACHHDIYA DINESHBHAI MANUBHAI	M	43	INC	2	GEN	37656	152013	103329	36.44	35010	33.88	67.97	16	2.17	TRUE	1						0	FALSE	FALSE	FALSE	no	AEGJ14223	National Party	3482	12th Pass	Business	Real Estate or Builder or Developer or Construction			State Assembly Election (AE)
12	2012	12	4	0	Surat	South Gujarat	VARACHHA ROAD	161	GEN	KANANI KISHORBHAI SHIVABHAI (KUMAR)	M	50	BJP	1	GEN	68529	185467	127385	53.8	20359	15.98	68.68	5	2.33	TRUE	1						1	FALSE	FALSE	FALSE	no	AEGJ14237	National Party	1605	8th Pass	Other				State Assembly Election (AE)
12	2012	12	4	0	Surat	South Gujarat	VARACHHA ROAD	161	GEN	GAJERA DHIRUBHAI HARIBHAI	M	59	INC	2	GEN	48170	185467	127385	37.81	39280	30.84	68.68	5	2.33	TRUE	5	INC	3482	SURAT CITY NORTH	FALSE	TRUE	3	FALSE	FALSE	TRUE	no	AEGJ11384	National Party	3482	8th Pass	Retired or Pension				State Assembly Election (AE)
12	2012	12	4	0	Surat	South Gujarat	KARANJ	162	GEN	KACHHADIYA JANAKBHAI MANJIBHAI	M	44	BJP	1	GEN	65696	144162	93169	70.51	49439	53.06	64.63	5	1.85	TRUE	1						1	FALSE	FALSE	FALSE	no	AEGJ14239	National Party	1605	12th Pass	Agriculture				State Assembly Election (AE)
12	2012	12	4	0	Surat	South Gujarat	KARANJ	162	GEN	ZALAVADIYA JAYSUKHBHAI DEVCHANDBHAI	M	40	INC	2	GEN	16257	144162	93169	17.45	6602	7.09	64.63	5	1.85	TRUE	1						0	FALSE	FALSE	FALSE	no	AEGJ14240	National Party	3482	10th Pass	Agriculture				State Assembly Election (AE)
12	2012	12	4	0	Surat	South Gujarat	LIMBAYAT	163	GEN	PATIL SANGITABEN RAJENDRABHAI	F	37	BJP	1	GEN	79744	224288	150268	53.07	30321	20.18	67	20	2.56	TRUE	1						1	FALSE	FALSE	FALSE	no	AEGJ14252	National Party	1605	8th Pass	Business				State Assembly Election (AE)
12	2012	12	4	0	Surat	South Gujarat	LIMBAYAT	163	GEN	SONVANE SURESH MOHAN	M	53	INC	2	GEN	49423	224288	150268	32.89	43493	28.94	67	20	2.56	TRUE	1						0	FALSE	FALSE	FALSE	no	AEGJ14261	National Party	3482	10th Pass	Business				State Assembly Election (AE)
12	2012	12	4	0	Surat	South Gujarat	UDHNA	164	GEN	NAROTTAMBHAI PATEL	M	76	BJP	1	GEN	74946	205649	129445	57.9	32754	25.3	62.94	8	2.22	TRUE	7	BJP	1605	CHORASI	FALSE	TRUE	6	FALSE	TRUE	TRUE	no	AEGJ2754	National Party	1605	Graduate Professional	Social Work	NGO			State Assembly Election (AE)
12	2012	12	4	0	Surat	South Gujarat	UDHNA	164	GEN	RAJPUT DHANSUKHBHAI BHAGWATIPRASAD	M	53	INC	2	GEN	42192	205649	129445	32.59	36347	28.08	62.94	8	2.22	TRUE	1						0	FALSE	FALSE	FALSE	no	AEGJ14268	National Party	3482	12th Pass	Other				State Assembly Election (AE)
12	2012	12	4	0	Surat	South Gujarat	MAJURA	165	GEN	SANGHVI HARSH RAMESHKUMAR	M	27	BJP	1	GEN	103577	219889	140715	73.61	71556	50.85	63.99	7	1.69	TRUE	1						1	FALSE	FALSE	FALSE	no	AEGJ14273	National Party	1605	8th Pass	Other				State Assembly Election (AE)
12	2012	12	4	0	Surat	South Gujarat	MAJURA	165	GEN	JAIN DHANPATRAJ LALCHAND	M	51	INC	2	GEN	32021	219889	140715	22.76	30736	21.84	63.99	7	1.69	TRUE	1						0	FALSE	FALSE	FALSE	no	AEGJ14271	National Party	3482	8th Pass	Other				State Assembly Election (AE)
12	2012	12	4	0	Surat	South Gujarat	KATARGAM	166	GEN	VANANI NANUBHAI BHAGWANBHAI (NANUBHAI PATEL)	M	56	BJP	1	GEN	88604	241336	165854	53.42	43272	26.09	68.72	9	2.56	TRUE	3	BJP	1605	SURAT CITY NORTH	FALSE	TRUE	2	FALSE	TRUE	TRUE	no	AEGJ7550	National Party	1605	5th Pass	Retired or Pension				State Assembly Election (AE)
12	2012	12	4	0	Surat	South Gujarat	KATARGAM	166	GEN	PANDAV NANDLAL KALABHAI	M	57	INC	2	GEN	45332	241336	165854	27.33	16711	10.08	68.72	9	2.56	TRUE	1						0	FALSE	FALSE	FALSE	no	AEGJ14278	National Party	3482	5th Pass	Business		Agriculture		State Assembly Election (AE)
12	2012	12	4	0	Surat	South Gujarat	SURAT WEST	167	GEN	KISHORBHAI RATILAL VANKAWALA	M	67	BJP	1	GEN	99099	196643	133337	74.32	69731	52.3	67.81	6	1.67	FALSE	2	BJP	1605	SURAT CITY WEST	FALSE	TRUE	2	FALSE	TRUE	TRUE	no	AEGJ12671	National Party	1605	12th Pass	Social Work				State Assembly Election (AE)
12	2012	12	4	0	Surat	South Gujarat	SURAT WEST	167	GEN	USHABEN BABUBHAI PATEL	F	59	INC	2	GEN	29368	196643	133337	22.03	26474	19.85	67.81	6	1.67	FALSE	3	INC	3482	OLPAD	FALSE	TRUE	1	FALSE	FALSE	FALSE	no	AEGJ3729	National Party	3482	10th Pass	Social Work				State Assembly Election (AE)
12	2012	12	4	0	Surat	South Gujarat	CHORASI	168	GEN	RAJENDRABHAI PARABHUBHAI PATEL (RAJABHAI)	M	57	BJP	1	GEN	119917	304425	191338	62.67	67638	35.35	62.85	14	2.17	FALSE	1						1	FALSE	FALSE	FALSE	no	AEGJ14293	National Party	1605	10th Pass	Agriculture				State Assembly Election (AE)
12	2012	12	4	0	Surat	South Gujarat	CHORASI	168	GEN	SATISHBHAI CHAMPAKBHAI PATEL	M	38	INC	2	GEN	52279	304425	191338	27.32	46373	24.24	62.85	14	2.17	FALSE	1						0	FALSE	FALSE	FALSE	no	AEGJ14298	National Party	3482	8th Pass	Business	Real Estate or Builder or Developer or Construction	Agriculture		State Assembly Election (AE)
12	2012	12	4	0	Surat	South Gujarat	BARDOLI	169	SC	PARMAR ISHWARBHAI ALIAS ANILBHAI RAMANBHAI	M	41	BJP	1	SC	81049	200474	149274	54.3	22272	14.92	74.46	6	2.22	TRUE	1						1	FALSE	FALSE	FALSE	no	AEGJ14308	National Party	1605	10th Pass	Other				State Assembly Election (AE)
12	2012	12	4	0	Surat	South Gujarat	BARDOLI	169	SC	RANA NITINBHAI GOPALBHAI	M	45	INC	2	SC	58777	200474	149274	39.38	54929	36.8	74.46	6	2.22	TRUE	1						0	FALSE	FALSE	FALSE	no	AEGJ14309	National Party	3482	Others	Business				State Assembly Election (AE)
12	2012	12	4	0	Surat	South Gujarat	MAHUVA (ST)	170	ST	DHODIYA MOHANBHAI DHANJIBHAI	M	55	BJP	1	ST	74161	202882	155482	47.7	11687	7.52	76.64	7	2.5	TRUE	4	BJP	1605	MAHUVA	TRUE	TRUE	2	FALSE	FALSE	TRUE	no	AEGJ6664	National Party	1605						State Assembly Election (AE)
12	2012	12	4	0	Surat	South Gujarat	MAHUVA (ST)	170	ST	ISHWARBHAI NARSINHBHAI VAHIA	M	65	INC	2	ST	62474	202882	155482	40.18	50858	32.71	76.64	7	2.5	TRUE	7	INC	3482	MAHUVA	TRUE	TRUE	3	FALSE	TRUE	TRUE	no	AEGJ6662	National Party	3482	10th Pass	Agriculture		Social Work		State Assembly Election (AE)
12	2012	12	4	0	Tapi	South Gujarat	VYARA	171	ST	PUNABHAI DHEDABHAI GAMIT	M	54	INC	1	ST	73138	190866	149542	48.91	13556	9.07	78.35	10	2.5	TRUE	2	INC	3482	VYARA	TRUE	TRUE	2	FALSE	TRUE	TRUE	no	AEGJ12622	National Party	3482	5th Pass	Agriculture				State Assembly Election (AE)
12	2012	12	4	0	Tapi	South Gujarat	VYARA	171	ST	GAMIT PRATAPBHAI BABUBHAI	M	53	BJP	2	ST	59582	190866	149542	39.84	53669	35.89	78.35	10	2.5	TRUE	6	BJP	1605	VYARA	TRUE	TRUE	3	FALSE	FALSE	TRUE	no	AEGJ9135	National Party	1605	10th Pass	Agriculture				State Assembly Election (AE)
12	2012	12	4	0	Tapi	South Gujarat	NIZAR	172	ST	GAMIT KANTILALBHAI RESHMABHAI	M	60	BJP	1	ST	90191	230048	192618	46.82	9924	5.15	83.73	9	2.56	TRUE	4	BJP	1605	NIJHAR	FALSE	TRUE	2	FALSE	FALSE	TRUE	no	AEGJ101230	National Party	1605	10th Pass	Agriculture				State Assembly Election (AE)
12	2012	12	4	0	Tapi	South Gujarat	NIZAR	172	ST	VASAVA PARESHBHAI GOVINDBHAI	M	42	INC	2	ST	80267	230048	192618	41.67	73772	38.3	83.73	9	2.56	TRUE	4	INC	3482	NIJHAR	FALSE	TRUE	3	FALSE	TRUE	TRUE	no	AEGJ10350	National Party	3482	12th Pass	Agriculture				State Assembly Election (AE)
12	2012	12	4	0	Dangs	South Gujarat	DANGS	173	ST	GAVIT MANGALBHAI GANGAJIBHAI	M	52	INC	1	ST	45637	144401	100702	45.32	2422	2.41	69.74	7	2.56	TRUE	1						1	FALSE	FALSE	FALSE	no	AEGJ14345	National Party	3482	10th Pass	Agriculture				State Assembly Election (AE)
12	2012	12	4	0	Dangs	South Gujarat	DANGS	173	ST	VIJAYBHAI RAMESHBHAI PATEL	M	38	BJP	2	ST	43215	144401	100702	42.91	38485	38.22	69.74	7	2.56	TRUE	3	BJP	1605	DANGS-BANSDA	FALSE	TRUE	1	FALSE	TRUE	TRUE	no	AEGJ11443	National Party	1605	Graduate	Business		Agriculture		State Assembly Election (AE)
12	2012	12	4	0	Navsari	South Gujarat	JALALPORE	174	GEN	R.C. PATEL	M	53	BJP	1	GEN	76797	197011	143952	53.35	17867	12.41	73.07	5	2.22	TRUE	3	BJP	1605	JALALPORE	TRUE	TRUE	3	FALSE	TRUE	TRUE	no	AEGJ102739	National Party	1605	10th Pass	Business	Trader	Agriculture		State Assembly Election (AE)
12	2012	12	4	0	Navsari	South Gujarat	JALALPORE	174	GEN	RANJITBHAI (MUNNABHAI) DAHYABHAI PANCHAL	M	47	INC	2	GEN	58930	197011	143952	40.94	55942	38.86	73.07	5	2.22	TRUE	1						0	FALSE	FALSE	FALSE	no	AEGJ14346	National Party	3482	8th Pass	Business	Real Estate or Builder or Developer or Construction			State Assembly Election (AE)
12	2012	12	4	0	Navsari	South Gujarat	NAVSARI	175	GEN	DESAI PIYUSHBHAI DINKARBHAI	M	52	BJP	1	GEN	81601	209665	156345	52.19	15981	10.22	74.57	9	2.22	TRUE	1						1	FALSE	FALSE	FALSE	no	AEGJ14351	National Party	1605	Graduate Professional	Other				State Assembly Election (AE)
12	2012	12	4	0	Navsari	South Gujarat	NAVSARI	175	GEN	ARVINDBHAI DURLABHBHAI PATEL ( A.D. PATEL)	M	68	INC	2	GEN	65620	209665	156345	41.97	63479	40.6	74.57	9	2.22	TRUE	1						0	FALSE	FALSE	FALSE	no	AEGJ14355	National Party	3482	Post Graduate	Agriculture				State Assembly Election (AE)
12	2012	12	4	0	Navsari	South Gujarat	GANDEVI	176	ST	MANGUBHAI CHHAGANBHAI PATEL	M	68	BJP	1	ST	104417	251458	190977	54.68	26177	13.71	75.95	4	2.13	TRUE	7	BJP	1605	NAVSARI	FALSE	TRUE	6	FALSE	TRUE	TRUE	no	AEGJ000127	National Party	1605	8th Pass	Social Work				State Assembly Election (AE)
12	2012	12	4	0	Navsari	South Gujarat	GANDEVI	176	ST	BHARTIBEN NARDEVBHAI PATEL	F	60	INC	2	ST	78240	251458	190977	40.97	73842	38.67	75.95	4	2.13	TRUE	6	INC	3482	CHIKHLI	FALSE	TRUE	2	FALSE	FALSE	TRUE	no	AEGJ4877	National Party	3482	Graduate Professional	Social Work				State Assembly Election (AE)
12	2012	12	4	0	Navsari	South Gujarat	VANSDA	177	ST	CHAUDHARI CHHANABHAI KOLUBHAI	M	61	INC	1	ST	105829	250841	203909	51.9	25616	12.56	81.29	6	2.38	TRUE	3	INC	3482	DHARAMPUR	FALSE	TRUE	3	FALSE	TRUE	TRUE	no	AEGJ100454	National Party	3482						State Assembly Election (AE)
12	2012	12	4	0	Navsari	South Gujarat	VANSDA	177	ST	NARESHBHAI MAGANBHAI PATEL	M	45	BJP	2	ST	80213	250841	203909	39.34	74346	36.46	81.29	6	2.38	TRUE	2	BJP	1605	CHIKHLI	FALSE	TRUE	1	FALSE	TRUE	TRUE	no	AEGJ12704	National Party	1605						State Assembly Election (AE)
12	2012	12	4	0	Valsad	South Gujarat	DHARAMPUR	178	ST	ISHWARBHAI DHEDABHAI PATEL	M	51	INC	1	ST	82319	204834	162311	50.72	15298	9.43	79.24	4	2.33	TRUE	1						1	FALSE	FALSE	FALSE	no	AEGJ14370	National Party	3482	10th Pass	Agriculture				State Assembly Election (AE)
12	2012	12	4	0	Valsad	South Gujarat	DHARAMPUR	178	ST	CHAUDHARY SUMITRABEN BATUKBHAI	F	49	BJP	2	ST	67021	204834	162311	41.29	59464	36.64	79.24	4	2.33	TRUE	1						0	FALSE	FALSE	FALSE	no	AEGJ14373	National Party	1605	8th Pass	Agriculture				State Assembly Election (AE)
12	2012	12	4	0	Valsad	South Gujarat	VALSAD	179	GEN	BHARATBHAI KIKUBHAI PATEL	M	54	BJP	1	GEN	93658	220058	157025	59.65	35999	22.93	71.36	8	2.04	TRUE	1						1	FALSE	FALSE	FALSE	no	AEGJ14374	National Party	1605	Post Graduate	Other				State Assembly Election (AE)
12	2012	12	4	0	Valsad	South Gujarat	VALSAD	179	GEN	JINESHBHAI ALIAS DINESHBHAI RAMANBHAI PATEL	M	48	INC	2	GEN	57659	220058	157025	36.72	55798	35.53	71.36	8	2.04	TRUE	2	IND	10809	BROACH	FALSE	FALSE	0	FALSE	FALSE	FALSE	no	AEGJ11311	National Party	3482	Post Graduate	Other				State Assembly Election (AE)
12	2012	12	4	0	Valsad	South Gujarat	PARDI	180	GEN	KANUBHAI MOHANLAL DESAI	M	60	BJP	1	GEN	84563	197921	140475	60.2	37311	26.56	70.98	9	2.13	TRUE	1						1	FALSE	FALSE	FALSE	no	AEGJ14382	National Party	1605	Graduate	Agriculture				State Assembly Election (AE)
12	2012	12	4	0	Valsad	South Gujarat	PARDI	180	GEN	HEMANT MANUBHAI DESAI	M	53	INC	2	GEN	47252	197921	140475	33.64	44063	31.37	70.98	9	2.13	TRUE	1						0	FALSE	FALSE	FALSE	no	AEGJ14383	National Party	3482	12th Pass	Business	Trader	Agriculture		State Assembly Election (AE)
12	2012	12	4	0	Valsad	South Gujarat	KAPRADA	181	ST	CHAUDHARI JITUBHAI HARJIBHAI	M	48	INC	1	ST	85780	206083	173183	49.53	18685	10.79	84.04	7	2.5	TRUE	3	INC	3482	MOTA PONDHA	FALSE	TRUE	3	FALSE	TRUE	TRUE	no	AEGJ14395	National Party	3482	8th Pass	Business		Agriculture		State Assembly Election (AE)
12	2012	12	4	0	Valsad	South Gujarat	KAPRADA	181	ST	PRAKASHBHAI SHANKARBHAI PATEL	M	44	BJP	2	ST	67095	206083	173183	38.74	60185	34.75	84.04	7	2.5	TRUE	2	IND	10809	MOTA PONDHA	FALSE	FALSE	0	FALSE	FALSE	TRUE	no	AEGJ14391	National Party	1605	10th Pass	Business	"Real Estate or Builder or Developer or Construction, Transport"	Agriculture		State Assembly Election (AE)
12	2012	12	4	0	Valsad	South Gujarat	UMBERGAON	182	ST	PATKAR RAMANBHAI NANUBHAI	M	60	BJP	1	ST	69450	214379	142846	48.62	28299	19.81	66.63	9	2.86	TRUE	8	BJP	1605	UMBERGAON	TRUE	TRUE	4	FALSE	TRUE	TRUE	no	AEGJ2017	National Party	1605	8th Pass	Agriculture				State Assembly Election (AE)
12	2012	12	4	0	Valsad	South Gujarat	UMBERGAON	182	ST	GOVINDBHAI VESTABHAI PATEL	M	55	INC	2	ST	41151	214379	142846	28.81	16943	11.86	66.63	9	2.86	TRUE	1						0	FALSE	FALSE	FALSE	no	AEGJ14405	National Party	3482	Graduate	Other				State Assembly Election (AE)