AE_Gujarat_2017																																						
Year	Assembly_No	District_Name	Sub_Region	Name	Type	Number	Candidate	Sex	Age	Party	Position	No_Terms	Votes	Electors	Valid_Votes	Vote_Share_Percentage	Turnout_Percentage	Margin	Margin_Percentage	No of candidates	ENOP	last_poll	Contested	Last_Party	Last_Party_ID	Last_Constituency_Name	Same_Constituency	Same_Party	Turncoat	Incumbent	Recontest	pid	Party_Type_TCPD	Party_ID	MyNeta_education	TCPD_Prof_Main	TCPD_Prof_Main_Desc	TCPD_Prof_Second
2017	13	Kachchh	Saurashtra-Kutch	ABDASA	GEN	1	JADEJA PRADHYUMANSINH MAHIPATSINH	M	53	INC	1	1	73312	223705	150261	48.79	67.17	9746	6.49	11	2.38	FALSE	1						FALSE	FALSE	FALSE	AEGJ8	National Party	3482	Literate	Business	Transport	Agriculture
2017	13	Kachchh	Saurashtra-Kutch	ABDASA	GEN	1	CHHABILBHAI NARANBHAI PATEL	M	56	BJP	2	2	63566	223705	150261	42.3	67.17	59444	39.56	11	2.38	FALSE	4	INC	3482	ABDASA	TRUE	FALSE	TRUE	FALSE	FALSE	AEGJ12745	National Party	1605	Graduate Professional	Business		Agriculture
2017	13	Kachchh	Saurashtra-Kutch	ABDASA	GEN	1	RAJESH SHAMJI MAHESHWARI	M	33	BMUP	3	0	4122	223705	150261	2.74	67.17	871	0.58	11	2.38	FALSE	1						FALSE	FALSE	FALSE	AEGJ60	Local Party	1074	10th Pass	Agriculture		
2017	13	Kachchh	Saurashtra-Kutch	ABDASA	GEN	1	None of the Above			NOTA	4		3251	223705	150261	2.16	67.17	1400	0.93	11	2.38	FALSE											NOTA	5897				
2017	13	Kachchh	Saurashtra-Kutch	ABDASA	GEN	1	SONI KAUSHIKBHAI BABULAL	M	49	IND	5	0	1851	223705	150261	1.23	67.17	451	0.3	11	2.38	FALSE	1						FALSE	FALSE	FALSE	AEGJ166	Independents	10809				
2017	13	Kachchh	Saurashtra-Kutch	ABDASA	GEN	1	VAGHELA LAXMANBHAI KANJI	M	50	BSP	6	0	1400	223705	150261	0.93	67.17	667	0.44	11	2.38	FALSE	1						FALSE	FALSE	FALSE	AEGJ3	State-based Party (Other State)	16651	5th Pass	Business	Contractor	
2017	13	Kachchh	Saurashtra-Kutch	ABDASA	GEN	1	RAM MANGAL GADHAVI	M	35	IND	7	0	733	223705	150261	0.49	67.17	78	0.05	11	2.38	FALSE	1						FALSE	FALSE	FALSE	AEGJ116	Independents	10809	12th Pass	Agriculture		
2017	13	Kachchh	Saurashtra-Kutch	ABDASA	GEN	1	DHARAMSHI SHARAD SHIVJI	M	56	IND	8	0	655	223705	150261	0.44	67.17	202	0.13	11	2.38	FALSE	1						FALSE	FALSE	FALSE	AEGJ94	Independents	10809				
2017	13	Kachchh	Saurashtra-Kutch	ABDASA	GEN	1	UMAR OSMAN SANGAR	M	37	IND	9	0	453	223705	150261	0.3	67.17	122	0.08	11	2.38	FALSE	1						FALSE	FALSE	FALSE	AEGJ93	Independents	10809	10th Pass	Agriculture		
2017	13	Kachchh	Saurashtra-Kutch	ABDASA	GEN	1	KOLI SHANKARBHAI ALIBHAI	M	34	VPP	10	0	331	223705	150261	0.22	67.17	21	0.01	11	2.38	FALSE	1						FALSE	FALSE	FALSE	AEGJ32	Local Party	8518				
2017	13	Kachchh	Saurashtra-Kutch	ABDASA	GEN	1	KHETANI VASANTBHAI VALJIBHAI	M	48	REALDP	11	0	310	223705	150261	0.21	67.17	33	0.02	11	2.38	FALSE	1						FALSE	FALSE	FALSE	AEGJ33	Local Party	6905	8th Pass	Agriculture		
2017	13	Kachchh	Saurashtra-Kutch	ABDASA	GEN	1	AMRUT LADHABHAI PATEL	M	63	IND	12	0	277	223705	150261	0.18	67.17	0	0	11	2.38	FALSE	2	JD(U)	11002	ABDASA	TRUE	FALSE	FALSE	FALSE	FALSE	AEGJ12747	Independents	10809				
2017	13	Kachchh	Saurashtra-Kutch	MANDVI	GEN	2	JADEJA VIRENDRASINH BAHADURSINH	M	51	BJP	1	1	79469	224902	160060	49.65	71.17	9046	5.65	17	2.27	TRUE	2	BJP	1605	RAPAR	FALSE	TRUE	FALSE	FALSE	FALSE	AEGJ11517	National Party	1605	8th Pass	Agriculture		
2017	13	Kachchh	Saurashtra-Kutch	MANDVI	GEN	2	GOHIL SHAKTISINHJI HARICHANDRASINHJI	M	57	INC	2	3	70423	224902	160060	44	71.17	68738	42.95	17	2.27	TRUE	6	INC	3482	BHAVNAGAR RURAL	FALSE	TRUE	FALSE	FALSE	TRUE	AEGJ13756	National Party	3482	Post Graduate	Liberal Profession or Professional	Lawyer	Politics
2017	13	Kachchh	Saurashtra-Kutch	MANDVI	GEN	2	None of the Above			NOTA	3		1685	224902	160060	1.05	71.17	403	0.25	17	2.27	TRUE											NOTA	5897				
2017	13	Kachchh	Saurashtra-Kutch	MANDVI	GEN	2	RANGANI MAHESHBHAI KARSHANBHAI	M	36	IND	4	0	1282	224902	160060	0.8	71.17	128	0.08	17	2.27	TRUE	1						FALSE	FALSE	FALSE	AEGJ318	Independents	10809				
2017	13	Kachchh	Saurashtra-Kutch	MANDVI	GEN	2	KENEEYA BHANJIBHAI KHIMJIBHAI	M	55	BSP	5	0	1154	224902	160060	0.72	71.17	44	0.03	17	2.27	TRUE	1						FALSE	FALSE	FALSE	AEGJ179	State-based Party (Other State)	16651	12th Pass	Other		
2017	13	Kachchh	Saurashtra-Kutch	MANDVI	GEN	2	RANGANI VARSHABEN MAHESHBHAI	F	33	IND	6	0	1110	224902	160060	0.69	71.17	5	0	17	2.27	TRUE	1						FALSE	FALSE	FALSE	AEGJ330	Independents	10809				
2017	13	Kachchh	Saurashtra-Kutch	MANDVI	GEN	2	SAMEJA ABDULKARIM AMAD	M	43	BMUP	7	0	1105	224902	160060	0.69	71.17	6	0	17	2.27	TRUE	1						FALSE	FALSE	FALSE	AEGJ219	Local Party	1074	Literate	Agriculture		
2017	13	Kachchh	Saurashtra-Kutch	MANDVI	GEN	2	SHAH VIJAYKUMAR CHIMANLAL	M	59	IND	8	0	1099	224902	160060	0.69	71.17	540	0.34	17	2.27	TRUE	1						FALSE	FALSE	FALSE	AEGJ343	Independents	10809	12th Pass	Salaried Work or Employed	Accountant	
2017	13	Kachchh	Saurashtra-Kutch	MANDVI	GEN	2	SAIYAD IMAMSHA LATIFSHA	M	41	IND	9	0	559	224902	160060	0.35	71.17	18	0.01	17	2.27	TRUE	1						FALSE	FALSE	FALSE	AEGJ345	Independents	10809	Illiterate	Other		
2017	13	Kachchh	Saurashtra-Kutch	MANDVI	GEN	2	JOSHI SHAILESHBHAI BHAVANISANKAR	M	56	SP	10	0	541	224902	160060	0.34	71.17	107	0.07	17	2.27	TRUE	2	SAP	7575	ANJAR	FALSE	FALSE	TRUE	FALSE	FALSE	AEGJ10494	State-based Party (Other State)	7425	Graduate Professional	Liberal Profession or Professional	Doctor	
2017	13	Kachchh	Saurashtra-Kutch	MANDVI	GEN	2	RAMBHAI DHANRAJBHAI GADHAVI	M	53	IND	11	0	434	224902	160060	0.27	71.17	213	0.13	17	2.27	TRUE	3	IND	10809	MANDVI	TRUE	TRUE	FALSE	FALSE	TRUE	AEGJ11486	Independents	10809				
2017	13	Kachchh	Saurashtra-Kutch	MANDVI	GEN	2	VORA JAYESHBHAI PRAVEENCHANDRA	M	43	SHS	12	0	221	224902	160060	0.14	71.17	10	0.01	17	2.27	TRUE	1						FALSE	FALSE	FALSE	AEGJ196	State-based Party (Other State)	18691	10th Pass	Business		
2017	13	Kachchh	Saurashtra-Kutch	MANDVI	GEN	2	BODA VASANTBHAI MORARJIBHAI	M	38	IND	13	0	211	224902	160060	0.13	71.17	32	0.02	17	2.27	TRUE	1						FALSE	FALSE	FALSE	AEGJ277	Independents	10809	8th Pass	Other		
2017	13	Kachchh	Saurashtra-Kutch	MANDVI	GEN	2	DHRUIYA GULAMHUSEN SALEMAMAD	M	53	IND	14	0	179	224902	160060	0.11	71.17	1	0	17	2.27	TRUE	2	IND	10809	MANDVI	TRUE	TRUE	FALSE	FALSE	TRUE	AEGJ12758	Independents	10809	Literate	Business		Agriculture
2017	13	Kachchh	Saurashtra-Kutch	MANDVI	GEN	2	JAT AMIN KASAM	M	43	IND	15	0	178	224902	160060	0.11	71.17	2	0	17	2.27	TRUE	1						FALSE	FALSE	FALSE	AEGJ259	Independents	10809	5th Pass	Labourer or Daily Wage		
2017	13	Kachchh	Saurashtra-Kutch	MANDVI	GEN	2	ANVARSHA BHACHHAMIYA SAIYAD	M	62	IND	16	0	176	224902	160060	0.11	71.17	56	0.03	17	2.27	TRUE	1						FALSE	FALSE	FALSE	AEGJ228	Independents	10809				
2017	13	Kachchh	Saurashtra-Kutch	MANDVI	GEN	2	JOSHI PRATEEK YOGESHBHAI	M	29	IND	17	0	120	224902	160060	0.07	71.17	6	0	17	2.27	TRUE	1						FALSE	FALSE	FALSE	AEGJ270	Independents	10809				
2017	13	Kachchh	Saurashtra-Kutch	MANDVI	GEN	2	KANERIYA BHAVIN GIRDHARBHAI	M	26	IND	18	0	114	224902	160060	0.07	71.17	0	0	17	2.27	TRUE	1						FALSE	FALSE	FALSE	AEGJ255	Independents	10809	12th Pass	Other		
2017	13	Kachchh	Saurashtra-Kutch	BHUJ	GEN	3	ACHARYA DR.NIMABEN BHAVESHBHAI	F	69	BJP	1	4	86532	255823	170589	50.73	66.68	14022	8.22	13	2.27	TRUE	6	BJP	1605	BHUJ	TRUE	TRUE	FALSE	TRUE	TRUE	AEGJ4952	National Party	1605	Post Graduate	Liberal Profession or Professional	Doctor	
2017	13	Kachchh	Saurashtra-Kutch	BHUJ	GEN	3	CHAKI ADAMBHAI BUDHABHAI	M	58	INC	2	0	72510	255823	170589	42.51	66.68	67929	39.82	13	2.27	TRUE	1						FALSE	FALSE	FALSE	AEGJ262	National Party	3482	Literate	Business		
2017	13	Kachchh	Saurashtra-Kutch	BHUJ	GEN	3	None of the Above			NOTA	3		4581	255823	170589	2.69	66.68	2604	1.53	13	2.27	TRUE											NOTA	5897				
2017	13	Kachchh	Saurashtra-Kutch	BHUJ	GEN	3	SINDHAL PRAKASH HARILAL	M	48	IND	4	0	1977	255823	170589	1.16	66.68	829	0.49	13	2.27	TRUE	1						FALSE	FALSE	FALSE	AEGJ480	Independents	10809	12th Pass	Business		
2017	13	Kachchh	Saurashtra-Kutch	BHUJ	GEN	3	NODE KASAM MAHAMAD	M	60	BSP	5	0	1148	255823	170589	0.67	66.68	308	0.18	13	2.27	TRUE	1						FALSE	FALSE	FALSE	AEGJ357	State-based Party (Other State)	16651	5th Pass	Retired or Pension		
2017	13	Kachchh	Saurashtra-Kutch	BHUJ	GEN	3	MALSHI RANA	M	44	IND	6	0	840	255823	170589	0.49	66.68	124	0.07	13	2.27	TRUE	1						FALSE	FALSE	FALSE	AEGJ465	Independents	10809	10th Pass	Other		
2017	13	Kachchh	Saurashtra-Kutch	BHUJ	GEN	3	SODHA MADHUBHA RANAJI	M	39	SHS	7	0	716	255823	170589	0.42	66.68	109	0.06	13	2.27	TRUE	1						FALSE	FALSE	FALSE	AEGJ371	State-based Party (Other State)	18691	10th Pass	Agriculture		
2017	13	Kachchh	Saurashtra-Kutch	BHUJ	GEN	3	SHAH PARESH VRAJLAL	M	51	IND	8	0	607	255823	170589	0.36	66.68	229	0.13	13	2.27	TRUE	2	IND	10809	BHUJ	TRUE	TRUE	FALSE	FALSE	FALSE	AEGJ11492	Independents	10809	8th Pass	Business	Real Estate or Builder or Developer or Construction	
2017	13	Kachchh	Saurashtra-Kutch	BHUJ	GEN	3	KOKA RAJESH KANTILAL	M	40	IND	9	0	378	255823	170589	0.22	66.68	41	0.02	13	2.27	TRUE	1						FALSE	FALSE	FALSE	AEGJ380	Independents	10809	10th Pass	Other		
2017	13	Kachchh	Saurashtra-Kutch	BHUJ	GEN	3	GOHIL JIGNABA KARUBHA	F	33	RKSP	10	0	337	255823	170589	0.2	66.68	63	0.04	13	2.27	TRUE	1						FALSE	FALSE	FALSE	AEGJ370	Local Party	12157	12th Pass	Other		
2017	13	Kachchh	Saurashtra-Kutch	BHUJ	GEN	3	MAKWANA SIKANDAR ISMAIL	M	31	IND	11	0	274	255823	170589	0.16	66.68	7	0	13	2.27	TRUE	1						FALSE	FALSE	FALSE	AEGJ417	Independents	10809				
2017	13	Kachchh	Saurashtra-Kutch	BHUJ	GEN	3	TEJAS ALIAS SACHIN RAJGOR	M	37	IND	12	0	267	255823	170589	0.16	66.68	41	0.02	13	2.27	TRUE	1						FALSE	FALSE	FALSE	AEGJ395	Independents	10809				
2017	13	Kachchh	Saurashtra-Kutch	BHUJ	GEN	3	BABU SAMA	M	61	IND	13	0	226	255823	170589	0.13	66.68	30	0.02	13	2.27	TRUE	1						FALSE	FALSE	FALSE	AEGJ404	Independents	10809	5th Pass	Labourer or Daily Wage		
2017	13	Kachchh	Saurashtra-Kutch	BHUJ	GEN	3	KHATRI MUNAF ABUBAKAR	M	46	IND	14	0	196	255823	170589	0.11	66.68	0	0	13	2.27	TRUE	1						FALSE	FALSE	FALSE	AEGJ383	Independents	10809	10th Pass	Small Business or Self-employed		
2017	13	Kachchh	Saurashtra-Kutch	ANJAR	GEN	4	AHIR VASANBHAI GOPALBHAI	M	59	BJP	1	5	75331	229493	156170	48.24	68.05	11313	7.24	12	2.5	TRUE	5	BJP	1605	ANJAR	TRUE	TRUE	FALSE	TRUE	TRUE	AEGJ6853	National Party	1605	5th Pass	Agriculture		
2017	13	Kachchh	Saurashtra-Kutch	ANJAR	GEN	4	V. K. HUMBAL	M	61	INC	2	0	64018	229493	156170	40.99	68.05	59341	38	12	2.5	TRUE	2	INC	3482	ANJAR	TRUE	TRUE	FALSE	FALSE	TRUE	AEGJ12773	National Party	3482	10th Pass	Business		Agriculture
2017	13	Kachchh	Saurashtra-Kutch	ANJAR	GEN	4	VEERA HARIBHAI SAMANTBHAI	M	32	IND	3	0	4677	229493	156170	2.99	68.05	1076	0.69	12	2.5	TRUE	1						FALSE	FALSE	FALSE	AEGJ686	Independents	10809	8th Pass	Agriculture		
2017	13	Kachchh	Saurashtra-Kutch	ANJAR	GEN	4	None of the Above			NOTA	4		3601	229493	156170	2.31	68.05	1191	0.76	12	2.5	TRUE											NOTA	5897				
2017	13	Kachchh	Saurashtra-Kutch	ANJAR	GEN	4	HADIYA PRAKASHBHAI HIRJIBHAI (AHIR)	M	44	IND	5	0	2410	229493	156170	1.54	68.05	876	0.56	12	2.5	TRUE	1						FALSE	FALSE	FALSE	AEGJ759	Independents	10809	12th Pass	Business	Real Estate or Builder or Developer or Construction	Agriculture
2017	13	Kachchh	Saurashtra-Kutch	ANJAR	GEN	4	MANGALBHAI KARAMSHIBHAI RABARI	M	57	BMUP	6	0	1534	229493	156170	0.98	68.05	68	0.04	12	2.5	TRUE	2	IND	10809	BHUJ	FALSE	FALSE	FALSE	FALSE	FALSE	AEGJ570	Local Party	1074	5th Pass	Social Work		
2017	13	Kachchh	Saurashtra-Kutch	ANJAR	GEN	4	KOCHARA JAGDISHBHAI KANJIBHAI	M	45	BSP	7	0	1466	229493	156170	0.94	68.05	467	0.3	12	2.5	TRUE	1						FALSE	FALSE	FALSE	AEGJ495	State-based Party (Other State)	16651	Graduate Professional	Business		
2017	13	Kachchh	Saurashtra-Kutch	ANJAR	GEN	4	SHEIKH MUSTAFA NURSHA	M	42	JD(U)	8	0	999	229493	156170	0.64	68.05	55	0.04	12	2.5	TRUE	1						FALSE	FALSE	FALSE	AEGJ582	State-based Party (Other State)	11002	5th Pass	Business	Contractor	
2017	13	Kachchh	Saurashtra-Kutch	ANJAR	GEN	4	HUSSEN ALIMAMAD KHARA	M	27	IND	9	0	944	229493	156170	0.6	68.05	595	0.38	12	2.5	TRUE	1						FALSE	FALSE	FALSE	AEGJ820	Independents	10809	8th Pass	Other		
2017	13	Kachchh	Saurashtra-Kutch	ANJAR	GEN	4	MALSATTAR DHANJI SHIVJI	M	71	IND	10	0	349	229493	156170	0.22	68.05	32	0.02	12	2.5	TRUE	1						FALSE	FALSE	FALSE	AEGJ683	Independents	10809				
2017	13	Kachchh	Saurashtra-Kutch	ANJAR	GEN	4	JADEJA JAYENDRASINH BALWANTSINH	M	32	IND	11	0	317	229493	156170	0.2	68.05	31	0.02	12	2.5	TRUE	1						FALSE	FALSE	FALSE	AEGJ635	Independents	10809	8th Pass	Business	Transport	Salaried Work or Employed
2017	13	Kachchh	Saurashtra-Kutch	ANJAR	GEN	4	DATANIYA MULJI REVA	M	56	IND	12	0	286	229493	156170	0.18	68.05	48	0.03	12	2.5	TRUE	1						FALSE	FALSE	FALSE	AEGJ681	Independents	10809	Illiterate	Labourer or Daily Wage		
2017	13	Kachchh	Saurashtra-Kutch	ANJAR	GEN	4	CHAUHAN VIRAL PREMJI	M	29	IND	13	0	238	229493	156170	0.15	68.05	0	0	12	2.5	TRUE	1						FALSE	FALSE	FALSE	AEGJ620	Independents	10809	10th Pass	Other		
2017	13	Kachchh	Saurashtra-Kutch	GANDHIDHAM	SC	5	MAHESHWARI MALTI KISHOR	F	28	BJP	1	1	79713	277693	151448	52.63	54.54	20270	13.38	14	2.33	TRUE	1						FALSE	FALSE	FALSE	AEGJ669	National Party	1605	Graduate	Other	Household	
2017	13	Kachchh	Saurashtra-Kutch	GANDHIDHAM	SC	5	KISHOR GANGJIBHAI PINGOL	M	37	INC	2	0	59443	277693	151448	39.25	54.54	55865	36.89	14	2.33	TRUE	1						FALSE	FALSE	FALSE	AEGJ677	National Party	3482	10th Pass	Business	Real Estate or Builder or Developer or Construction	Agriculture
2017	13	Kachchh	Saurashtra-Kutch	GANDHIDHAM	SC	5	None of the Above			NOTA	3		3578	277693	151448	2.36	54.54	1613	1.07	14	2.33	TRUE											NOTA	5897				
2017	13	Kachchh	Saurashtra-Kutch	GANDHIDHAM	SC	5	BHANJIBHAI MYAJARBHAI DUNGARIYA	M	47	BMUP	4	0	1965	277693	151448	1.3	54.54	732	0.48	14	2.33	TRUE	1						FALSE	FALSE	FALSE	AEGJ1029	Local Party	1074	10th Pass	Agriculture		
2017	13	Kachchh	Saurashtra-Kutch	GANDHIDHAM	SC	5	BHARYA JUMABHAI SAVALI	M	60	BSP	5	0	1233	277693	151448	0.81	54.54	132	0.09	14	2.33	TRUE	1						FALSE	FALSE	FALSE	AEGJ832	State-based Party (Other State)	16651	Literate	Other		
2017	13	Kachchh	Saurashtra-Kutch	GANDHIDHAM	SC	5	DANICHA GOVINDBHAI PUNAMCHAND	M	49	AAAP	6	0	1101	277693	151448	0.73	54.54	14	0.01	14	2.33	TRUE	2	BSP	16651	MUNDRA	FALSE	FALSE	TRUE	FALSE	FALSE	AEGJ888	State-based Party (Other State)	13				
2017	13	Kachchh	Saurashtra-Kutch	GANDHIDHAM	SC	5	SONDARVA BALUBEN MAHESHBHAI	F	45	IND	7	0	1087	277693	151448	0.72	54.54	50	0.03	14	2.33	TRUE	1						FALSE	FALSE	FALSE	AEGJ1184	Independents	10809				
2017	13	Kachchh	Saurashtra-Kutch	GANDHIDHAM	SC	5	VAGHELA SOMABHAI RUPABHAI	M	36	IND	8	0	1037	277693	151448	0.68	54.54	476	0.31	14	2.33	TRUE	1						FALSE	FALSE	FALSE	AEGJ1182	Independents	10809	8th Pass	Other		
2017	13	Kachchh	Saurashtra-Kutch	GANDHIDHAM	SC	5	RAJESH LADHABHAI CHAVDA	M	40	IND	9	0	561	277693	151448	0.37	54.54	125	0.08	14	2.33	TRUE	1						FALSE	FALSE	FALSE	AEGJ1178	Independents	10809	5th Pass	Labourer or Daily Wage	Mechanic	
2017	13	Kachchh	Saurashtra-Kutch	GANDHIDHAM	SC	5	RAMESH MAVABHAI SOLANKI	M	41	IND	10	0	436	277693	151448	0.29	54.54	65	0.04	14	2.33	TRUE	2	IJP	3430	RAPAR	FALSE	FALSE	FALSE	FALSE	FALSE	AEGJ1175	Independents	10809	Literate	Other		
2017	13	Kachchh	Saurashtra-Kutch	GANDHIDHAM	SC	5	ADVOCATE GOVIND DAFDA	M	35	IND	11	0	371	277693	151448	0.24	54.54	40	0.03	14	2.33	TRUE	1						FALSE	FALSE	FALSE	AEGJ1130	Independents	10809				
2017	13	Kachchh	Saurashtra-Kutch	GANDHIDHAM	SC	5	BHARAT UMAR MARU	M	35	IND	12	0	331	277693	151448	0.22	54.54	112	0.07	14	2.33	TRUE	1						FALSE	FALSE	FALSE	AEGJ1132	Independents	10809	Graduate	Small Business or Self-employed		
2017	13	Kachchh	Saurashtra-Kutch	GANDHIDHAM	SC	5	VANKAR RAMESHBHAI MAGABHAI	M	42	AINHCP	13	0	219	277693	151448	0.14	54.54	23	0.02	14	2.33	TRUE	1						FALSE	FALSE	FALSE	AEGJ101226	Local Party	662	10th Pass	Business	Private Company	
2017	13	Kachchh	Saurashtra-Kutch	GANDHIDHAM	SC	5	BALIYA LALJIBHAI KARABHAI	M	43	ASAPA	14	0	196	277693	151448	0.13	54.54	19	0.01	14	2.33	TRUE	2	SP	7425	GANDHIDHAM	TRUE	FALSE	TRUE	FALSE	TRUE	AEGJ101227	Local Party	47	Literate	Labourer or Daily Wage		
2017	13	Kachchh	Saurashtra-Kutch	GANDHIDHAM	SC	5	VANJARA HIRABEN DALPATBHAI	F	47	RKSP	15	0	177	277693	151448	0.12	54.54	0	0	14	2.33	TRUE	1						FALSE	FALSE	FALSE	AEGJ1084	Local Party	12157	5th Pass	Other	Household	
2017	13	Kachchh	Saurashtra-Kutch	RAPAR	GEN	6	AARETHIYA SANTOKBEN BHACHUBHAI	F	52	INC	1	1	63814	216390	130112	49.05	60.13	15209	11.69	13	2.63	TRUE	1						FALSE	FALSE	FALSE	AEGJ1827	National Party	3482	Illiterate	Business		
2017	13	Kachchh	Saurashtra-Kutch	RAPAR	GEN	6	PANKAJBHAI ANOPCHAND MAHETA	M	46	BJP	2	0	48605	216390	130112	37.36	60.13	43991	33.81	13	2.63	TRUE	1						FALSE	FALSE	FALSE	AEGJ1817	National Party	1605	5th Pass	Other		
2017	13	Kachchh	Saurashtra-Kutch	RAPAR	GEN	6	None of the Above			NOTA	3		4614	216390	130112	3.55	60.13	1858	1.43	13	2.63	TRUE											NOTA	5897				
2017	13	Kachchh	Saurashtra-Kutch	RAPAR	GEN	6	GADA BABULAL MEGHJI	M	75	NCP	4	4	2756	216390	130112	2.12	60.13	166	0.13	13	2.63	TRUE	10	INC	3482	RAPAR	TRUE	FALSE	TRUE	FALSE	FALSE	AEGJ1159	State-based Party (Other State)	5792	8th Pass	Agriculture		
2017	13	Kachchh	Saurashtra-Kutch	RAPAR	GEN	6	MAHADEVBHAI KHUMANNBHAI BAGADA	M	38	BMUP	5	0	2590	216390	130112	1.99	60.13	870	0.67	13	2.63	TRUE	1						FALSE	FALSE	FALSE	AEGJ1219	Local Party	1074	Graduate Professional	Liberal Profession or Professional	Lawyer	
2017	13	Kachchh	Saurashtra-Kutch	RAPAR	GEN	6	PARMAR VALJIBHAI DEVJIBHAI	M	37	IND	6	0	1720	216390	130112	1.32	60.13	512	0.39	13	2.63	TRUE	1						FALSE	FALSE	FALSE	AEGJ1354	Independents	10809	10th Pass	Labourer or Daily Wage		
2017	13	Kachchh	Saurashtra-Kutch	RAPAR	GEN	6	CHAVADA SUDHA BAKUL	F	37	BSP	7	0	1208	216390	130112	0.93	60.13	188	0.14	13	2.63	TRUE	1						FALSE	FALSE	FALSE	AEGJ1204	State-based Party (Other State)	16651	Graduate Professional	Liberal Profession or Professional	Lawyer	
2017	13	Kachchh	Saurashtra-Kutch	RAPAR	GEN	6	KOLI MEGHABHAI JIVABHAI	M	53	VPP	8	0	1020	216390	130112	0.78	60.13	49	0.04	13	2.63	TRUE	1						FALSE	FALSE	FALSE	AEGJ1207	Local Party	8518				
2017	13	Kachchh	Saurashtra-Kutch	RAPAR	GEN	6	JADEJA NARENDRASINH TAPUBHA	M	44	IND	9	0	971	216390	130112	0.75	60.13	12	0.01	13	2.63	TRUE	1						FALSE	FALSE	FALSE	AEGJ1308	Independents	10809	10th Pass	Other		
2017	13	Kachchh	Saurashtra-Kutch	RAPAR	GEN	6	DABHI MOHANBHAI TULSHIBHAI	M	71	IND	10	0	959	216390	130112	0.74	60.13	259	0.2	13	2.63	TRUE	7	IND	10809	LIMBDI	FALSE	TRUE	FALSE	FALSE	FALSE	AEGJ1991	Independents	10809	Post Graduate	Liberal Profession or Professional	Lawyer	Agriculture
2017	13	Kachchh	Saurashtra-Kutch	RAPAR	GEN	6	GAMI RUDIBEN BABUBHAI	F	46	IND	11	0	700	216390	130112	0.54	60.13	256	0.2	13	2.63	TRUE	1						FALSE	FALSE	FALSE	AEGJ1288	Independents	10809	5th Pass	Other	Household	
2017	13	Kachchh	Saurashtra-Kutch	RAPAR	GEN	6	KOLI RAMESH RAVABHAI	M	38	IND	12	0	444	216390	130112	0.34	60.13	51	0.04	13	2.63	TRUE	1						FALSE	FALSE	FALSE	AEGJ1287	Independents	10809	5th Pass	Agriculture		
2017	13	Kachchh	Saurashtra-Kutch	RAPAR	GEN	6	INDRASINH GOVUBHA JADEJA	M	51	IND	13	0	393	216390	130112	0.3	60.13	75	0.06	13	2.63	TRUE	1						FALSE	FALSE	FALSE	AEGJ1274	Independents	10809	10th Pass	Agriculture		
2017	13	Kachchh	Saurashtra-Kutch	RAPAR	GEN	6	MAKAVANA RAMESHBHAI KUMBHABHAI	M	33	AINHCP	14	0	318	216390	130112	0.24	60.13	0	0	13	2.63	TRUE	1						FALSE	FALSE	FALSE	AEGJ1209	Local Party	662	5th Pass	Agriculture		
2017	13	Banaskantha	North Gujarat	VAV	GEN	7	THAKOR GENIBEN NAGAJI	F	41	INC	1	1	102328	256954	208824	49	81.27	6655	3.19	7	2.22	TRUE	3	INC	3482	VAV	TRUE	TRUE	FALSE	FALSE	TRUE	AEGJ12219	National Party	3482	12th Pass	Agriculture		
2017	13	Banaskantha	North Gujarat	VAV	GEN	7	CHAUDHARY SHANKARBHAI LAGDHIRBHAI	M	47	BJP	2	4	95673	256954	208824	45.82	81.27	91908	44.01	7	2.22	TRUE	5	BJP	1605	VAV	TRUE	TRUE	FALSE	TRUE	TRUE	AEGJ9984	National Party	1605	Post Graduate	Politics	Party Worker	Agriculture
2017	13	Banaskantha	North Gujarat	VAV	GEN	7	None of the Above			NOTA	3		3765	256954	208824	1.8	81.27	1122	0.54	7	2.22	TRUE											NOTA	5897				
2017	13	Banaskantha	North Gujarat	VAV	GEN	7	BRAHMKSHATRIYA BHAGVATIBEN KHETSINHBHAI	F	66	IND	4	0	2643	256954	208824	1.27	81.27	270	0.13	7	2.22	TRUE	2	IND	10809	KAMREJ	FALSE	TRUE	FALSE	FALSE	TRUE	AEGJ14196	Independents	10809				
2017	13	Banaskantha	North Gujarat	VAV	GEN	7	PARMAR VAJRAMBHAI NAVABHAI	M	29	BSP	5	0	2373	256954	208824	1.14	81.27	1582	0.76	7	2.22	TRUE	1						FALSE	FALSE	FALSE	AEGJ1356	State-based Party (Other State)	16651	Graduate Professional	Agriculture		
2017	13	Banaskantha	North Gujarat	VAV	GEN	7	THAKOR BHAVSINGJI RAMCHANDJI	M	48	IND	6	0	791	256954	208824	0.38	81.27	100	0.05	7	2.22	TRUE	1						FALSE	FALSE	FALSE	AEGJ1377	Independents	10809	8th Pass	Business	Agricultural Business	Agriculture
2017	13	Banaskantha	North Gujarat	VAV	GEN	7	GOHIL RANAJI NAGJI	M	42	SHS	7	0	691	256954	208824	0.33	81.27	131	0.06	7	2.22	TRUE	1						FALSE	FALSE	FALSE	AEGJ1360	State-based Party (Other State)	18691	Illiterate	Business	Agricultural Business	Agriculture
2017	13	Banaskantha	North Gujarat	VAV	GEN	7	KALAL NAGJIBHAI SHANKARBHAI	M	36	IND	8	0	560	256954	208824	0.27	81.27	0	0	7	2.22	TRUE	1						FALSE	FALSE	FALSE	AEGJ1367	Independents	10809	Others	Labourer or Daily Wage		
2017	13	Banaskantha	North Gujarat	THARAD	GEN	8	PATEL PARBATBHAI SAVABHAI	M	69	BJP	1	5	69789	209183	180122	38.75	86.11	11733	6.51	7	3.23	FALSE	7	BJP	1605	THARAD	TRUE	TRUE	FALSE	TRUE	TRUE	AEGJ12805	National Party	1605	Graduate Professional	Agriculture		Social Work
2017	13	Banaskantha	North Gujarat	THARAD	GEN	8	RAJPUT DAMRAJI DEVJIBHAI	M	50	INC	2	0	58056	209183	180122	32.23	86.11	15074	8.37	7	3.23	FALSE	1						FALSE	FALSE	FALSE	AEGJ1995	National Party	3482	12th Pass	Business	Transport	Agriculture
2017	13	Banaskantha	North Gujarat	THARAD	GEN	8	PATEL MAVJIBHAI CHATRABHAI	M	67	IND	3	1	42982	209183	180122	23.86	86.11	40257	22.35	7	3.23	FALSE	6	INC	3482	THARAD	TRUE	FALSE	FALSE	FALSE	TRUE	AEGJ12807	Independents	10809	8th Pass	Agriculture		Social Work
2017	13	Banaskantha	North Gujarat	THARAD	GEN	8	None of the Above			NOTA	4		2725	209183	180122	1.51	86.11	534	0.3	7	3.23	FALSE											NOTA	5897				
2017	13	Banaskantha	North Gujarat	THARAD	GEN	8	PATEL MAGHABHAI ARJANBHAI	M	31	IND	5	0	2191	209183	180122	1.22	86.11	371	0.21	7	3.23	FALSE	1						FALSE	FALSE	FALSE	AEGJ1445	Independents	10809	8th Pass	Agriculture		
2017	13	Banaskantha	North Gujarat	THARAD	GEN	8	PARJAPATI GANESHBHAI DAMRABHAI	M	47	YUS	6	0	1820	209183	180122	1.01	86.11	63	0.03	7	3.23	FALSE	1						FALSE	FALSE	FALSE	AEGJ1386	Local Party	8603				
2017	13	Banaskantha	North Gujarat	THARAD	GEN	8	GALSAR NILABHAI HEMABHAI	M	33	BSP	7	0	1757	209183	180122	0.98	86.11	955	0.53	7	3.23	FALSE	1						FALSE	FALSE	FALSE	AEGJ1384	State-based Party (Other State)	16651	12th Pass	Social Work		
2017	13	Banaskantha	North Gujarat	THARAD	GEN	8	PATEL PADMABHAI DHANABHAI	M	58	IND	8	0	802	209183	180122	0.45	86.11	0	0	7	3.23	FALSE	1						FALSE	FALSE	FALSE	AEGJ1416	Independents	10809	Literate	Agriculture		
2017	13	Banaskantha	North Gujarat	DHANERA	GEN	9	PATEL NATHABHAI HEGOLABHAI	M	71	INC	1	1	82909	228944	173494	47.79	75.78	2093	1.21	5	2.22	TRUE	2	INC	3482	DHANERA	TRUE	TRUE	FALSE	FALSE	FALSE	AEGJ10014	National Party	3482	10th Pass	Business		Agriculture
2017	13	Banaskantha	North Gujarat	DHANERA	GEN	9	DESAI MAVJIBHAI MAGANBHAI	M	45	BJP	2	0	80816	228944	173494	46.58	75.78	78014	44.97	5	2.22	TRUE	1						FALSE	FALSE	FALSE	AEGJ440	National Party	1605	10th Pass	Business		Agriculture
2017	13	Banaskantha	North Gujarat	DHANERA	GEN	9	RABARI TEJABHAI NETHIBHAI	M	49	AINHCP	3	0	2802	228944	173494	1.62	75.78	12	0.01	5	2.22	TRUE	1						FALSE	FALSE	FALSE	AEGJ1472	Local Party	662	Literate	Business		
2017	13	Banaskantha	North Gujarat	DHANERA	GEN	9	DABHI RUPABHAI CHENABHAI	M	47	BSP	4	0	2790	228944	173494	1.61	75.78	449	0.26	5	2.22	TRUE	2	BSP	16651	DHANERA	TRUE	TRUE	FALSE	FALSE	TRUE	AEGJ12813	State-based Party (Other State)	16651	5th Pass	Agriculture		
2017	13	Banaskantha	North Gujarat	DHANERA	GEN	9	None of the Above			NOTA	5		2341	228944	173494	1.35	75.78	505	0.29	5	2.22	TRUE											NOTA	5897				
2017	13	Banaskantha	North Gujarat	DHANERA	GEN	9	RAJPUT NARSINHJI BABUJI	M	37	IND	6	0	1836	228944	173494	1.06	75.78	0	0	5	2.22	TRUE	1						FALSE	FALSE	FALSE	AEGJ1478	Independents	10809	10th Pass	Labourer or Daily Wage	Taxi Driver	Agriculture
2017	13	Banaskantha	North Gujarat	DANTA	ST	10	KANTIBHAI KALABHAI KHARADI	M	48	INC	1	2	86129	218921	162880	52.88	74.4	24652	15.14	9	2.38	TRUE	2	INC	3482	DANTA	TRUE	TRUE	FALSE	TRUE	TRUE	AEGJ12819	National Party	3482	8th Pass	Agriculture		Social Work
2017	13	Banaskantha	North Gujarat	DANTA	ST	10	KODARVI MALJIBHAI NARAYANBHAI	M	57	BJP	2	0	61477	218921	162880	37.74	74.4	55016	33.78	9	2.38	TRUE	1						FALSE	FALSE	FALSE	AEGJ349	National Party	1605	12th Pass	Former Government	Ex Govt Employee	Agriculture
2017	13	Banaskantha	North Gujarat	DANTA	ST	10	None of the Above			NOTA	3		6461	218921	162880	3.97	74.4	3892	2.39	9	2.38	TRUE											NOTA	5897				
2017	13	Banaskantha	North Gujarat	DANTA	ST	10	BHIL KALURAM MANGALJI	M	54	IND	4	0	2569	218921	162880	1.58	74.4	284	0.17	9	2.38	TRUE	1						FALSE	FALSE	FALSE	AEGJ1536	Independents	10809				
2017	13	Banaskantha	North Gujarat	DANTA	ST	10	DHRANGI MANHARBHAI BHOYLABHAI	M	59	NCP	5	0	2285	218921	162880	1.4	74.4	1088	0.67	9	2.38	TRUE	1						FALSE	FALSE	FALSE	AEGJ1481	State-based Party (Other State)	5792	12th Pass	Retired or Pension		
2017	13	Banaskantha	North Gujarat	DANTA	ST	10	KANABHAI CHUNABHAI MANCHHATAR	M	28	GJCP	6	0	1197	218921	162880	0.73	74.4	88	0.05	9	2.38	TRUE	1						FALSE	FALSE	FALSE	AEGJ1497	Local Party	3163	8th Pass	Labourer or Daily Wage		
2017	13	Banaskantha	North Gujarat	DANTA	ST	10	PARMAR BHURABHAI MANABHAI	M	45	IND	7	0	1109	218921	162880	0.68	74.4	213	0.13	9	2.38	TRUE	1						FALSE	FALSE	FALSE	AEGJ1535	Independents	10809				
2017	13	Banaskantha	North Gujarat	DANTA	ST	10	NISARTA RASILABEN KHATARABHAI	F	33	IND	8	0	896	218921	162880	0.55	74.4	500	0.31	9	2.38	TRUE	1						FALSE	FALSE	FALSE	AEGJ1531	Independents	10809				
2017	13	Banaskantha	North Gujarat	DANTA	ST	10	DUNGAISA VIRMABHAI KESHRABHAI	M	47	IND	9	0	396	218921	162880	0.24	74.4	35	0.02	9	2.38	TRUE	1						FALSE	FALSE	FALSE	AEGJ1528	Independents	10809				
2017	13	Banaskantha	North Gujarat	DANTA	ST	10	SOLANKI SOMABHAI BHARMABHAI	M	49	JD(U)	10	0	361	218921	162880	0.22	74.4	0	0	9	2.38	TRUE	2	IND	10809	DANTA	TRUE	FALSE	FALSE	FALSE	TRUE	AEGJ12822	State-based Party (Other State)	11002	8th Pass	Agriculture		
2017	13	Banaskantha	North Gujarat	VADGAM	SC	11	JIGNESHKUMAR NATVARLAL MEVANI	M	37	IND	1	1	95497	260711	188006	50.79	72.11	19696	10.48	10	2.38	TRUE	1						FALSE	FALSE	FALSE	AEGJ1637	Independents	10809	Graduate Professional	Liberal Profession or Professional	Lawyer	Social Work
2017	13	Banaskantha	North Gujarat	VADGAM	SC	11	CHAKRAVARTI VIJAYKUMAR HARKHABHAI	M	55	BJP	2	0	75801	260711	188006	40.32	72.11	71546	38.06	10	2.38	TRUE	1						FALSE	FALSE	FALSE	AEGJ2045	National Party	1605	Others	Business		Agriculture
2017	13	Banaskantha	North Gujarat	VADGAM	SC	11	None of the Above			NOTA	3		4255	260711	188006	2.26	72.11	544	0.29	10	2.38	TRUE											NOTA	5897				
2017	13	Banaskantha	North Gujarat	VADGAM	SC	11	MAKWANA NARENDRAKUMAR PUJABHAI	M	51	IND	4	0	3711	260711	188006	1.97	72.11	536	0.29	10	2.38	TRUE	1						FALSE	FALSE	FALSE	AEGJ1643	Independents	10809				
2017	13	Banaskantha	North Gujarat	VADGAM	SC	11	ASHVINBHAI DOLATBHAI PARMAR	M	49	IND	5	0	3175	260711	188006	1.69	72.11	1912	1.02	10	2.38	TRUE	1						FALSE	FALSE	FALSE	AEGJ1609	Independents	10809				
2017	13	Banaskantha	North Gujarat	VADGAM	SC	11	JADAV PUSHPABEN RAJESHBHAI	F	43	BSP	6	0	1263	260711	188006	0.67	72.11	142	0.08	10	2.38	TRUE	1						FALSE	FALSE	FALSE	AEGJ1550	State-based Party (Other State)	16651	Graduate Professional	Liberal Profession or Professional	Lawyer	
2017	13	Banaskantha	North Gujarat	VADGAM	SC	11	CHAUHAN GANESHBHAI LAVJIBHAI	M	46	IND	7	0	1121	260711	188006	0.6	72.11	2	0	10	2.38	TRUE	1						FALSE	FALSE	FALSE	AEGJ1624	Independents	10809	Post Graduate	Retired or Pension		
2017	13	Banaskantha	North Gujarat	VADGAM	SC	11	VANSOLA NILESHKUMAR PRAVINBHAI	M	25	BMUP	8	0	1119	260711	188006	0.6	72.11	81	0.04	10	2.38	TRUE	1						FALSE	FALSE	FALSE	AEGJ1570	Local Party	1074	Graduate Professional	Student		Social Work
2017	13	Banaskantha	North Gujarat	VADGAM	SC	11	SHEKHALIYA VIKRAMBHAI DAHYABHAI	M	30	IND	9	0	1038	260711	188006	0.55	72.11	490	0.26	10	2.38	TRUE	1						FALSE	FALSE	FALSE	AEGJ1651	Independents	10809	Graduate	Unemployed		
2017	13	Banaskantha	North Gujarat	VADGAM	SC	11	SOLANKI TARUNCHANDRA PREMJIBHAI	M	64	GJCP	10	0	548	260711	188006	0.29	72.11	70	0.04	10	2.38	TRUE	1						FALSE	FALSE	FALSE	AEGJ1571	Local Party	3163	Graduate Professional	Other		
2017	13	Banaskantha	North Gujarat	VADGAM	SC	11	BHATIYA ARVINDKUMAR KHEMABHAI	M	38	NBNM	11	0	478	260711	188006	0.25	72.11	0	0	10	2.38	TRUE	1						FALSE	FALSE	FALSE	AEGJ1560	Local Party	5835	10th Pass	Politics	Party Worker	Social Work
2017	13	Banaskantha	North Gujarat	PALANPUR	GEN	12	PATEL MAHESHKUMAR AMRUTLAL	M	51	INC	1	2	91512	251161	175661	52.1	69.94	17593	10.02	14	2.22	TRUE	2	INC	3482	PALANPUR	TRUE	TRUE	FALSE	TRUE	TRUE	AEGJ12838	National Party	3482	10th Pass	Business		Agriculture
2017	13	Banaskantha	North Gujarat	PALANPUR	GEN	12	PRAJAPATI LALJIBHAI KANJIBHAI	M	49	BJP	2	0	73919	251161	175661	42.08	69.94	70260	40	14	2.22	TRUE	1						FALSE	FALSE	FALSE	AEGJ1655	National Party	1605	12th Pass	Business	Agricultural Business	Agriculture
2017	13	Banaskantha	North Gujarat	PALANPUR	GEN	12	None of the Above			NOTA	3		3659	251161	175661	2.08	69.94	2602	1.48	14	2.22	TRUE											NOTA	5897				
2017	13	Banaskantha	North Gujarat	PALANPUR	GEN	12	FOSHI SHIVRAMBHAI MAGANBHAI	M	57	NCP	4	0	1057	251161	175661	0.6	69.94	1	0	14	2.22	TRUE	2	NCP	5792	PALANPUR	TRUE	TRUE	FALSE	FALSE	FALSE	AEGJ11079	State-based Party (Other State)	5792	8th Pass	Agriculture		
2017	13	Banaskantha	North Gujarat	PALANPUR	GEN	12	VADNATHANI JAYANTIBHAI UMEDBHAI	M	45	IND	5	0	1056	251161	175661	0.6	69.94	82	0.05	14	2.22	TRUE	1						FALSE	FALSE	FALSE	AEGJ1809	Independents	10809	10th Pass	Social Work		
2017	13	Banaskantha	North Gujarat	PALANPUR	GEN	12	PARMAR AMARATBHAI DHARMABHAI	M	51	BSP	6	0	974	251161	175661	0.55	69.94	128	0.07	14	2.22	TRUE	1						FALSE	FALSE	FALSE	AEGJ1654	State-based Party (Other State)	16651	12th Pass	Social Work		
2017	13	Banaskantha	North Gujarat	PALANPUR	GEN	12	SHRIMALI ASHOKBHAI BALCHANDBHAI	M	48	IND	7	0	846	251161	175661	0.48	69.94	275	0.16	14	2.22	TRUE	3	IND	10809	PALANPUR	TRUE	TRUE	FALSE	FALSE	TRUE	GEGJ75691	Independents	10809	10th Pass	Other		
2017	13	Banaskantha	North Gujarat	PALANPUR	GEN	12	PARMAR SURESHBHAI RAMJIBHAI	M	35	IND	8	0	571	251161	175661	0.33	69.94	66	0.04	14	2.22	TRUE	1						FALSE	FALSE	FALSE	AEGJ1804	Independents	10809	10th Pass	Social Work		
2017	13	Banaskantha	North Gujarat	PALANPUR	GEN	12	PATANI SHANTABEN NARANBHAI	F	60	IND	9	0	505	251161	175661	0.29	69.94	21	0.01	14	2.22	TRUE	1						FALSE	FALSE	FALSE	AEGJ1727	Independents	10809	10th Pass	Social Work		
2017	13	Banaskantha	North Gujarat	PALANPUR	GEN	12	NABHANI RAMESHKUMAR KHEMRAJBHAI	M	47	AAAP	10	0	484	251161	175661	0.28	69.94	126	0.07	14	2.22	TRUE	1						FALSE	FALSE	FALSE	AEGJ1659	State-based Party (Other State)	13				
2017	13	Banaskantha	North Gujarat	PALANPUR	GEN	12	PATANI MAHESHKUMAR NARANBHAI	M	25	IND	11	0	358	251161	175661	0.2	69.94	131	0.07	14	2.22	TRUE	1						FALSE	FALSE	FALSE	AEGJ1717	Independents	10809	12th Pass	Other		
2017	13	Banaskantha	North Gujarat	PALANPUR	GEN	12	DAVE NILESHKUMAR KANAIYALAL	M	31	IND	12	0	227	251161	175661	0.13	69.94	24	0.01	14	2.22	TRUE	1						FALSE	FALSE	FALSE	AEGJ1710	Independents	10809	Graduate	Other		
2017	13	Banaskantha	North Gujarat	PALANPUR	GEN	12	PARMAR CHHAGANCHANDRARAJ DHANABHAI	M	50	IND	13	0	203	251161	175661	0.12	69.94	8	0	14	2.22	TRUE	2	IND	10809	PALANPUR	TRUE	TRUE	FALSE	FALSE	TRUE	AEGJ12841	Independents	10809	10th Pass	Labourer or Daily Wage		Social Work
2017	13	Banaskantha	North Gujarat	PALANPUR	GEN	12	PRAJAPATI AMARABHAI PUJABHAI	M	40	YUS	14	0	195	251161	175661	0.11	69.94	100	0.06	14	2.22	TRUE	1						FALSE	FALSE	FALSE	AEGJ1703	Local Party	8603				
2017	13	Banaskantha	North Gujarat	PALANPUR	GEN	12	MEJIYATAR GOVINDBHAI UMABHAI	M	48	RSP(S)	15	0	95	251161	175661	0.05	69.94	0	0	14	2.22	TRUE	1						FALSE	FALSE	FALSE	AEGJ1708	Local Party	12427	10th Pass	Retired or Pension		
2017	13	Banaskantha	North Gujarat	DEESA	GEN	13	PANDYA SHASHIKANT MAHOBATRAM	M	54	BJP	1	1	85411	250769	179787	47.51	71.69	14531	8.08	9	2.5	TRUE	1						FALSE	FALSE	FALSE	AEGJ393	National Party	1605	Graduate	Other		
2017	13	Banaskantha	North Gujarat	DEESA	GEN	13	GOVABHAI HAMIRABHAI RABARI	M	64	INC	2	2	70880	250769	179787	39.42	71.69	54968	30.57	9	2.5	TRUE	6	INC	3482	DEODAR	FALSE	TRUE	FALSE	FALSE	TRUE	AEGJ10007	National Party	3482	5th Pass	Agriculture		
2017	13	Banaskantha	North Gujarat	DEESA	GEN	13	VAGHELA BAHADURSINH DADUBHA	M	56	IND	3	0	15912	250769	179787	8.85	71.69	12381	6.89	9	2.5	TRUE	1						FALSE	FALSE	FALSE	AEGJ1896	Independents	10809	10th Pass	Agriculture		
2017	13	Banaskantha	North Gujarat	DEESA	GEN	13	None of the Above			NOTA	4		3531	250769	179787	1.96	71.69	2418	1.34	9	2.5	TRUE											NOTA	5897				
2017	13	Banaskantha	North Gujarat	DEESA	GEN	13	THERVADIYA SHIVAJI PATHUJI	M	49	IND	5	0	1113	250769	179787	0.62	71.69	136	0.08	9	2.5	TRUE	2	IND	10809	DHANERA	FALSE	TRUE	FALSE	FALSE	FALSE	AEGJ1888	Independents	10809	5th Pass	Agriculture		
2017	13	Banaskantha	North Gujarat	DEESA	GEN	13	SOLANKI DINESHKUMAR ALJIBHAI	M	41	BSP	6	0	977	250769	179787	0.54	71.69	186	0.1	9	2.5	TRUE	1						FALSE	FALSE	FALSE	GEGJ2652	State-based Party (Other State)	16651	12th Pass	Labourer or Daily Wage		
2017	13	Banaskantha	North Gujarat	DEESA	GEN	13	PRAJAPATI KANUBHAI LILABHAI	M	43	YUS	7	0	791	250769	179787	0.44	71.69	319	0.18	9	2.5	TRUE	1						FALSE	FALSE	FALSE	AEGJ1869	Local Party	8603				
2017	13	Banaskantha	North Gujarat	DEESA	GEN	13	THAKOR PARBATJI VALJIBHAI	M	48	IND	8	0	472	250769	179787	0.26	71.69	33	0.02	9	2.5	TRUE	1						FALSE	FALSE	FALSE	AEGJ1879	Independents	10809	Literate	Small Business or Self-employed		
2017	13	Banaskantha	North Gujarat	DEESA	GEN	13	THAKOR RAMANBHAI SARDARJI	M	62	IND	9	0	439	250769	179787	0.24	71.69	178	0.1	9	2.5	TRUE	2	IND	10809	DEESA	TRUE	TRUE	FALSE	FALSE	FALSE	AEGJ12850	Independents	10809	5th Pass	Labourer or Daily Wage	Artisan	
2017	13	Banaskantha	North Gujarat	DEESA	GEN	13	PUROHIT SHYAMABEN NARANBHAI	F	33	LVM	10	0	261	250769	179787	0.15	71.69	0	0	9	2.5	TRUE	1						FALSE	FALSE	FALSE	AEGJ1856	Local Party	5144	Graduate	Other	Household	
2017	13	Banaskantha	North Gujarat	DEODAR	GEN	14	BHURIYA SHIVABHAI AMRABHAI	M	64	INC	1	1	80432	215351	166626	48.27	77.37	972	0.58	4	2.17	TRUE	1						FALSE	FALSE	FALSE	AEGJ406	National Party	3482	Literate	Agriculture		
2017	13	Banaskantha	North Gujarat	DEODAR	GEN	14	CHAUHAN KESHAJI SHIVAJI	M	55	BJP	2	1	79460	215351	166626	47.69	77.37	76472	45.89	4	2.17	TRUE	5	BJP	1605	DEODAR	TRUE	TRUE	FALSE	TRUE	TRUE	AEGJ8315	National Party	1605	12th Pass	Agriculture		
2017	13	Banaskantha	North Gujarat	DEODAR	GEN	14	None of the Above			NOTA	3		2988	215351	166626	1.79	77.37	939	0.56	4	2.17	TRUE											NOTA	5897				
2017	13	Banaskantha	North Gujarat	DEODAR	GEN	14	HIRAJI PRAHLADJI VAGHELA	M	25	BMUP	4	0	2049	215351	166626	1.23	77.37	352	0.21	4	2.17	TRUE	1						FALSE	FALSE	FALSE	AEGJ1901	Local Party	1074	10th Pass	Other		
2017	13	Banaskantha	North Gujarat	DEODAR	GEN	14	JIVANBHAI KARSANBHAI JOSHI	M	51	IND	5	0	1697	215351	166626	1.02	77.37	0	0	4	2.17	TRUE	1						FALSE	FALSE	FALSE	AEGJ1911	Independents	10809	Literate	Agriculture		
2017	13	Banaskantha	North Gujarat	KANKREJ	GEN	15	KIRTISINH PRABHATSINH VAGHELA	M	48	BJP	1	1	95131	252145	191587	49.65	75.98	8588	4.48	5	2.22	TRUE	2	BJP	1605	KANKREJ	TRUE	TRUE	FALSE	FALSE	TRUE	AEGJ12868	National Party	1605	12th Pass	Business	Agricultural Business	Agriculture
2017	13	Banaskantha	North Gujarat	KANKREJ	GEN	15	JALERA DINESHJI DHARSIJI	M	36	INC	2	0	86543	252145	191587	45.17	75.98	82662	43.15	5	2.22	TRUE	1						FALSE	FALSE	FALSE	AEGJ1278	National Party	3482	8th Pass	Agriculture		
2017	13	Banaskantha	North Gujarat	KANKREJ	GEN	15	None of the Above			NOTA	3		3881	252145	191587	2.03	75.98	844	0.44	5	2.22	TRUE											NOTA	5897				
2017	13	Banaskantha	North Gujarat	KANKREJ	GEN	15	THAKOR LEBUJI BHUDARJI	M	64	IND	4	0	3037	252145	191587	1.59	75.98	1085	0.57	5	2.22	TRUE	1						FALSE	FALSE	FALSE	AEGJ1976	Independents	10809	5th Pass	Agriculture		
2017	13	Banaskantha	North Gujarat	KANKREJ	GEN	15	MAKVANA VAGHABHAI MAGANBHAI	M	45	BSP	5	0	1952	252145	191587	1.02	75.98	909	0.47	5	2.22	TRUE	1						FALSE	FALSE	FALSE	AEGJ1927	State-based Party (Other State)	16651	10th Pass	Business		
2017	13	Banaskantha	North Gujarat	KANKREJ	GEN	15	DESAI ISHVARBHAI MAHADEVBHAI	M	56	AINHCP	6	0	1043	252145	191587	0.54	75.98	0	0	5	2.22	TRUE	2	GPP	3167	KANKREJ	TRUE	FALSE	TRUE	FALSE	TRUE	AEGJ12867	Local Party	662	Literate	Agriculture		
2017	13	Patan	North Gujarat	RADHANPUR	GEN	16	ALPESH KHODAJI THAKOR	M	42	INC	1	1	85777	258949	177470	48.33	68.53	14857	8.37	17	2.56	FALSE	1						FALSE	FALSE	FALSE	AEGJ1739	National Party	3482	12th Pass	Agriculture		
2017	13	Patan	North Gujarat	RADHANPUR	GEN	16	SOLANKI LAVINGJI MULJIJI THAKOR	M	62	BJP	2	0	70920	258949	177470	39.96	68.53	65803	37.08	17	2.56	FALSE	2	INC	3482	RADHANPUR	TRUE	FALSE	TRUE	FALSE	FALSE	AEGJ11055	National Party	1605	Literate	Agriculture		
2017	13	Patan	North Gujarat	RADHANPUR	GEN	16	RATILAL KAMABHAI	M	62	IND	3	0	5117	258949	177470	2.88	68.53	348	0.2	17	2.56	FALSE	1						FALSE	FALSE	FALSE	AEGJ2087	Independents	10809		Agriculture		
2017	13	Patan	North Gujarat	RADHANPUR	GEN	16	DR.VISHNU ZULA	M	56	IND	4	0	4769	258949	177470	2.69	68.53	2996	1.69	17	2.56	FALSE	1						FALSE	FALSE	FALSE	AEGJ2094	Independents	10809	Post Graduate	Liberal Profession or Professional	Doctor	
2017	13	Patan	North Gujarat	RADHANPUR	GEN	16	SONAJI VELAJI THAKOR	M	27	BSP	5	0	1773	258949	177470	1	68.53	141	0.08	17	2.56	FALSE	1						FALSE	FALSE	FALSE	AEGJ1979	State-based Party (Other State)	16651	Others	Business		
2017	13	Patan	North Gujarat	RADHANPUR	GEN	16	None of the Above			NOTA	6		1632	258949	177470	0.92	68.53	140	0.08	17	2.56	FALSE											NOTA	5897				
2017	13	Patan	North Gujarat	RADHANPUR	GEN	16	NATHALAL K NIRASHRIT THAKOR	M	35	IND	7	0	1492	258949	177470	0.84	68.53	242	0.14	17	2.56	FALSE	1						FALSE	FALSE	FALSE	AEGJ2075	Independents	10809	8th Pass	Agriculture		
2017	13	Patan	North Gujarat	RADHANPUR	GEN	16	KARIYA KALPESHBHAI KARSHANBHAI	M	42	AKHP	8	0	1250	258949	177470	0.7	68.53	241	0.14	17	2.56	FALSE	1						FALSE	FALSE	FALSE	AEGJ1989	Local Party	139	Graduate Professional	Liberal Profession or Professional	Lawyer	
2017	13	Patan	North Gujarat	RADHANPUR	GEN	16	PARMAR MOHANBHAI MAGHABHAI	M	37	IND	9	0	1009	258949	177470	0.57	68.53	278	0.16	17	2.56	FALSE	1						FALSE	FALSE	FALSE	AEGJ2077	Independents	10809	8th Pass	Other		
2017	13	Patan	North Gujarat	RADHANPUR	GEN	16	THAKOR MERAJI KACHARAJI	M	43	IND	10	0	731	258949	177470	0.41	68.53	208	0.12	17	2.56	FALSE	1						FALSE	FALSE	FALSE	AEGJ2072	Independents	10809	Literate	Labourer or Daily Wage		
2017	13	Patan	North Gujarat	RADHANPUR	GEN	16	CHHAGANBHAI NARANBHAI PRAJAPATI	M	63	IND	11	0	523	258949	177470	0.29	68.53	84	0.05	17	2.56	FALSE	1						FALSE	FALSE	FALSE	GEGJ2680	Independents	10809	10th Pass	Retired or Pension		
2017	13	Patan	North Gujarat	RADHANPUR	GEN	16	GOHIL HARCHANBHAI AALABHAI	M	27	BMUP	12	0	439	258949	177470	0.25	68.53	9	0.01	17	2.56	FALSE	1						FALSE	FALSE	FALSE	AEGJ1998	Local Party	1074	12th Pass	Labourer or Daily Wage		
2017	13	Patan	North Gujarat	RADHANPUR	GEN	16	CHAUDHARI PRAKASHBHAI RUGNATHBHAI	M	40	IND	13	0	430	258949	177470	0.24	68.53	40	0.02	17	2.56	FALSE	1						FALSE	FALSE	FALSE	AEGJ2039	Independents	10809	10th Pass	Labourer or Daily Wage		
2017	13	Patan	North Gujarat	RADHANPUR	GEN	16	THAKKAR KIRTIKUMAR ISHVARLAL	M	64	IND	14	0	390	258949	177470	0.22	68.53	8	0	17	2.56	FALSE	1						FALSE	FALSE	FALSE	AEGJ2050	Independents	10809	10th Pass	Retired or Pension		
2017	13	Patan	North Gujarat	RADHANPUR	GEN	16	THEBA GULAMHUSEN RASULKHAN	M	28	GJCP	15	0	382	258949	177470	0.22	68.53	38	0.02	17	2.56	FALSE	1						FALSE	FALSE	FALSE	AEGJ2023	Local Party	3163	10th Pass	Business		Agriculture
2017	13	Patan	North Gujarat	RADHANPUR	GEN	16	CHANDI ASHVINKUMAR SHIVPRASAD	M	40	SHS	16	0	344	258949	177470	0.19	68.53	89	0.05	17	2.56	FALSE	1						FALSE	FALSE	FALSE	AEGJ2001	State-based Party (Other State)	18691	Graduate	Business	Real Estate or Builder or Developer or Construction	
2017	13	Patan	North Gujarat	RADHANPUR	GEN	16	GAUSWAMI LALGIRI KHENGARGIRI	M	38	IND	17	0	255	258949	177470	0.14	68.53	18	0.01	17	2.56	FALSE	1						FALSE	FALSE	FALSE	AEGJ2034	Independents	10809	12th Pass	Agriculture		
2017	13	Patan	North Gujarat	RADHANPUR	GEN	16	ATULKUMAR MAYARAMBHAI PUJARA	M	49	IND	18	0	237	258949	177470	0.13	68.53	0	0	17	2.56	FALSE	1						FALSE	FALSE	FALSE	AEGJ2032	Independents	10809	8th Pass	Other		
2017	13	Patan	North Gujarat	CHANASMA	GEN	17	DILIPKUMAR VIRAJI THAKOR	M	58	BJP	1	5	73771	259326	178529	41.32	68.84	8234	4.61	14	3.12	TRUE	7	BJP	1605	CHANASMA	TRUE	TRUE	FALSE	TRUE	TRUE	AEGJ291	National Party	1605	10th Pass	Business	Agricultural Business	Agriculture
2017	13	Patan	North Gujarat	CHANASMA	GEN	17	DESAI RAGHUBHAI MERAJBHAI	M	50	INC	2	0	65537	259326	178529	36.71	68.84	37904	21.23	14	3.12	TRUE	2	IND	10809	RADHANPUR	FALSE	FALSE	FALSE	FALSE	FALSE	AEGJ12201	National Party	3482	12th Pass	Business	Real Estate or Builder or Developer or Construction	
2017	13	Patan	North Gujarat	CHANASMA	GEN	17	THAKOR DINESHBHAI AATAJI	M	47	IND	3	0	27633	259326	178529	15.48	68.84	23854	13.36	14	3.12	TRUE	2	INC	3482	CHANASMA	TRUE	FALSE	FALSE	FALSE	TRUE	AEGJ12886	Independents	10809	12th Pass	Agriculture		Social Work
2017	13	Patan	North Gujarat	CHANASMA	GEN	17	None of the Above			NOTA	4		3779	259326	178529	2.12	68.84	1727	0.97	14	3.12	TRUE											NOTA	5897				
2017	13	Patan	North Gujarat	CHANASMA	GEN	17	BELIM BABUBHAI LALAKHAMIYA	M	45	IND	5	0	2052	259326	178529	1.15	68.84	636	0.36	14	3.12	TRUE	1						FALSE	FALSE	FALSE	AEGJ2193	Independents	10809	Literate	Agriculture		
2017	13	Patan	North Gujarat	CHANASMA	GEN	17	PANDYA PRAVINKUMAR TULSIDAS	M	42	IND	6	0	1416	259326	178529	0.79	68.84	50	0.03	14	3.12	TRUE	1						FALSE	FALSE	FALSE	AEGJ2192	Independents	10809	10th Pass	Agriculture		
2017	13	Patan	North Gujarat	CHANASMA	GEN	17	PATEL VIPULBHAI NAGARBHAI	M	34	NCP	7	0	1366	259326	178529	0.77	68.84	800	0.45	14	3.12	TRUE	1						FALSE	FALSE	FALSE	AEGJ2098	State-based Party (Other State)	5792	12th Pass	Business	Contractor	Agriculture
2017	13	Patan	North Gujarat	CHANASMA	GEN	17	DARBAR JABBARSANG ARJANSINH	M	33	IND	8	0	566	259326	178529	0.32	68.84	49	0.03	14	3.12	TRUE	1						FALSE	FALSE	FALSE	AEGJ2190	Independents	10809				
2017	13	Patan	North Gujarat	CHANASMA	GEN	17	THAKOR ASHOKJI POPATJI	M	38	IND	9	0	517	259326	178529	0.29	68.84	100	0.06	14	3.12	TRUE	1						FALSE	FALSE	FALSE	AEGJ2174	Independents	10809	5th Pass	Agricultural Labour		
2017	13	Patan	North Gujarat	CHANASMA	GEN	17	PARMAR ROHITBHAI RAMABHAI	M	44	BSP	10	0	417	259326	178529	0.23	68.84	30	0.02	14	3.12	TRUE	1						FALSE	FALSE	FALSE	AEGJ2102	State-based Party (Other State)	16651	10th Pass	Labourer or Daily Wage		
2017	13	Patan	North Gujarat	CHANASMA	GEN	17	MITULKUMAR BHAGAVANBHAI PATEL	M	25	GJCP	11	0	387	259326	178529	0.22	68.84	19	0.01	14	3.12	TRUE	1						FALSE	FALSE	FALSE	AEGJ2159	Local Party	3163	10th Pass	Business		
2017	13	Patan	North Gujarat	CHANASMA	GEN	17	PATEL MAHESHKUMAR JAYANTIBHAI	M	44	BHARP	12	0	368	259326	178529	0.21	68.84	55	0.03	14	3.12	TRUE	1						FALSE	FALSE	FALSE	AEGJ2150	Local Party	2018	10th Pass	Other		
2017	13	Patan	North Gujarat	CHANASMA	GEN	17	PATEL ASHISHBHAI DASHRATHBHAI	M	35	AINHCP	13	0	313	259326	178529	0.18	68.84	75	0.04	14	3.12	TRUE	1						FALSE	FALSE	FALSE	AEGJ2134	Local Party	662	12th Pass	Agriculture		
2017	13	Patan	North Gujarat	CHANASMA	GEN	17	THAKOR RAMESHJI RAMAJI	M	33	BMUP	14	0	238	259326	178529	0.13	68.84	69	0.04	14	3.12	TRUE	1						FALSE	FALSE	FALSE	AEGJ2113	Local Party	1074	Graduate Professional	Liberal Profession or Professional	Lawyer	
2017	13	Patan	North Gujarat	CHANASMA	GEN	17	PATEL BHANUMATIBEN ANILKUMAR	F	43	NBNM	15	0	169	259326	178529	0.09	68.84	0	0	14	3.12	TRUE	1						FALSE	FALSE	FALSE	AEGJ2149	Local Party	5835	12th Pass	Small Business or Self-employed		
2017	13	Patan	North Gujarat	PATAN	GEN	18	KIRITKUMAR CHIMANLAL PATEL	M	48	INC	1	1	103273	271973	190878	54.1	70.18	25279	13.24	10	2.17	TRUE	1						FALSE	FALSE	FALSE	AEGJ1706	National Party	3482	Doctorate	Other		
2017	13	Patan	North Gujarat	PATAN	GEN	18	DESAI RANCHHODBHAI MAHIJIBHAI	M	56	BJP	2	2	77994	271973	190878	40.86	70.18	74101	38.82	10	2.17	TRUE	6	BJP	1605	PATAN	TRUE	TRUE	FALSE	TRUE	TRUE	AEGJ5972	National Party	1605	Graduate Professional	Liberal Profession or Professional	Lawyer	
2017	13	Patan	North Gujarat	PATAN	GEN	18	None of the Above			NOTA	3		3893	271973	190878	2.04	70.18	2135	1.12	10	2.17	TRUE											NOTA	5897				
2017	13	Patan	North Gujarat	PATAN	GEN	18	MAHESHWARI KANUBHAI BHURABHAI	M	69	IND	4	0	1758	271973	190878	0.92	70.18	661	0.35	10	2.17	TRUE	3	IND	10809	PATAN	TRUE	TRUE	FALSE	FALSE	TRUE	AEGJ12186	Independents	10809	5th Pass	Business	Contractor	
2017	13	Patan	North Gujarat	PATAN	GEN	18	JOSHI MUKESHBHAI GOPALBHAI	M	29	SHS	5	0	1097	271973	190878	0.57	70.18	83	0.04	10	2.17	TRUE	1						FALSE	FALSE	FALSE	AEGJ2195	State-based Party (Other State)	18691	Graduate Professional	Business	Transport	
2017	13	Patan	North Gujarat	PATAN	GEN	18	PARMAR MAGANBHAI AMARABHAI	M	47	BSP	6	0	1014	271973	190878	0.53	70.18	267	0.14	10	2.17	TRUE	2	BSP	16651	PATAN	TRUE	TRUE	FALSE	FALSE	TRUE	AEGJ12897	State-based Party (Other State)	16651	10th Pass	Agriculture		
2017	13	Patan	North Gujarat	PATAN	GEN	18	BHOJAK KETANKUMAR BHANUPRASAD	M	30	IND	7	0	747	271973	190878	0.39	70.18	351	0.18	10	2.17	TRUE	1						FALSE	FALSE	FALSE	AEGJ2214	Independents	10809				
2017	13	Patan	North Gujarat	PATAN	GEN	18	PATNI ANANDBHAI CHELABHAI	M	38	IND	8	0	396	271973	190878	0.21	70.18	16	0.01	10	2.17	TRUE	1						FALSE	FALSE	FALSE	AEGJ2206	Independents	10809	10th Pass	Business		
2017	13	Patan	North Gujarat	PATAN	GEN	18	PATEL MULCHANDBHAI RAMJIDAS	M	72	IND	9	0	380	271973	190878	0.2	70.18	207	0.11	10	2.17	TRUE	1						FALSE	FALSE	FALSE	AEGJ2209	Independents	10809				
2017	13	Patan	North Gujarat	PATAN	GEN	18	THAKOR RAMESHBHAI VARVAJI	M	48	IND	10	0	173	271973	190878	0.09	70.18	20	0.01	10	2.17	TRUE	1						FALSE	FALSE	FALSE	AEGJ2202	Independents	10809	Literate	Labourer or Daily Wage		
2017	13	Patan	North Gujarat	PATAN	GEN	18	PATEL NANJIBHAI JIVANBHAI	M	59	JD(U)	11	0	153	271973	190878	0.08	70.18	0	0	10	2.17	TRUE	1						FALSE	FALSE	FALSE	AEGJ2201	State-based Party (Other State)	11002	10th Pass	Retired or Pension		
2017	13	Patan	North Gujarat	SIDHPUR	GEN	19	THAKOR CHANDANJII TALAJI	M	45	INC	1	1	88268	238120	168966	52.24	70.96	17260	10.22	13	2.22	TRUE	1						FALSE	FALSE	FALSE	AEGJ1907	National Party	3482	10th Pass	Business	Contractor	
2017	13	Patan	North Gujarat	SIDHPUR	GEN	19	JAYNARAYAN VYAS	M	70	BJP	2	4	71008	238120	168966	42.03	70.96	67035	39.67	13	2.22	TRUE	7	BJP	1605	SIDHPUR	TRUE	TRUE	FALSE	FALSE	TRUE	AEGJ5951	National Party	1605	Doctorate	Social Work		
2017	13	Patan	North Gujarat	SIDHPUR	GEN	19	None of the Above			NOTA	3		3973	238120	168966	2.35	70.96	2064	1.22	13	2.22	TRUE											NOTA	5897				
2017	13	Patan	North Gujarat	SIDHPUR	GEN	19	RAJPUT RAJENDRASINH SAMANTSINH	M	39	IND	4	0	1909	238120	168966	1.13	70.96	953	0.56	13	2.22	TRUE	1						FALSE	FALSE	FALSE	AEGJ2259	Independents	10809	12th Pass	Agriculture		
2017	13	Patan	North Gujarat	SIDHPUR	GEN	19	RATHOD GOVIND	M	33	BSP	5	0	956	238120	168966	0.57	70.96	276	0.16	13	2.22	TRUE	1						FALSE	FALSE	FALSE	AEGJ2226	State-based Party (Other State)	16651	8th Pass	Agriculture		
2017	13	Patan	North Gujarat	SIDHPUR	GEN	19	MOMIN ASRAFBHAI DADUBHAI (A.D. MAMA)	M	49	IND	6	0	680	238120	168966	0.4	70.96	199	0.12	13	2.22	TRUE	1						FALSE	FALSE	FALSE	AEGJ2258	Independents	10809	5th Pass	Business	Agricultural Business	Agriculture
2017	13	Patan	North Gujarat	SIDHPUR	GEN	19	POLADI KAIYUMKHAN USMANKHAN (BADSHAH)	M	49	AINHCP	7	0	481	238120	168966	0.28	70.96	104	0.06	13	2.22	TRUE	1						FALSE	FALSE	FALSE	AEGJ2233	Local Party	662	8th Pass	Business		
2017	13	Patan	North Gujarat	SIDHPUR	GEN	19	SOLANKI ANILKUMAR REVABHAI	M	45	BMUP	8	0	377	238120	168966	0.22	70.96	51	0.03	13	2.22	TRUE	1						FALSE	FALSE	FALSE	AEGJ2238	Local Party	1074	12th Pass	Salaried Work or Employed		
2017	13	Patan	North Gujarat	SIDHPUR	GEN	19	BHAVSANG L. THAKOR	M	31	IND	9	0	326	238120	168966	0.19	70.96	29	0.02	13	2.22	TRUE	1						FALSE	FALSE	FALSE	AEGJ2256	Independents	10809				
2017	13	Patan	North Gujarat	SIDHPUR	GEN	19	PATEL DILIPKUMAR LILACHAND	M	39	IND	10	0	297	238120	168966	0.18	70.96	62	0.04	13	2.22	TRUE	2	IND	10809	SIDHPUR	TRUE	TRUE	FALSE	FALSE	TRUE	AEGJ12908	Independents	10809	5th Pass	Other		
2017	13	Patan	North Gujarat	SIDHPUR	GEN	19	THAKOR KANUJI SOMAJI	M	41	IND	11	0	235	238120	168966	0.14	70.96	55	0.03	13	2.22	TRUE	1						FALSE	FALSE	FALSE	AEGJ2242	Independents	10809	Literate	Agricultural Labour		
2017	13	Patan	North Gujarat	SIDHPUR	GEN	19	DAVE PRAKASHCHANDRA MANUPRASAD	M	55	IND	12	0	180	238120	168966	0.11	70.96	24	0.01	13	2.22	TRUE	1						FALSE	FALSE	FALSE	AEGJ2245	Independents	10809	Post Graduate	Liberal Profession or Professional	Sports	
2017	13	Patan	North Gujarat	SIDHPUR	GEN	19	THAKOR KARANSINH SAHDEVJI	M	36	IND	13	0	156	238120	168966	0.09	70.96	36	0.02	13	2.22	TRUE	1						FALSE	FALSE	FALSE	AEGJ2244	Independents	10809	5th Pass	Agriculture		
2017	13	Patan	North Gujarat	SIDHPUR	GEN	19	BHORANIYA SOYABBHAI HASAMBHAI	M	51	RAJPA	14	0	120	238120	168966	0.07	70.96	0	0	13	2.22	TRUE	1						FALSE	FALSE	FALSE	GEGJ2677	Local Party	6567	8th Pass	Agriculture		
2017	13	Mahesana	North Gujarat	KHERALU	GEN	20	DABHI BHARATSINHJI SHANKARJI	M	63	BJP	1	3	59847	200677	144428	41.44	71.97	21415	14.83	9	3.23	FALSE	4	BJP	1605	KHERALU	TRUE	TRUE	FALSE	TRUE	TRUE	AEGJ6095	National Party	1605	Graduate	Agriculture		
2017	13	Mahesana	North Gujarat	KHERALU	GEN	20	DESAI MUKESHKUMAR MOGHJIBHAI	M	51	IND	2	0	38432	200677	144428	26.61	71.97	178	0.12	9	3.23	FALSE	1						FALSE	FALSE	FALSE	AEGJ2273	Independents	10809	5th Pass	Business		Agriculture
2017	13	Mahesana	North Gujarat	KHERALU	GEN	20	THAKOR RAMJIBHAI SONAJI	M	46	INC	3	0	38254	200677	144428	26.49	71.97	35620	24.66	9	3.23	FALSE	1						FALSE	FALSE	FALSE	AEGJ1362	National Party	3482	12th Pass	Salaried Work or Employed	Insurance Agent	
2017	13	Mahesana	North Gujarat	KHERALU	GEN	20	None of the Above			NOTA	4		2634	200677	144428	1.82	71.97	999	0.69	9	3.23	FALSE											NOTA	5897				
2017	13	Mahesana	North Gujarat	KHERALU	GEN	20	SINDHI FAKIRMAHMAD SULEMANBHAI	M	53	IND	5	0	1635	200677	144428	1.13	71.97	650	0.45	9	3.23	FALSE	1						FALSE	FALSE	FALSE	AEGJ2286	Independents	10809	Literate	Other		
2017	13	Mahesana	North Gujarat	KHERALU	GEN	20	PRAJAPATI RAJNIKANT HIRALAL	M	45	BSP	6	0	985	200677	144428	0.68	71.97	73	0.05	9	3.23	FALSE	1						FALSE	FALSE	FALSE	AEGJ2262	State-based Party (Other State)	16651	Literate	Business	Contractor	
2017	13	Mahesana	North Gujarat	KHERALU	GEN	20	VALJIBHAI SAVJIBHAI PARMAR	M	61	IND	7	0	912	200677	144428	0.63	71.97	140	0.1	9	3.23	FALSE	1						FALSE	FALSE	FALSE	AEGJ2285	Independents	10809				
2017	13	Mahesana	North Gujarat	KHERALU	GEN	20	PARMAR VANRAJ KALIDAS	M	25	BMUP	8	0	772	200677	144428	0.53	71.97	251	0.17	9	3.23	FALSE	1						FALSE	FALSE	FALSE	AEGJ2265	Local Party	1074	Others	Other		
2017	13	Mahesana	North Gujarat	KHERALU	GEN	20	THAKOR VAJAJI GOVAJI	M	63	NBNM	9	0	521	200677	144428	0.36	71.97	85	0.06	9	3.23	FALSE	1						FALSE	FALSE	FALSE	AEGJ2263	Local Party	5835	Literate	Agriculture		
2017	13	Mahesana	North Gujarat	KHERALU	GEN	20	THAKOR KEVALJI NATHAJI	M	57	IND	10	0	436	200677	144428	0.3	71.97	0	0	9	3.23	FALSE	4	IND	10809	KHERALU	TRUE	TRUE	FALSE	FALSE	FALSE	AEGJ8222	Independents	10809	8th Pass	Agriculture		
2017	13	Mahesana	North Gujarat	UNJHA	GEN	21	DR. ASHA PATEL	F	40	INC	1	1	81797	213123	152992	53.46	71.79	19529	12.76	12	2.17	FALSE	2	INC	3482	UNJHA	TRUE	TRUE	FALSE	FALSE	TRUE	AEGJ12923	National Party	3482	Doctorate	Agriculture		
2017	13	Mahesana	North Gujarat	UNJHA	GEN	21	PATEL NARAYANBHAI LALLUDAS (KAKA)	M	79	BJP	2	5	62268	213123	152992	40.7	71.79	59356	38.8	12	2.17	FALSE	6	BJP	1605	UNJHA	TRUE	TRUE	FALSE	TRUE	TRUE	AEGJ11033	National Party	1605	12th Pass	Business	Private Company	Agriculture
2017	13	Mahesana	North Gujarat	UNJHA	GEN	21	None of the Above			NOTA	3		2912	213123	152992	1.9	71.79	1184	0.77	12	2.17	FALSE											NOTA	5897				
2017	13	Mahesana	North Gujarat	UNJHA	GEN	21	THAKOR SAHDEVJI VIRSANGJI	M	33	IND	4	0	1728	213123	152992	1.13	71.79	674	0.44	12	2.17	FALSE	1						FALSE	FALSE	FALSE	AEGJ2361	Independents	10809	8th Pass	Salaried Work or Employed	Qualified Professional	
2017	13	Mahesana	North Gujarat	UNJHA	GEN	21	GHANSHYAMBHAI PARAGBHAI SOLANKI	M	34	BSP	5	0	1054	213123	152992	0.69	71.79	270	0.18	12	2.17	FALSE	1						FALSE	FALSE	FALSE	AEGJ2291	State-based Party (Other State)	16651	12th Pass	Salaried Work or Employed		
2017	13	Mahesana	North Gujarat	UNJHA	GEN	21	PATEL MANHARBHAI MADHAVLAL	M	51	IND	6	0	784	213123	152992	0.51	71.79	110	0.07	12	2.17	FALSE	1						FALSE	FALSE	FALSE	AEGJ2369	Independents	10809	5th Pass	Agriculture		
2017	13	Mahesana	North Gujarat	UNJHA	GEN	21	HARESHKUMAR NAROTTAMBHAI PATEL	M	49	IND	7	0	674	213123	152992	0.44	71.79	64	0.04	12	2.17	FALSE	1						FALSE	FALSE	FALSE	AEGJ2373	Independents	10809				
2017	13	Mahesana	North Gujarat	UNJHA	GEN	21	PATEL HIRALBEN SANDIPKUMAR	F	28	NCP	8	0	610	213123	152992	0.4	71.79	223	0.15	12	2.17	FALSE	1						FALSE	FALSE	FALSE	AEGJ2294	State-based Party (Other State)	5792	8th Pass	Other	Household	
2017	13	Mahesana	North Gujarat	UNJHA	GEN	21	PATEL RAMESHBHAI ISHVARLAL	M	52	AAAP	9	0	387	213123	152992	0.25	71.79	48	0.03	12	2.17	FALSE	3	IND	10809	SIDHPUR	FALSE	FALSE	FALSE	FALSE	TRUE	AEGJ3189	State-based Party (Other State)	13				
2017	13	Mahesana	North Gujarat	UNJHA	GEN	21	DADAVALA HASANALI ISHMAILBHAI	M	36	IND	10	0	339	213123	152992	0.22	71.79	157	0.1	12	2.17	FALSE	1						FALSE	FALSE	FALSE	AEGJ2363	Independents	10809				
2017	13	Mahesana	North Gujarat	UNJHA	GEN	21	THAKOR VISHNUJI NENAJI	M	36	YUS	11	0	182	213123	152992	0.12	71.79	40	0.03	12	2.17	FALSE	1						FALSE	FALSE	FALSE	AEGJ2316	Local Party	8603				
2017	13	Mahesana	North Gujarat	UNJHA	GEN	21	THAKOR GOPALJI PIRAJI	M	36	NBNM	12	0	142	213123	152992	0.09	71.79	27	0.02	12	2.17	FALSE	1						FALSE	FALSE	FALSE	AEGJ2313	Local Party	5835	8th Pass	Other		
2017	13	Mahesana	North Gujarat	UNJHA	GEN	21	THAKOR SUDHARMSINH ISHVARJI	M	36	BHARP	13	0	115	213123	152992	0.08	71.79	0	0	12	2.17	FALSE	1						FALSE	FALSE	FALSE	AEGJ2320	Local Party	2018	Graduate	Salaried Work or Employed	Qualified Professional	
2017	13	Mahesana	North Gujarat	VISNAGAR	GEN	22	PATEL RUSHIKESH GANESHBHAI	M	56	BJP	1	3	77496	211719	158346	48.94	74.79	2869	1.81	9	2.17	TRUE	3	BJP	1605	VISNAGAR	TRUE	TRUE	FALSE	TRUE	TRUE	AEGJ12157	National Party	1605	12th Pass	Business		Agriculture
2017	13	Mahesana	North Gujarat	VISNAGAR	GEN	22	PATEL MAHENDRAKUMAR S. (MAHESH PATEL)	M	51	INC	2	0	74627	211719	158346	47.13	74.79	71635	45.24	9	2.17	TRUE	1						FALSE	FALSE	FALSE	AEGJ2151	National Party	3482	12th Pass	Retired or Pension	Retired Teacher	Social Work
2017	13	Mahesana	North Gujarat	VISNAGAR	GEN	22	None of the Above			NOTA	3		2992	211719	158346	1.89	74.79	1944	1.23	9	2.17	TRUE											NOTA	5897				
2017	13	Mahesana	North Gujarat	VISNAGAR	GEN	22	PATEL YATEENKUMAR HASMUKHBHAI (TEJASH)	M	33	IND	4	0	1048	211719	158346	0.66	74.79	371	0.23	9	2.17	TRUE	1						FALSE	FALSE	FALSE	AEGJ2410	Independents	10809	12th Pass	Business	Transport	
2017	13	Mahesana	North Gujarat	VISNAGAR	GEN	22	PARMAR NANJIBHAI KARSANBHAI	M	38	BSP	5	0	677	211719	158346	0.43	74.79	258	0.16	9	2.17	TRUE	1						FALSE	FALSE	FALSE	AEGJ2382	State-based Party (Other State)	16651	Others	Small Business or Self-employed		
2017	13	Mahesana	North Gujarat	VISNAGAR	GEN	22	PATEL HIREN KUMAR VISHNU BHAI	M	33	GJCP	6	0	419	211719	158346	0.26	74.79	24	0.02	9	2.17	TRUE	1						FALSE	FALSE	FALSE	AEGJ2391	Local Party	3163	10th Pass	Other		
2017	13	Mahesana	North Gujarat	VISNAGAR	GEN	22	PATEL MAHENDRABHAI SHANKARBHAI (MAHESH PATEL)	M	38	IND	7	0	395	211719	158346	0.25	74.79	112	0.07	9	2.17	TRUE	1						FALSE	FALSE	FALSE	AEGJ14426	Independents	10809	10th Pass	Agriculture		
2017	13	Mahesana	North Gujarat	VISNAGAR	GEN	22	PATEL MAHENDRABHAI SHANKARBHAI (MAHESHBHAI PATEL)	M	50	IND	8	0	283	211719	158346	0.18	74.79	57	0.04	9	2.17	TRUE	1						FALSE	FALSE	FALSE	AEGJ14426	Independents	10809	10th Pass	Agriculture		
2017	13	Mahesana	North Gujarat	VISNAGAR	GEN	22	ASHOKKUMAR SOMALAL RAMI	M	73	JD(S)	9	0	226	211719	158346	0.14	74.79	43	0.03	9	2.17	TRUE	1						FALSE	FALSE	FALSE	AEGJ2383	State-based Party (Other State)	10979	Graduate Professional	Retired or Pension		
2017	13	Mahesana	North Gujarat	VISNAGAR	GEN	22	PATEL ANITABEN RAMABHAI	F	32	JD(U)	10	0	183	211719	158346	0.12	74.79	0	0	9	2.17	TRUE	1						FALSE	FALSE	FALSE	AEGJ2389	State-based Party (Other State)	11002	8th Pass	Social Work		
2017	13	Mahesana	North Gujarat	BECHARAJI	GEN	23	THAKOR BHARATJI SONAJI	M	35	INC	1	1	80894	232991	164604	49.14	70.65	15811	9.61	14	2.5	TRUE	1						FALSE	FALSE	FALSE	AEGJ195	National Party	3482	10th Pass	Small Business or Self-employed		
2017	13	Mahesana	North Gujarat	BECHARAJI	GEN	23	PATEL RAJNIKANT SOMABHAI	M	49	BJP	2	2	65083	232991	164604	39.54	70.65	54939	33.38	14	2.5	TRUE	3	BJP	1605	BECHARAJI	TRUE	TRUE	FALSE	TRUE	TRUE	AEGJ12943	National Party	1605	12th Pass	Politics	MLA	Agriculture
2017	13	Mahesana	North Gujarat	BECHARAJI	GEN	23	PATEL KIRITKUMAR DAHYABHAI	M	46	IND	3	0	10144	232991	164604	6.16	70.65	6548	3.98	14	2.5	TRUE	2	GPP	3167	BECHARAJI	TRUE	FALSE	FALSE	FALSE	TRUE	AEGJ12941	Independents	10809	12th Pass	Business	Real Estate or Builder or Developer or Construction	
2017	13	Mahesana	North Gujarat	BECHARAJI	GEN	23	None of the Above			NOTA	4		3596	232991	164604	2.18	70.65	2189	1.33	14	2.5	TRUE											NOTA	5897				
2017	13	Mahesana	North Gujarat	BECHARAJI	GEN	23	PARMAR JITENDRABHAI RAMESHBHAI	M	32	IND	5	0	1407	232991	164604	0.85	70.65	578	0.35	14	2.5	TRUE	1						FALSE	FALSE	FALSE	AEGJ2453	Independents	10809	10th Pass	Labourer or Daily Wage		
2017	13	Mahesana	North Gujarat	BECHARAJI	GEN	23	RATHOD DINESHKUMAR REVABHAI	M	42	BSP	6	0	829	232991	164604	0.5	70.65	320	0.19	14	2.5	TRUE	1						FALSE	FALSE	FALSE	AEGJ2411	State-based Party (Other State)	16651	12th Pass	Agriculture		
2017	13	Mahesana	North Gujarat	BECHARAJI	GEN	23	PATEL GOVINDBHAI KANAIYALAL	M	42	AINHCP	7	0	509	232991	164604	0.31	70.65	16	0.01	14	2.5	TRUE	1						FALSE	FALSE	FALSE	AEGJ2416	Local Party	662	10th Pass	Agriculture		
2017	13	Mahesana	North Gujarat	BECHARAJI	GEN	23	PARMAR JAGDISHBHAI SADABHAI	M	34	IND	8	0	493	232991	164604	0.3	70.65	155	0.09	14	2.5	TRUE	1						FALSE	FALSE	FALSE	AEGJ2448	Independents	10809				
2017	13	Mahesana	North Gujarat	BECHARAJI	GEN	23	CHAUDHARY RAMESHBHAI SENDHABHAI	M	47	IND	9	0	338	232991	164604	0.21	70.65	2	0	14	2.5	TRUE	1						FALSE	FALSE	FALSE	AEGJ2433	Independents	10809				
2017	13	Mahesana	North Gujarat	BECHARAJI	GEN	23	PATEL NARENDRAKUMAR BABULAL	M	44	IND	10	0	336	232991	164604	0.2	70.65	74	0.04	14	2.5	TRUE	1						FALSE	FALSE	FALSE	AEGJ2442	Independents	10809	Post Graduate	Liberal Profession or Professional	Lawyer	Agriculture
2017	13	Mahesana	North Gujarat	BECHARAJI	GEN	23	PATEL VIJAYKUMAR DAHYABHAI (VAKIL)	M	30	LSPS	11	0	262	232991	164604	0.16	70.65	1	0	14	2.5	TRUE	1						FALSE	FALSE	FALSE	AEGJ2423	Local Party	5125				
2017	13	Mahesana	North Gujarat	BECHARAJI	GEN	23	PATEL BHAGIRATHKUMAR CHATURBHAI	M	40	IND	12	0	261	232991	164604	0.16	70.65	107	0.07	14	2.5	TRUE	1						FALSE	FALSE	FALSE	AEGJ2444	Independents	10809	Post Graduate	Liberal Profession or Professional	Lawyer	Agriculture
2017	13	Mahesana	North Gujarat	BECHARAJI	GEN	23	PATEL SANJAYKUMAR BALDEVBHAI	M	36	BRP	13	0	154	232991	164604	0.09	70.65	1	0	14	2.5	TRUE	1						FALSE	FALSE	FALSE	AEGJ2429	Local Party	2018				
2017	13	Mahesana	North Gujarat	BECHARAJI	GEN	23	PATEL PRINCE BABULAL	M	28	SVPP	14	0	153	232991	164604	0.09	70.65	8	0	14	2.5	TRUE	1						FALSE	FALSE	FALSE	AEGJ2418	Local Party	7682	12th Pass	Other		
2017	13	Mahesana	North Gujarat	BECHARAJI	GEN	23	PATEL SURESHBHAI BABULAL	M	47	NBNM	15	0	145	232991	164604	0.09	70.65	0	0	14	2.5	TRUE	1						FALSE	FALSE	FALSE	AEGJ2428	Local Party	5835	8th Pass	Small Business or Self-employed		Agriculture
2017	13	Mahesana	North Gujarat	KADI	SC	24	KARSHANBHAI PUNJABHAI SOLANKI	M	60	BJP	1	1	96651	257199	192416	50.23	74.81	7746	4.03	8	2.17	TRUE	1						FALSE	FALSE	FALSE	AEGJ1208	National Party	1605	Literate	Business	Contractor	Agriculture
2017	13	Mahesana	North Gujarat	KADI	SC	24	CHAVDA RAMESHBHAI MAGANBHAI	M	66	INC	2	1	88905	257199	192416	46.2	74.81	86248	44.82	8	2.17	TRUE	2	INC	3482	KADI	TRUE	TRUE	FALSE	TRUE	TRUE	AEGJ12953	National Party	3482	Graduate	Other		
2017	13	Mahesana	North Gujarat	KADI	SC	24	None of the Above			NOTA	3		2657	257199	192416	1.38	74.81	1602	0.83	8	2.17	TRUE											NOTA	5897				
2017	13	Mahesana	North Gujarat	KADI	SC	24	PARMAR AARATIBEN ASHVINKUMAR	F	49	BSP	4	0	1055	257199	192416	0.55	74.81	57	0.03	8	2.17	TRUE	1						FALSE	FALSE	FALSE	AEGJ2458	State-based Party (Other State)	16651	Graduate	Other	Household	
2017	13	Mahesana	North Gujarat	KADI	SC	24	VIJAYKUMAR LALJIBHAI VAGHELA	M	61	IND	5	0	998	257199	192416	0.52	74.81	353	0.18	8	2.17	TRUE	1						FALSE	FALSE	FALSE	AEGJ2473	Independents	10809	Post Graduate	Liberal Profession or Professional	Lawyer	
2017	13	Mahesana	North Gujarat	KADI	SC	24	CHAVDA LAXMICHAND POONJABHAI	M	63	IND	6	0	645	257199	192416	0.34	74.81	56	0.03	8	2.17	TRUE	1						FALSE	FALSE	FALSE	AEGJ2467	Independents	10809	Graduate Professional	Liberal Profession or Professional	Lawyer	
2017	13	Mahesana	North Gujarat	KADI	SC	24	RATHOD KUSUMBEN SURESHKUMAR	F	42	IND	7	0	589	257199	192416	0.31	74.81	44	0.02	8	2.17	TRUE	1						FALSE	FALSE	FALSE	AEGJ2470	Independents	10809	Post Graduate	Other		
2017	13	Mahesana	North Gujarat	KADI	SC	24	MAYURDEV SOMDEV ROY	M	44	BMUP	8	0	545	257199	192416	0.28	74.81	174	0.09	8	2.17	TRUE	1						FALSE	FALSE	FALSE	AEGJ2460	Local Party	1074	12th Pass	Other		
2017	13	Mahesana	North Gujarat	KADI	SC	24	CHAMAR MEENABEN SAVABHAI	F	49	IND	9	0	371	257199	192416	0.19	74.81	0	0	8	2.17	TRUE	1						FALSE	FALSE	FALSE	AEGJ2466	Independents	10809	Literate	Other	Household	
2017	13	Mahesana	North Gujarat	MEHSANA	GEN	25	PATEL NITINBHAI RATILAL	M	61	BJP	1	6	90235	259354	183914	49.06	70.91	7137	3.88	34	2.27	TRUE	7	BJP	1605	MEHSANA	TRUE	TRUE	FALSE	TRUE	TRUE	AEGJ9898	National Party	1605	12th Pass	Business		Politics
2017	13	Mahesana	North Gujarat	MEHSANA	GEN	25	PATEL JIVABHAI AMBALAL	M	79	INC	2	0	83098	259354	183914	45.18	70.91	81153	44.13	34	2.27	TRUE	2	INC	3482	MEHSANA	TRUE	TRUE	FALSE	FALSE	FALSE	AEGJ11013	National Party	3482	10th Pass	Business		Agriculture
2017	13	Mahesana	North Gujarat	MEHSANA	GEN	25	THAKOR AMITKUMAR VAJESANG	M	28	IND	3	0	1945	259354	183914	1.06	70.91	1004	0.55	34	2.27	TRUE	1						FALSE	FALSE	FALSE	AEGJ2509	Independents	10809	10th Pass	Business		
2017	13	Mahesana	North Gujarat	MEHSANA	GEN	25	THAKOR AMRATJI BALDEVJI	M	31	IND	4	0	941	259354	183914	0.51	70.91	154	0.08	34	2.27	TRUE	1						FALSE	FALSE	FALSE	AEGJ2502	Independents	10809	8th Pass	Small Business or Self-employed		Social Work
2017	13	Mahesana	North Gujarat	MEHSANA	GEN	25	RAVAL SURESHBHAI CHHAGANLAL	M	38	IND	5	0	787	259354	183914	0.43	70.91	45	0.02	34	2.27	TRUE	1						FALSE	FALSE	FALSE	AEGJ2576	Independents	10809	Literate	Business		
2017	13	Mahesana	North Gujarat	MEHSANA	GEN	25	THAKOR ARJUNJI GALABAJI	M	60	IND	6	0	742	259354	183914	0.4	70.91	26	0.01	34	2.27	TRUE	1						FALSE	FALSE	FALSE	AEGJ2510	Independents	10809	10th Pass	Other		
2017	13	Mahesana	North Gujarat	MEHSANA	GEN	25	SHEKH SHAHENAJBIBI AHEMADMIYA	F	41	IND	7	0	716	259354	183914	0.39	70.91	30	0.02	34	2.27	TRUE	1						FALSE	FALSE	FALSE	AEGJ2581	Independents	10809				
2017	13	Mahesana	North Gujarat	MEHSANA	GEN	25	None of the Above			NOTA	8		686	259354	183914	0.37	70.91	142	0.08	34	2.27	TRUE											NOTA	5897				
2017	13	Mahesana	North Gujarat	MEHSANA	GEN	25	PATEL BABUBHAI AMBARAMDAS	M	61	NCP	9	0	544	259354	183914	0.3	70.91	153	0.08	34	2.27	TRUE	1						FALSE	FALSE	FALSE	AEGJ2474	State-based Party (Other State)	5792	Graduate Professional	Liberal Profession or Professional	Lawyer	
2017	13	Mahesana	North Gujarat	MEHSANA	GEN	25	THAKOR KALUJI LAXMANJI	M	69	IND	10	0	391	259354	183914	0.21	70.91	0	0	34	2.27	TRUE	1						FALSE	FALSE	FALSE	AEGJ2512	Independents	10809	8th Pass	Agriculture		Social Work
2017	13	Mahesana	North Gujarat	MEHSANA	GEN	25	SOLANKI KISHORBHAI PANABHAI	M	57	IND	11	0	391	259354	183914	0.21	70.91	77	0.04	34	2.27	TRUE	1						FALSE	FALSE	FALSE	AEGJ2591	Independents	10809	10th Pass	Retired or Pension		Social Work
2017	13	Mahesana	North Gujarat	MEHSANA	GEN	25	RATHOD KESHARBEN GOPALSINH	F	40	IND	12	0	314	259354	183914	0.17	70.91	7	0	34	2.27	TRUE	1						FALSE	FALSE	FALSE	AEGJ2570	Independents	10809	Literate	Other	Household	
2017	13	Mahesana	North Gujarat	MEHSANA	GEN	25	CHAUHAN PRAKASHKUMAR TRIBHOVANDAS	M	40	IND	13	0	307	259354	183914	0.17	70.91	61	0.03	34	2.27	TRUE	1						FALSE	FALSE	FALSE	AEGJ2499	Independents	10809	10th Pass	Labourer or Daily Wage		
2017	13	Mahesana	North Gujarat	MEHSANA	GEN	25	PARMAR PANKAJKUMAR BABULAL	M	45	BSP	14	0	246	259354	183914	0.13	70.91	10	0.01	34	2.27	TRUE	1						FALSE	FALSE	FALSE	AEGJ2475	State-based Party (Other State)	16651	12th Pass	Business		Social Work
2017	13	Mahesana	North Gujarat	MEHSANA	GEN	25	VISHNUJI AMARATJI VAGHELA	M	30	BMUP	15	0	236	259354	183914	0.13	70.91	5	0	34	2.27	TRUE	1						FALSE	FALSE	FALSE	AEGJ2490	Local Party	1074	8th Pass	Agriculture		
2017	13	Mahesana	North Gujarat	MEHSANA	GEN	25	CHAUHAN KIRANSINH DASHRATHSINH	M	30	IND	16	0	231	259354	183914	0.13	70.91	11	0.01	34	2.27	TRUE	1						FALSE	FALSE	FALSE	AEGJ2498	Independents	10809				
2017	13	Mahesana	North Gujarat	MEHSANA	GEN	25	BABI ABDULRAHEMAN NIYAJMOHAMAD	M	36	IND	17	0	220	259354	183914	0.12	70.91	28	0.02	34	2.27	TRUE	1						FALSE	FALSE	FALSE	AEGJ2559	Independents	10809	8th Pass	Other		
2017	13	Mahesana	North Gujarat	MEHSANA	GEN	25	THAKOR KIRAN VISHNUJI	M	27	IND	18	0	192	259354	183914	0.1	70.91	19	0.01	34	2.27	TRUE	1						FALSE	FALSE	FALSE	AEGJ2514	Independents	10809	8th Pass	Business	Real Estate or Builder or Developer or Construction	
2017	13	Mahesana	North Gujarat	MEHSANA	GEN	25	MALEK SIKANDARBHAI SULEMANBHAI	M	47	IND	19	0	173	259354	183914	0.09	70.91	4	0	34	2.27	TRUE	1						FALSE	FALSE	FALSE	AEGJ2564	Independents	10809	10th Pass	Business		
2017	13	Mahesana	North Gujarat	MEHSANA	GEN	25	GANDHI VIPULBHAI GOVINDBHAI	M	32	IND	20	0	169	259354	183914	0.09	70.91	49	0.03	34	2.27	TRUE	1						FALSE	FALSE	FALSE	AEGJ2497	Independents	10809	12th Pass	Small Business or Self-employed		
2017	13	Mahesana	North Gujarat	MEHSANA	GEN	25	THAKOR VIJAYJI DANSANGJI	M	27	IND	21	0	120	259354	183914	0.07	70.91	7	0	34	2.27	TRUE	1						FALSE	FALSE	FALSE	AEGJ2533	Independents	10809	10th Pass	Labourer or Daily Wage	Auto-rickshaw Driver	
2017	13	Mahesana	North Gujarat	MEHSANA	GEN	25	KHODABHAI AMRUTLAL PATEL	M	39	IND	22	0	113	259354	183914	0.06	70.91	9	0	34	2.27	TRUE	1						FALSE	FALSE	FALSE	AEGJ2496	Independents	10809				
2017	13	Mahesana	North Gujarat	MEHSANA	GEN	25	THAKOR DILIPKUMAR TAKHAJI	M	40	IND	23	0	104	259354	183914	0.06	70.91	2	0	34	2.27	TRUE	1						FALSE	FALSE	FALSE	AEGJ2529	Independents	10809	12th Pass	Business		
2017	13	Mahesana	North Gujarat	MEHSANA	GEN	25	PARMAR JAYANTSINH DAHYABHAI	M	49	IND	24	0	102	259354	183914	0.06	70.91	1	0	34	2.27	TRUE	1						FALSE	FALSE	FALSE	AEGJ2546	Independents	10809	Graduate Professional	Other		
2017	13	Mahesana	North Gujarat	MEHSANA	GEN	25	THAKOR JAGDISHJI RADHUJI	M	39	IND	25	0	101	259354	183914	0.05	70.91	7	0	34	2.27	TRUE	1						FALSE	FALSE	FALSE	AEGJ2516	Independents	10809	5th Pass	Agriculture		
2017	13	Mahesana	North Gujarat	MEHSANA	GEN	25	PARMAR DEVANGKUMAR PRABHUDAS	M	35	IND	26	0	94	259354	183914	0.05	70.91	0	0	34	2.27	TRUE	1						FALSE	FALSE	FALSE	AEGJ2547	Independents	10809	12th Pass	Other		
2017	13	Mahesana	North Gujarat	MEHSANA	GEN	25	KURESHI JAMIYATKHA GULABKHA	M	47	IND	27	0	94	259354	183914	0.05	70.91	3	0	34	2.27	TRUE	1						FALSE	FALSE	FALSE	AEGJ2494	Independents	10809	Illiterate	Business		
2017	13	Mahesana	North Gujarat	MEHSANA	GEN	25	PATEL MAHESHBHAI RANCHHODDAS	M	50	BRP	28	0	91	259354	183914	0.05	70.91	5	0	34	2.27	TRUE	1						FALSE	FALSE	FALSE	AEGJ2485	Local Party	2018				
2017	13	Mahesana	North Gujarat	MEHSANA	GEN	25	PATHAN ASIFKHAN ABDULHAMID	M	26	IND	29	0	86	259354	183914	0.05	70.91	1	0	34	2.27	TRUE	1						FALSE	FALSE	FALSE	AEGJ2539	Independents	10809	Illiterate	Business		Social Work
2017	13	Mahesana	North Gujarat	MEHSANA	GEN	25	PATEL SURESHBHAI MAFATLAL	M	51	RVZP	30	0	85	259354	183914	0.05	70.91	3	0	34	2.27	TRUE	1						FALSE	FALSE	FALSE	AEGJ2487	Local Party	6352	12th Pass	Business		
2017	13	Mahesana	North Gujarat	MEHSANA	GEN	25	OZA PRUTHVI VITHTHALBHAI PRAJAPATI	M	32	ASAPA	31	0	82	259354	183914	0.04	70.91	3	0	34	2.27	TRUE	1						FALSE	FALSE	FALSE	AEGJ2478	Local Party	47	Graduate Professional	Liberal Profession or Professional	Lawyer	
2017	13	Mahesana	North Gujarat	MEHSANA	GEN	25	THAKOR JARINABEN NAGJI	F	49	IND	32	0	79	259354	183914	0.04	70.91	5	0	34	2.27	TRUE	1						FALSE	FALSE	FALSE	AEGJ2520	Independents	10809	12th Pass	Liberal Profession or Professional	Doctor	
2017	13	Mahesana	North Gujarat	MEHSANA	GEN	25	PATHAN YAKUBKHAN MAHMADKHAN	M	42	IND	33	0	74	259354	183914	0.04	70.91	5	0	34	2.27	TRUE	1						FALSE	FALSE	FALSE	AEGJ2540	Independents	10809	5th Pass	Small Business or Self-employed		Social Work
2017	13	Mahesana	North Gujarat	MEHSANA	GEN	25	PATEL KRUPABEN KUMARGAURAV	F	33	IND	34	0	69	259354	183914	0.04	70.91	13	0.01	34	2.27	TRUE	1						FALSE	FALSE	FALSE	AEGJ2535	Independents	10809	12th Pass	Other	Household	
2017	13	Mahesana	North Gujarat	MEHSANA	GEN	25	CHAVDA MAHESHKUMAR GULABJI	M	48	NBNM	35	0	56	259354	183914	0.03	70.91	0	0	34	2.27	TRUE	1						FALSE	FALSE	FALSE	AEGJ000115	Local Party	5835	10th Pass	Other		
2017	13	Mahesana	North Gujarat	VIJAPUR	GEN	26	PATEL RAMANBHAI DHULABHAI	M	59	BJP	1	1	72326	209582	151302	47.8	72.19	1164	0.77	14	2.22	TRUE	1						FALSE	FALSE	FALSE	AEGJ2122	National Party	1605	Graduate	Other		
2017	13	Mahesana	North Gujarat	VIJAPUR	GEN	26	PATEL NATHABHAI PRABHUDAS	M	56	INC	2	0	71162	209582	151302	47.03	72.19	69607	46.01	14	2.22	TRUE	1						FALSE	FALSE	FALSE	AEGJ2123	National Party	3482	8th Pass	Business		
2017	13	Mahesana	North Gujarat	VIJAPUR	GEN	26	VIHOL UPENDRASINH NAVUJI	M	37	IND	3	0	1555	209582	151302	1.03	72.19	157	0.1	14	2.22	TRUE	1						FALSE	FALSE	FALSE	AEGJ2618	Independents	10809	10th Pass	Small Business or Self-employed		
2017	13	Mahesana	North Gujarat	VIJAPUR	GEN	26	MODI SUHIT ASHOKKUMAR	M	28	IND	4	0	1398	209582	151302	0.92	72.19	118	0.08	14	2.22	TRUE	1						FALSE	FALSE	FALSE	AEGJ2617	Independents	10809	Graduate	Business	Contractor	
2017	13	Mahesana	North Gujarat	VIJAPUR	GEN	26	None of the Above			NOTA	5		1280	209582	151302	0.85	72.19	243	0.16	14	2.22	TRUE											NOTA	5897				
2017	13	Mahesana	North Gujarat	VIJAPUR	GEN	26	PATEL NARENDRAKUMAR GANDABHAI	M	33	NCP	6	0	1037	209582	151302	0.69	72.19	416	0.27	14	2.22	TRUE	1						FALSE	FALSE	FALSE	AEGJ2592	State-based Party (Other State)	5792				
2017	13	Mahesana	North Gujarat	VIJAPUR	GEN	26	PARMAR VASUDEV TRIBHOVANDAS	M	27	BSP	7	0	621	209582	151302	0.41	72.19	155	0.1	14	2.22	TRUE	1						FALSE	FALSE	FALSE	AEGJ2594	State-based Party (Other State)	16651	12th Pass	Business	Contractor	
2017	13	Mahesana	North Gujarat	VIJAPUR	GEN	26	PATEL BIPINKUMAR MAFATLAL	M	40	IND	8	0	466	209582	151302	0.31	72.19	166	0.11	14	2.22	TRUE	2	LJP	5029	VIJAPUR	TRUE	FALSE	FALSE	FALSE	TRUE	AEGJ12975	Independents	10809	12th Pass	Small Business or Self-employed		
2017	13	Mahesana	North Gujarat	VIJAPUR	GEN	26	PATEL MAHENDRAKUMAR KHODIDAS	M	61	AINHCP	9	0	300	209582	151302	0.2	72.19	23	0.02	14	2.22	TRUE	1						FALSE	FALSE	FALSE	AEGJ2607	Local Party	662	10th Pass	Agriculture		
2017	13	Mahesana	North Gujarat	VIJAPUR	GEN	26	KURESHI SADIKBHAI AHEMADBHAI	M	45	IND	10	0	277	209582	151302	0.18	72.19	27	0.02	14	2.22	TRUE	1						FALSE	FALSE	FALSE	AEGJ2612	Independents	10809				
2017	13	Mahesana	North Gujarat	VIJAPUR	GEN	26	PATEL TEJASKUMAR TULSIBHAI	M	30	GJCP	11	0	250	209582	151302	0.17	72.19	3	0	14	2.22	TRUE	1						FALSE	FALSE	FALSE	AEGJ2600	Local Party	3163	12th Pass	Other		
2017	13	Mahesana	North Gujarat	VIJAPUR	GEN	26	DEVDA BABUJI RANCHHODJI	M	46	IND	12	0	247	209582	151302	0.16	72.19	87	0.06	14	2.22	TRUE	1						FALSE	FALSE	FALSE	AEGJ2614	Independents	10809	5th Pass	Other		
2017	13	Mahesana	North Gujarat	VIJAPUR	GEN	26	THAKOR VINUJI KANTIJI	M	46	IND	13	0	160	209582	151302	0.11	72.19	32	0.02	14	2.22	TRUE	1						FALSE	FALSE	FALSE	AEGJ2613	Independents	10809	Literate	Labourer or Daily Wage		
2017	13	Mahesana	North Gujarat	VIJAPUR	GEN	26	PATEL SATISHBHAI JAYANTIBHAI	M	41	SVPP	14	0	128	209582	151302	0.08	72.19	33	0.02	14	2.22	TRUE	1						FALSE	FALSE	FALSE	AEGJ2610	Local Party	7682	12th Pass	Other		
2017	13	Mahesana	North Gujarat	VIJAPUR	GEN	26	PATEL VISHNUBHAI PUNJABHAI	M	49	NBNM	15	0	95	209582	151302	0.06	72.19	0	0	14	2.22	TRUE	1						FALSE	FALSE	FALSE	AEGJ2608	Local Party	5835	10th Pass	Other		
2017	13	Sabarkantha	North Gujarat	HIMATNAGAR	GEN	27	RAJENDRASINH RANJITSINH CHAVDA(RAJUBHAI CHAVDA)	M	51	BJP	1	2	94340	252984	195528	48.25	77.29	1712	0.88	11	2.22	TRUE	2	INC	3482	HIMATNAGAR	TRUE	FALSE	TRUE	FALSE	FALSE	AEGJ101222	National Party	1605	Others	Business		Agriculture
2017	13	Sabarkantha	North Gujarat	HIMATNAGAR	GEN	27	KAMLESHKUMAR JAYANTIBHAI PATEL	M	42	INC	2	0	92628	252984	195528	47.37	77.29	89294	45.67	11	2.22	TRUE	1						FALSE	FALSE	FALSE	AEGJ915	National Party	3482	12th Pass	Business		Agriculture
2017	13	Sabarkantha	North Gujarat	HIMATNAGAR	GEN	27	None of the Above			NOTA	3		3334	252984	195528	1.71	77.29	2269	1.16	11	2.22	TRUE											NOTA	5897				
2017	13	Sabarkantha	North Gujarat	HIMATNAGAR	GEN	27	SOLANKI MAGANBHAI LAKHABHAI	M	52	BSP	4	0	1065	252984	195528	0.54	77.29	326	0.17	11	2.22	TRUE	1						FALSE	FALSE	FALSE	AEGJ2627	State-based Party (Other State)	16651	8th Pass	Business	Private Company	Agriculture
2017	13	Sabarkantha	North Gujarat	HIMATNAGAR	GEN	27	PARMAR DILIPSINH CHAKUSINH	M	26	IND	5	0	739	252984	195528	0.38	77.29	47	0.02	11	2.22	TRUE	1						FALSE	FALSE	FALSE	AEGJ2655	Independents	10809	Graduate	Student		
2017	13	Sabarkantha	North Gujarat	HIMATNAGAR	GEN	27	PATEL CHANDRASHEKHAR ANILBHAI	M	41	NCP	6	0	692	252984	195528	0.35	77.29	2	0	11	2.22	TRUE	1						FALSE	FALSE	FALSE	AEGJ2619	State-based Party (Other State)	5792	Post Graduate	Other		
2017	13	Sabarkantha	North Gujarat	HIMATNAGAR	GEN	27	PARMAR PARSHOTAMDAS DALPATBHAI	M	57	CPM	7	0	690	252984	195528	0.35	77.29	16	0.01	11	2.22	TRUE	1						FALSE	FALSE	FALSE	AEGJ2620	National Party	14635	10th Pass	Agriculture		
2017	13	Sabarkantha	North Gujarat	HIMATNAGAR	GEN	27	PRAJAPATI ALPESHKUMAR MOHANBHAI	M	37	ASAPA	8	0	674	252984	195528	0.34	77.29	174	0.09	11	2.22	TRUE	1						FALSE	FALSE	FALSE	AEGJ2638	Local Party	47	12th Pass	Business	Real Estate or Builder or Developer or Construction	
2017	13	Sabarkantha	North Gujarat	HIMATNAGAR	GEN	27	PARMAR SARDARSINH BHAVANSINH	M	47	AINHCP	9	0	500	252984	195528	0.26	77.29	88	0.05	11	2.22	TRUE	2	IND	10809	HIMATNAGAR	TRUE	FALSE	FALSE	FALSE	FALSE	AEGJ12991	Local Party	662	10th Pass	Business	Real Estate or Builder or Developer or Construction	
2017	13	Sabarkantha	North Gujarat	HIMATNAGAR	GEN	27	BHOI KISHORBHAI CHIMANBHAI	M	56	SVPP	10	0	412	252984	195528	0.21	77.29	138	0.07	11	2.22	TRUE	1						FALSE	FALSE	FALSE	AEGJ2639	Local Party	7682	10th Pass	Business	Contractor	
2017	13	Sabarkantha	North Gujarat	HIMATNAGAR	GEN	27	PARMAR JAYDEEPSINH RAJUJI	M	40	LOGAP	11	0	274	252984	195528	0.14	77.29	94	0.05	11	2.22	TRUE	1						FALSE	FALSE	FALSE	AEGJ2630	Local Party	5013				
2017	13	Sabarkantha	North Gujarat	HIMATNAGAR	GEN	27	PARMAR PRAHLADSINH SONSINH	M	35	BHARP	12	0	180	252984	195528	0.09	77.29	0	0	11	2.22	TRUE	1						FALSE	FALSE	FALSE	AEGJ2632	Local Party	2018	10th Pass	Agriculture		
2017	13	Sabarkantha	North Gujarat	IDAR	SC	28	KANODIYA HITU	M	48	BJP	1	1	98815	259577	196868	50.19	75.84	14813	7.52	10	2.33	TRUE	2	BJP	1605	KADI	FALSE	TRUE	FALSE	FALSE	TRUE	AEGJ12948	National Party	1605	12th Pass	Liberal Profession or Professional	Actor	
2017	13	Sabarkantha	North Gujarat	IDAR	SC	28	MANIBHAI JETHABHAI VAGHELA	M	63	INC	2	1	84002	259577	196868	42.67	75.84	79101	40.18	10	2.33	TRUE	3	INC	3482	VADGAM	FALSE	TRUE	FALSE	TRUE	TRUE	AEGJ12267	National Party	3482	10th Pass	Agriculture		
2017	13	Sabarkantha	North Gujarat	IDAR	SC	28	None of the Above			NOTA	3		4901	259577	196868	2.49	75.84	1291	0.66	10	2.33	TRUE											NOTA	5897				
2017	13	Sabarkantha	North Gujarat	IDAR	SC	28	SOLANKI NATVARBHAI GOVABHAI	M	43	IND	4	0	3610	259577	196868	1.83	75.84	1835	0.93	10	2.33	TRUE	2	IND	10809	IDAR	TRUE	TRUE	FALSE	FALSE	TRUE	AEGJ12999	Independents	10809	12th Pass	Agriculture		
2017	13	Sabarkantha	North Gujarat	IDAR	SC	28	PARMAR MUKESHBHAI KADVABHAI	M	42	BSP	5	0	1775	259577	196868	0.9	75.84	392	0.2	10	2.33	TRUE	1						FALSE	FALSE	FALSE	AEGJ2657	State-based Party (Other State)	16651	8th Pass	Small Business or Self-employed		
2017	13	Sabarkantha	North Gujarat	IDAR	SC	28	VANKAR BHOGILAL DANABHAI	M	47	IND	6	0	1383	259577	196868	0.7	75.84	395	0.2	10	2.33	TRUE	1						FALSE	FALSE	FALSE	AEGJ2678	Independents	10809	12th Pass	Small Business or Self-employed	Self-employed	
2017	13	Sabarkantha	North Gujarat	IDAR	SC	28	PRIYADARSHI GAURANG ARVINDBHAI	M	30	BARESP	7	0	988	259577	196868	0.5	75.84	425	0.22	10	2.33	TRUE	1						FALSE	FALSE	FALSE	AEGJ2662	Local Party	1096	Post Graduate	Salaried Work or Employed		
2017	13	Sabarkantha	North Gujarat	IDAR	SC	28	FALJIBHAI PUNJABHAI PARMAR	M	38	IND	8	0	563	259577	196868	0.29	75.84	268	0.14	10	2.33	TRUE	1						FALSE	FALSE	FALSE	AEGJ2677	Independents	10809	5th Pass	Labourer or Daily Wage		
2017	13	Sabarkantha	North Gujarat	IDAR	SC	28	PARMAR MOHANBHAI AVSARBHAI	M	60	IND	9	0	295	259577	196868	0.15	75.84	7	0	10	2.33	TRUE	1						FALSE	FALSE	FALSE	AEGJ2671	Independents	10809	Graduate	Retired or Pension		
2017	13	Sabarkantha	North Gujarat	IDAR	SC	28	VARMA VASANTCHANDRA KUSHALBHAI	M	34	AINHCP	10	0	288	259577	196868	0.15	75.84	40	0.02	10	2.33	TRUE	1						FALSE	FALSE	FALSE	AEGJ2664	Local Party	662	12th Pass	Social Work		
2017	13	Sabarkantha	North Gujarat	IDAR	SC	28	PARMAR MANISH MOTIBHAI	M	43	IND	11	0	248	259577	196868	0.13	75.84	0	0	10	2.33	TRUE	1						FALSE	FALSE	FALSE	AEGJ2670	Independents	10809	Graduate	Small Business or Self-employed	Self-employed	
2017	13	Sabarkantha	North Gujarat	KHEDBRAHMA	ST	29	KOTWAL ASHVINBHAI LAXMANBHAI	M	53	INC	1	3	85916	235372	179403	47.89	76.22	11131	6.2	7	2.5	TRUE	3	INC	3482	KHEDBRAHMA	TRUE	TRUE	FALSE	TRUE	TRUE	AEGJ12261	National Party	3482	12th Pass	Politics		Agriculture
2017	13	Sabarkantha	North Gujarat	KHEDBRAHMA	ST	29	RAMILABEN BARA	F	63	BJP	2	1	74785	235372	179403	41.69	76.22	69711	38.86	7	2.5	TRUE	4	BJP	1605	KHEDBRAHMA	TRUE	TRUE	FALSE	FALSE	FALSE	AEGJ11088	National Party	1605	Graduate Professional	Other		
2017	13	Sabarkantha	North Gujarat	KHEDBRAHMA	ST	29	None of the Above			NOTA	3		5074	235372	179403	2.83	76.22	1565	0.87	7	2.5	TRUE											NOTA	5897				
2017	13	Sabarkantha	North Gujarat	KHEDBRAHMA	ST	29	BIPINCHANDRA RUPASIBHAI GAMETI	M	48	JD(U)	4	0	3509	235372	179403	1.96	76.22	212	0.12	7	2.5	TRUE	1						FALSE	FALSE	FALSE	AEGJ2698	State-based Party (Other State)	11002	12th Pass	Agriculture		
2017	13	Sabarkantha	North Gujarat	KHEDBRAHMA	ST	29	ARVINDBHAI ASARI	M	44	BSP	5	0	3297	235372	179403	1.84	76.22	713	0.4	7	2.5	TRUE	1						FALSE	FALSE	FALSE	AEGJ2685	State-based Party (Other State)	16651	10th Pass	Agriculture		
2017	13	Sabarkantha	North Gujarat	KHEDBRAHMA	ST	29	NINAMA BHIMJIBHAI NARVAJI	M	62	IND	6	0	2584	235372	179403	1.44	76.22	130	0.07	7	2.5	TRUE	1						FALSE	FALSE	FALSE	AEGJ2707	Independents	10809	Graduate	Retired or Pension	Retired or Pension	
2017	13	Sabarkantha	North Gujarat	KHEDBRAHMA	ST	29	INDUBEN C. BODAT	F	53	IND	7	0	2454	235372	179403	1.37	76.22	670	0.37	7	2.5	TRUE	1						FALSE	FALSE	FALSE	AEGJ2705	Independents	10809				
2017	13	Sabarkantha	North Gujarat	KHEDBRAHMA	ST	29	SOLANKI CHHAGANBHAI KEVALABHAI	M	71	AINHCP	8	0	1784	235372	179403	0.99	76.22	0	0	7	2.5	TRUE	4	GPP	3167	KHEDBRAHMA	TRUE	FALSE	TRUE	FALSE	TRUE	AEGJ1591	Local Party	662	Post Graduate	Agriculture		
2017	13	Arvalli	North Gujarat	BHILODA	ST	30	DR. ANIL JOSHIYARA	M	64	INC	1	5	95719	279520	194311	49.26	69.52	12417	6.39	9	2.38	TRUE	6	INC	3482	BHILODA	TRUE	TRUE	FALSE	TRUE	TRUE	AEGJ8414	National Party	3482	Post Graduate	Agriculture		Social Work
2017	13	Arvalli	North Gujarat	BHILODA	ST	30	P.C.BARANDA	M	58	BJP	2	0	83302	279520	194311	42.87	69.52	78425	40.36	9	2.38	TRUE	1						FALSE	FALSE	FALSE	AEGJ241	National Party	1605	Graduate Professional	Retired or Pension		Agriculture
2017	13	Arvalli	North Gujarat	BHILODA	ST	30	None of the Above			NOTA	3		4877	279520	194311	2.51	69.52	883	0.45	9	2.38	TRUE											NOTA	5897				
2017	13	Arvalli	North Gujarat	BHILODA	ST	30	VISAT DINESHBHAI SANJABHAI	M	60	IND	4	0	3994	279520	194311	2.06	69.52	2242	1.15	9	2.38	TRUE	1						FALSE	FALSE	FALSE	AEGJ2729	Independents	10809	10th Pass	Retired or Pension		
2017	13	Arvalli	North Gujarat	BHILODA	ST	30	TABIYAD SOMABHAI SALUJI	M	60	CPM	5	0	1752	279520	194311	0.9	69.52	184	0.09	9	2.38	TRUE	1						FALSE	FALSE	FALSE	AEGJ2708	National Party	14635	8th Pass	Agriculture		
2017	13	Arvalli	North Gujarat	BHILODA	ST	30	NINAMA DILIPKUMAR KHIMJIBHAI	M	42	IND	6	0	1568	279520	194311	0.81	69.52	203	0.1	9	2.38	TRUE	2	IND	10809	BHILODA	TRUE	TRUE	FALSE	FALSE	TRUE	AEGJ13013	Independents	10809	Graduate Professional	Education	School Teacher	
2017	13	Arvalli	North Gujarat	BHILODA	ST	30	KHARADI SUBHASHBHAI SHEMYUALBHAI	M	51	LOGAP	7	0	1365	279520	194311	0.7	69.52	645	0.33	9	2.38	TRUE	1						FALSE	FALSE	FALSE	AEGJ2709	Local Party	5013				
2017	13	Arvalli	North Gujarat	BHILODA	ST	30	DAMOR PRATAPSINH THAVARAJI	M	61	IND	8	0	720	279520	194311	0.37	69.52	206	0.11	9	2.38	TRUE	1						FALSE	FALSE	FALSE	AEGJ2721	Independents	10809	Graduate Professional	Other		
2017	13	Arvalli	North Gujarat	BHILODA	ST	30	DAMOR CHANDUBHAI NANJIBHAI	M	61	BMUP	9	0	514	279520	194311	0.26	69.52	14	0.01	9	2.38	TRUE	1						FALSE	FALSE	FALSE	AEGJ2720	Local Party	1074	Graduate Professional	Retired or Pension		
2017	13	Arvalli	North Gujarat	BHILODA	ST	30	GAMETI HEMANTBHAI DHANJIBHAI	M	31	AINHCP	10	0	500	279520	194311	0.26	69.52	0	0	9	2.38	TRUE	1						FALSE	FALSE	FALSE	AEGJ2715	Local Party	662	12th Pass	Other		
2017	13	Arvalli	North Gujarat	MODASA	GEN	31	THAKOR RAJENDRASINH SHIVSINH	M	45	INC	1	2	83411	245561	174600	47.77	71.1	1640	0.94	8	2.22	TRUE	2	INC	3482	MODASA	TRUE	TRUE	FALSE	TRUE	TRUE	AEGJ13023	National Party	3482	Graduate	Other		
2017	13	Arvalli	North Gujarat	MODASA	GEN	31	PARMAR BHIKHUSINHJI CHATURSINHJI	M	63	BJP	2	0	81771	245561	174600	46.83	71.1	78090	44.73	8	2.22	TRUE	4	BSP	16651	MODASA	TRUE	FALSE	TRUE	FALSE	FALSE	AEGJ8470	National Party	1605	10th Pass	Agriculture		
2017	13	Arvalli	North Gujarat	MODASA	GEN	31	None of the Above			NOTA	3		3681	245561	174600	2.11	71.1	1279	0.73	8	2.22	TRUE											NOTA	5897				
2017	13	Arvalli	North Gujarat	MODASA	GEN	31	PATEL MANOJBHAI RATILAL	M	41	NCP	4	0	2402	245561	174600	1.38	71.1	1435	0.82	8	2.22	TRUE	1						FALSE	FALSE	FALSE	AEGJ2747	State-based Party (Other State)	5792	Graduate	Agriculture		
2017	13	Arvalli	North Gujarat	MODASA	GEN	31	CHAUHAN RANJITSINH SOMABHAI	M	37	IND	5	0	967	245561	174600	0.55	71.1	33	0.02	8	2.22	TRUE	1						FALSE	FALSE	FALSE	AEGJ2758	Independents	10809	12th Pass	Retired or Pension		Agriculture
2017	13	Arvalli	North Gujarat	MODASA	GEN	31	MAKWANA VISHNUSINH RUPSINH	M	46	BSP	6	0	934	245561	174600	0.53	71.1	210	0.12	8	2.22	TRUE	1						FALSE	FALSE	FALSE	AEGJ2750	State-based Party (Other State)	16651		Labourer or Daily Wage		
2017	13	Arvalli	North Gujarat	MODASA	GEN	31	PATEL SURESHKUMAR JAYANTILAL	M	37	IND	7	0	724	245561	174600	0.41	71.1	270	0.15	8	2.22	TRUE	2	IND	10809	MODASA	TRUE	TRUE	FALSE	FALSE	TRUE	AEGJ13024	Independents	10809	12th Pass	Business	Contractor	
2017	13	Arvalli	North Gujarat	MODASA	GEN	31	RAO NIRBHAYASINH KISHORSINH	M	51	AINHCP	8	0	454	245561	174600	0.26	71.1	198	0.11	8	2.22	TRUE	1						FALSE	FALSE	FALSE	AEGJ2753	Local Party	662	12th Pass	Business		Agriculture
2017	13	Arvalli	North Gujarat	MODASA	GEN	31	BAKROLIYA A.RAHIM ISMAILBHAI	M	46	JD(U)	9	0	256	245561	174600	0.15	71.1	0	0	8	2.22	TRUE	1						FALSE	FALSE	FALSE	AEGJ2751	State-based Party (Other State)	11002	8th Pass	Business	Real Estate or Builder or Developer or Construction	
2017	13	Arvalli	North Gujarat	BAYAD	GEN	32	ZALA DHAVALSINH NARENDRASINH	M	42	INC	1	1	79556	222995	157873	50.39	70.8	7901	5	4	2.17	FALSE	1						FALSE	FALSE	FALSE	AEGJ190	National Party	3482	Post Graduate	Other		
2017	13	Arvalli	North Gujarat	BAYAD	GEN	32	CHAUHAN ADESINH MANSINH	M	59	BJP	2	0	71655	222995	157873	45.39	70.8	68403	43.33	4	2.17	FALSE	2	AIRJP	8896	BAYAD	TRUE	FALSE	TRUE	FALSE	FALSE	AEGJ10071	National Party	1605	Graduate Professional	Liberal Profession or Professional	Lawyer	Agriculture
2017	13	Arvalli	North Gujarat	BAYAD	GEN	32	None of the Above			NOTA	3		3252	222995	157873	2.06	70.8	1260	0.8	4	2.17	FALSE											NOTA	5897				
2017	13	Arvalli	North Gujarat	BAYAD	GEN	32	PATEL BABARBHAI MATHURBHAI	M	47	IND	4	0	1992	222995	157873	1.26	70.8	574	0.36	4	2.17	FALSE	1						FALSE	FALSE	FALSE	AEGJ2771	Independents	10809	Graduate Professional	Other		
2017	13	Arvalli	North Gujarat	BAYAD	GEN	32	PATEL KIRITKUMAR BABARBHAI	M	39	IND	5	0	1418	222995	157873	0.9	70.8	0	0	4	2.17	FALSE	1						FALSE	FALSE	FALSE	AEGJ2769	Independents	10809	Graduate	Other		
2017	13	Sabarkantha	North Gujarat	PRANTIJ	GEN	33	PARMAR GAJENDRASINH UDESINH	M	39	BJP	1	1	83482	237000	177073	47.15	74.71	2551	1.44	9	2.33	TRUE	1						FALSE	FALSE	FALSE	AEGJ1724	National Party	1605	Graduate	Agriculture		
2017	13	Sabarkantha	North Gujarat	PRANTIJ	GEN	33	BARAIYA MAHENDRASINH KACHARSINH (ADVOCATE)	M	43	INC	2	1	80931	237000	177073	45.7	74.71	77213	43.61	9	2.33	TRUE	2	INC	3482	PRANTIJ	TRUE	TRUE	FALSE	TRUE	TRUE	AEGJ13036	National Party	3482	Graduate Professional	Liberal Profession or Professional	Lawyer	Agriculture
2017	13	Sabarkantha	North Gujarat	PRANTIJ	GEN	33	ZALA RAJENDRASINH KALUSINH	M	42	NCP	3	0	3718	237000	177073	2.1	74.71	811	0.46	9	2.33	TRUE	1						FALSE	FALSE	FALSE	AEGJ2773	State-based Party (Other State)	5792	12th Pass	Business	Real Estate or Builder or Developer or Construction	Agriculture
2017	13	Sabarkantha	North Gujarat	PRANTIJ	GEN	33	None of the Above			NOTA	4		2907	237000	177073	1.64	74.71	1145	0.65	9	2.33	TRUE											NOTA	5897				
2017	13	Sabarkantha	North Gujarat	PRANTIJ	GEN	33	MASU RASIKBHAI PATEL	M	32	IND	5	0	1762	237000	177073	1	74.71	32	0.02	9	2.33	TRUE	1						FALSE	FALSE	FALSE	AEGJ2793	Independents	10809	Post Graduate	Agriculture		
2017	13	Sabarkantha	North Gujarat	PRANTIJ	GEN	33	ZALA DALPATSINH MOTISINH	M	53	IND	6	0	1730	237000	177073	0.98	74.71	651	0.37	9	2.33	TRUE	1						FALSE	FALSE	FALSE	AEGJ2792	Independents	10809	5th Pass	Other		
2017	13	Sabarkantha	North Gujarat	PRANTIJ	GEN	33	VANKAR HARMESHKUMAR NATVARBHAI	M	34	BSP	7	0	1079	237000	177073	0.61	74.71	495	0.28	9	2.33	TRUE	1						FALSE	FALSE	FALSE	AEGJ2782	State-based Party (Other State)	16651	12th Pass	Agriculture		
2017	13	Sabarkantha	North Gujarat	PRANTIJ	GEN	33	JOSHI PARESHKUMAR PRAVINCHAND (PRAKASHBHAI MAHARAJ)	M	44	IND	8	0	584	237000	177073	0.33	74.71	63	0.04	9	2.33	TRUE	2	BhJD	1640	PRANTIJ	TRUE	FALSE	FALSE	FALSE	TRUE	AEGJ13032	Independents	10809				
2017	13	Sabarkantha	North Gujarat	PRANTIJ	GEN	33	RATHOD JAYDIPSINH JAGATSINH	M	47	ISP	9	0	521	237000	177073	0.29	74.71	162	0.09	9	2.33	TRUE	1						FALSE	FALSE	FALSE	AEGJ2787	Local Party	3995				
2017	13	Sabarkantha	North Gujarat	PRANTIJ	GEN	33	PATEL KALPESHKUMAR RANCHHODBHAI	M	32	AINHCP	10	0	359	237000	177073	0.2	74.71	0	0	9	2.33	TRUE	1						FALSE	FALSE	FALSE	AEGJ2786	Local Party	662	12th Pass	Agriculture		
2017	13	Gandhinagar	North Gujarat	DEHGAM	GEN	34	CHAUHAN BALRAJSINH KALYANSINH	M	46	BJP	1	1	74445	201363	146303	50.88	72.66	10860	7.42	6	2.22	TRUE	1						FALSE	FALSE	FALSE	AEGJ323	National Party	1605	Graduate Professional	Liberal Profession or Professional	Lawyer	Salaried Work or Employed
2017	13	Gandhinagar	North Gujarat	DEHGAM	GEN	34	RATHOD KAMINIBA BHUPENDRASINH	F	39	INC	2	1	63585	201363	146303	43.46	72.66	59660	40.78	6	2.22	TRUE	2	INC	3482	DEHGAM	TRUE	TRUE	FALSE	TRUE	TRUE	AEGJ324	National Party	3482	12th Pass	Politics	MLA	
2017	13	Gandhinagar	North Gujarat	DEHGAM	GEN	34	None of the Above			NOTA	3		3925	201363	146303	2.68	72.66	2294	1.57	6	2.22	TRUE											NOTA	5897				
2017	13	Gandhinagar	North Gujarat	DEHGAM	GEN	34	MALEK AMJADHUSSAIN MANSURMIYA	M	41	IND	4	0	1631	201363	146303	1.11	72.66	488	0.33	6	2.22	TRUE	1						FALSE	FALSE	FALSE	AEGJ2812	Independents	10809	10th Pass	Other		
2017	13	Gandhinagar	North Gujarat	DEHGAM	GEN	34	SONARA RAMANLAL KHANABHAI	M	63	BSP	5	0	1143	201363	146303	0.78	72.66	194	0.13	6	2.22	TRUE	1						FALSE	FALSE	FALSE	AEGJ2795	State-based Party (Other State)	16651	Graduate	Retired or Pension		
2017	13	Gandhinagar	North Gujarat	DEHGAM	GEN	34	THAKOR JENAJI RUMALJI	M	63	ISP	6	0	949	201363	146303	0.65	72.66	324	0.22	6	2.22	TRUE	1						FALSE	FALSE	FALSE	AEGJ2805	Local Party	3995				
2017	13	Gandhinagar	North Gujarat	DEHGAM	GEN	34	AMIN VINUBHAI BAHADURBHAI	M	84	AINHCP	7	0	625	201363	146303	0.43	72.66	0	0	6	2.22	TRUE	2	IND	10809	DEHGAM	TRUE	FALSE	FALSE	FALSE	FALSE	AEGJ5671	Local Party	662	Graduate	Other		
2017	13	Gandhinagar	North Gujarat	GANDHINAGAR SOUTH	GEN	35	THAKOR SHAMBHUJI CHELAJI	M	67	BJP	1	3	107480	304951	215575	49.86	70.69	11538	5.35	10	2.22	TRUE	3	BJP	1605	GANDHINAGAR SOUTH	TRUE	TRUE	FALSE	TRUE	TRUE	AEGJ12104	National Party	1605	Graduate Professional	Liberal Profession or Professional	Lawyer	Agriculture
2017	13	Gandhinagar	North Gujarat	GANDHINAGAR SOUTH	GEN	35	GOVINDJI HIRAJI SOLANKI	M	39	INC	2	0	95942	304951	215575	44.51	70.69	91327	42.36	10	2.22	TRUE	1						FALSE	FALSE	FALSE	AEGJ694	National Party	3482	10th Pass	Business		
2017	13	Gandhinagar	North Gujarat	GANDHINAGAR SOUTH	GEN	35	None of the Above			NOTA	3		4615	304951	215575	2.14	70.69	1854	0.86	10	2.22	TRUE											NOTA	5897				
2017	13	Gandhinagar	North Gujarat	GANDHINAGAR SOUTH	GEN	35	JADUGAR PIYUSHBHAI CHATURBHAI	M	49	BSP	4	0	2761	304951	215575	1.28	70.69	1477	0.69	10	2.22	TRUE	1						FALSE	FALSE	FALSE	AEGJ2817	State-based Party (Other State)	16651	Graduate Professional	Liberal Profession or Professional	Lawyer	
2017	13	Gandhinagar	North Gujarat	GANDHINAGAR SOUTH	GEN	35	SURESHKUMAR DHANJIBHAI SHASTRI	M	44	IND	5	0	1284	304951	215575	0.6	70.69	289	0.13	10	2.22	TRUE	1						FALSE	FALSE	FALSE	AEGJ2835	Independents	10809	Graduate Professional	Liberal Profession or Professional	Lawyer	
2017	13	Gandhinagar	North Gujarat	GANDHINAGAR SOUTH	GEN	35	SHASHIKANT FUSHABHAI VANIKAR	M	53	IND	6	0	995	304951	215575	0.46	70.69	54	0.03	10	2.22	TRUE	1						FALSE	FALSE	FALSE	AEGJ2831	Independents	10809	Post Graduate	Other		
2017	13	Gandhinagar	North Gujarat	GANDHINAGAR SOUTH	GEN	35	ACHARYA KEYUR CHIMANBHAI	M	30	BMUP	7	0	941	304951	215575	0.44	70.69	476	0.22	10	2.22	TRUE	1						FALSE	FALSE	FALSE	AEGJ2818	Local Party	1074	10th Pass	Business		
2017	13	Gandhinagar	North Gujarat	GANDHINAGAR SOUTH	GEN	35	CHAUHAN SANJAYKUMAR CHANDUBHAI	M	32	SHS	8	0	465	304951	215575	0.22	70.69	65	0.03	10	2.22	TRUE	1						FALSE	FALSE	FALSE	AEGJ2822	State-based Party (Other State)	18691	12th Pass	Business		
2017	13	Gandhinagar	North Gujarat	GANDHINAGAR SOUTH	GEN	35	GOHIL AJITSINH ARJUNJI	M	49	LVM	9	0	400	304951	215575	0.19	70.69	30	0.01	10	2.22	TRUE	1						FALSE	FALSE	FALSE	AEGJ2819	Local Party	5144	Graduate Professional	Liberal Profession or Professional	Lawyer	
2017	13	Gandhinagar	North Gujarat	GANDHINAGAR SOUTH	GEN	35	RAVAL KIRITKUMAR NATVARLAL	M	74	IND	10	0	370	304951	215575	0.17	70.69	48	0.02	10	2.22	TRUE	1						FALSE	FALSE	FALSE	AEGJ2830	Independents	10809	Graduate Professional	Retired or Pension		
2017	13	Gandhinagar	North Gujarat	GANDHINAGAR SOUTH	GEN	35	SINGH PRADEEPKUMAR GORKHNATH	M	50	SVPP	11	0	322	304951	215575	0.15	70.69	0	0	10	2.22	TRUE	1						FALSE	FALSE	FALSE	AEGJ2825	Local Party	7682	Graduate	Other		
2017	13	Gandhinagar	North Gujarat	GANDHINAGAR NORTH	GEN	36	DR. C. J. CHAVDA	M	59	INC	1	2	80142	232375	162471	49.33	69.92	5736	3.53	12	2.22	TRUE	3	INC	3482	GANDHINAGAR	FALSE	TRUE	FALSE	FALSE	FALSE	AEGJ10981	National Party	3482	Graduate Professional	Other		
2017	13	Gandhinagar	North Gujarat	GANDHINAGAR NORTH	GEN	36	ASHOKKUMAR RANCHHODBHAI PATEL	M	56	BJP	2	1	74406	232375	162471	45.8	69.92	71440	43.97	12	2.22	TRUE	2	BJP	1605	GANDHINAGAR NORTH	TRUE	TRUE	FALSE	TRUE	TRUE	AEGJ13060	National Party	1605	12th Pass	Business		Politics
2017	13	Gandhinagar	North Gujarat	GANDHINAGAR NORTH	GEN	36	None of the Above			NOTA	3		2966	232375	162471	1.83	69.92	1838	1.13	12	2.22	TRUE											NOTA	5897				
2017	13	Gandhinagar	North Gujarat	GANDHINAGAR NORTH	GEN	36	RAJ PRAJAPATI	M	47	IND	4	0	1128	232375	162471	0.69	69.92	331	0.2	12	2.22	TRUE	3	IND	10809	GANDHINAGAR NORTH	TRUE	TRUE	FALSE	FALSE	TRUE	GEGJ000005	Independents	10809	12th Pass	Liberal Profession or Professional	Journalist or Editor	
2017	13	Gandhinagar	North Gujarat	GANDHINAGAR NORTH	GEN	36	RATHOD GOVINDBHAI MOHANBHAI	M	61	BSP	5	0	797	232375	162471	0.49	69.92	25	0.02	12	2.22	TRUE	1						FALSE	FALSE	FALSE	AEGJ2844	State-based Party (Other State)	16651	12th Pass	Other		
2017	13	Gandhinagar	North Gujarat	GANDHINAGAR NORTH	GEN	36	NAYANI ROHIT	M	41	NCP	6	0	772	232375	162471	0.48	69.92	5	0	12	2.22	TRUE	1						FALSE	FALSE	FALSE	AEGJ2837	State-based Party (Other State)	5792	Graduate	Liberal Profession or Professional	Journalist or Editor	
2017	13	Gandhinagar	North Gujarat	GANDHINAGAR NORTH	GEN	36	KARANSINH VAGHELA (ADVOCATE)	M	50	AINHCP	7	0	767	232375	162471	0.47	69.92	380	0.23	12	2.22	TRUE	1						FALSE	FALSE	FALSE	AEGJ2854	Local Party	662	Graduate Professional	Liberal Profession or Professional	Lawyer	Agriculture
2017	13	Gandhinagar	North Gujarat	GANDHINAGAR NORTH	GEN	36	BAHUGUNA RASHMIBEN BHAKTIBHUSAN	F	48	IND	8	0	387	232375	162471	0.24	69.92	10	0.01	12	2.22	TRUE	1						FALSE	FALSE	FALSE	AEGJ2899	Independents	10809	Graduate Professional	Social Work		
2017	13	Gandhinagar	North Gujarat	GANDHINAGAR NORTH	GEN	36	PATEL GUNVANTKUMAR KESHAVLAL	M	43	AAAP	9	0	377	232375	162471	0.23	69.92	108	0.07	12	2.22	TRUE	1						FALSE	FALSE	FALSE	AEGJ2856	State-based Party (Other State)	13				
2017	13	Gandhinagar	North Gujarat	GANDHINAGAR NORTH	GEN	36	PARMAR PRATIKKUMAR GUNVANTBHAI	M	31	IND	10	0	269	232375	162471	0.17	69.92	91	0.06	12	2.22	TRUE	1						FALSE	FALSE	FALSE	AEGJ2895	Independents	10809	12th Pass	Small Business or Self-employed		
2017	13	Gandhinagar	North Gujarat	GANDHINAGAR NORTH	GEN	36	DABHI RAGHUJI BALDEVJI	M	57	IND	11	0	178	232375	162471	0.11	69.92	32	0.02	12	2.22	TRUE	1						FALSE	FALSE	FALSE	AEGJ2886	Independents	10809	5th Pass	Agriculture		
2017	13	Gandhinagar	North Gujarat	GANDHINAGAR NORTH	GEN	36	KAKKAD ANIL TULSIDAS	M	62	LVM	12	0	146	232375	162471	0.09	69.92	10	0.01	12	2.22	TRUE	1						FALSE	FALSE	FALSE	AEGJ2849	Local Party	5144	Graduate Professional	Retired or Pension		
2017	13	Gandhinagar	North Gujarat	GANDHINAGAR NORTH	GEN	36	VANAND CHANDUBHAI AASHARAM	M	61	SVPP	13	0	136	232375	162471	0.08	69.92	0	0	12	2.22	TRUE	1						FALSE	FALSE	FALSE	AEGJ2885	Local Party	7682	Graduate	Retired or Pension		
2017	13	Gandhinagar	North Gujarat	MANSA	GEN	37	PATEL SURESHKUMAR CHATURDAS	M	66	INC	1	3	77902	212778	162304	48	76.28	524	0.32	11	2.17	TRUE	5	INC	3482	GANDHINAGAR NORTH	FALSE	TRUE	FALSE	FALSE	TRUE	AEGJ13062	National Party	3482	12th Pass	Politics	Party Worker	Agriculture
2017	13	Gandhinagar	North Gujarat	MANSA	GEN	37	AMITBHAI HARISINGBHAI CHAUDHARY	M	31	BJP	2	1	77378	212778	162304	47.67	76.28	74378	45.83	11	2.17	TRUE	2	INC	3482	MANSA	TRUE	FALSE	TRUE	TRUE	TRUE	AEGJ13067	National Party	1605	12th Pass	Business	Real Estate or Builder or Developer or Construction	Agriculture
2017	13	Gandhinagar	North Gujarat	MANSA	GEN	37	None of the Above			NOTA	3		3000	212778	162304	1.85	76.28	1629	1	11	2.17	TRUE											NOTA	5897				
2017	13	Gandhinagar	North Gujarat	MANSA	GEN	37	PRAJAPATI ASHISHKUMAR ATMARAM	M	44	IND	4	0	1371	212778	162304	0.84	76.28	501	0.31	11	2.17	TRUE	1						FALSE	FALSE	FALSE	AEGJ2934	Independents	10809	Graduate	Education	School Teacher	
2017	13	Gandhinagar	North Gujarat	MANSA	GEN	37	PARMAR MAHENDRAKUMAR MOHANBHAI	M	49	BSP	5	0	870	212778	162304	0.54	76.28	64	0.04	11	2.17	TRUE	1						FALSE	FALSE	FALSE	AEGJ2910	State-based Party (Other State)	16651	12th Pass	Agriculture		
2017	13	Gandhinagar	North Gujarat	MANSA	GEN	37	PARMAR PARSOTTAMBHAI CHATURBHAI	M	46	IND	6	0	806	212778	162304	0.5	76.28	551	0.34	11	2.17	TRUE	1						FALSE	FALSE	FALSE	AEGJ2933	Independents	10809	8th Pass	Labourer or Daily Wage		
2017	13	Gandhinagar	North Gujarat	MANSA	GEN	37	PARMAR NARENDRABHAI MAGANLAL	M	57	IND	7	0	255	212778	162304	0.16	76.28	64	0.04	11	2.17	TRUE	1						FALSE	FALSE	FALSE	AEGJ2932	Independents	10809	8th Pass	Other		
2017	13	Gandhinagar	North Gujarat	MANSA	GEN	37	PATEL BHANUBHAI KESHAVLAL	M	51	IND	8	0	191	212778	162304	0.12	76.28	36	0.02	11	2.17	TRUE	1						FALSE	FALSE	FALSE	AEGJ2922	Independents	10809	12th Pass	Agriculture		
2017	13	Gandhinagar	North Gujarat	MANSA	GEN	37	CHAVDA VIJAYSINH KARANSINH	M	32	IND	9	0	155	212778	162304	0.1	76.28	1	0	11	2.17	TRUE	1						FALSE	FALSE	FALSE	AEGJ2911	Independents	10809	8th Pass	Agriculture		
2017	13	Gandhinagar	North Gujarat	MANSA	GEN	37	PATEL SHAILESHKUMAR SOMABHAI	M	45	IND	10	0	154	212778	162304	0.09	76.28	37	0.02	11	2.17	TRUE	1						FALSE	FALSE	FALSE	AEGJ2923	Independents	10809	12th Pass	Other		
2017	13	Gandhinagar	North Gujarat	MANSA	GEN	37	THAKOR BABUJI JOITAJI	M	54	IND	11	0	117	212778	162304	0.07	76.28	12	0.01	11	2.17	TRUE	1						FALSE	FALSE	FALSE	AEGJ2914	Independents	10809	8th Pass	Agriculture		
2017	13	Gandhinagar	North Gujarat	MANSA	GEN	37	THAKOR MAHESHJI ARJANJI	M	36	IND	12	0	105	212778	162304	0.06	76.28	0	0	11	2.17	TRUE	1						FALSE	FALSE	FALSE	AEGJ2921	Independents	10809	10th Pass	Agriculture		
2017	13	Gandhinagar	North Gujarat	KALOL	GEN	38	BALDEVJI CHANDUJI THAKOR	M	54	INC	1	3	82886	224127	164689	50.33	73.48	7965	4.84	9	2.17	TRUE	4	INC	3482	KALOL	TRUE	TRUE	FALSE	TRUE	TRUE	AEGJ10995	National Party	3482	Graduate Professional	Business		Agriculture
2017	13	Gandhinagar	North Gujarat	KALOL	GEN	38	DR.ATULBHAI K. PATEL	M	66	BJP	2	1	74921	224127	164689	45.49	73.48	72406	43.97	9	2.17	TRUE	3	BJP	1605	KALOL	TRUE	TRUE	FALSE	FALSE	TRUE	AEGJ10988	National Party	1605	8th Pass	Business		Agriculture
2017	13	Gandhinagar	North Gujarat	KALOL	GEN	38	None of the Above			NOTA	3		2515	224127	164689	1.53	73.48	1332	0.81	9	2.17	TRUE											NOTA	5897				
2017	13	Gandhinagar	North Gujarat	KALOL	GEN	38	MAHENDRASHEEL SOMABHAI UPASAK	M	50	BSP	4	0	1183	224127	164689	0.72	73.48	150	0.09	9	2.17	TRUE	1						FALSE	FALSE	FALSE	AEGJ2940	State-based Party (Other State)	16651	12th Pass	Other		
2017	13	Gandhinagar	North Gujarat	KALOL	GEN	38	THAKOR KARSANJI MAGANJI	M	82	NCP	5	0	1033	224127	164689	0.63	73.48	180	0.11	9	2.17	TRUE	1						FALSE	FALSE	FALSE	AEGJ2938	State-based Party (Other State)	5792	10th Pass	Agriculture		
2017	13	Gandhinagar	North Gujarat	KALOL	GEN	38	MAKWANA ANILKUMAR SOMABHAI	M	51	IND	6	0	853	224127	164689	0.52	73.48	278	0.17	9	2.17	TRUE	4	IND	10809	KALOL	TRUE	TRUE	FALSE	FALSE	TRUE	AEGJ10991	Independents	10809	5th Pass	Labourer or Daily Wage		
2017	13	Gandhinagar	North Gujarat	KALOL	GEN	38	VYAS VISHNU PRASAD CHHOTALAL	M	60	IND	7	0	575	224127	164689	0.35	73.48	297	0.18	9	2.17	TRUE	3	IND	10809	KALOL	TRUE	TRUE	FALSE	FALSE	TRUE	AEGJ12039	Independents	10809	10th Pass	Retired or Pension		Social Work
2017	13	Gandhinagar	North Gujarat	KALOL	GEN	38	OZA AJITABEN VITTHALBHAI	F	35	ASAPA	8	0	278	224127	164689	0.17	73.48	23	0.01	9	2.17	TRUE	1						FALSE	FALSE	FALSE	AEGJ2941	Local Party	47	Graduate Professional	Other	Household	
2017	13	Gandhinagar	North Gujarat	KALOL	GEN	38	PATEL SATISHKUMAR RAMESHBHAI	M	40	IND	9	0	255	224127	164689	0.15	73.48	65	0.04	9	2.17	TRUE	1						FALSE	FALSE	FALSE	AEGJ2947	Independents	10809	8th Pass	Agriculture		
2017	13	Gandhinagar	North Gujarat	KALOL	GEN	38	PATEL RAJNIKANT AMBALAL (BACHUBHAI)	M	60	IND	10	0	190	224127	164689	0.12	73.48	0	0	9	2.17	TRUE	1						FALSE	FALSE	FALSE	AEGJ2945	Independents	10809	10th Pass	Agriculture		
2017	13	Ahmedabad	North Gujarat	VIRAMGAM	GEN	39	BHARWAD LAKHABHAI BHIKHABHAI	M	58	INC	1	1	76178	271108	184653	41.25	68.11	6548	3.55	22	3.23	TRUE	1						FALSE	FALSE	FALSE	AEGJ2143	National Party	3482	Graduate	Agriculture		Social Work
2017	13	Ahmedabad	North Gujarat	VIRAMGAM	GEN	39	DR. TEJSHRIBEN DILIPKUMAR PATEL	F	52	BJP	2	1	69630	271108	184653	37.71	68.11	57561	31.17	22	3.23	TRUE	3	INC	3482	VIRAMGAM	TRUE	FALSE	TRUE	TRUE	TRUE	AEGJ11960	National Party	1605	Post Graduate	Salaried Work or Employed	Medical Professional	
2017	13	Ahmedabad	North Gujarat	VIRAMGAM	GEN	39	JADAV DHRUVKUMAR BAVALBHAI	M	34	IND	3	0	12069	271108	184653	6.54	68.11	1233	0.67	22	3.23	TRUE	1						FALSE	FALSE	FALSE	AEGJ2991	Independents	10809	Graduate	Agriculture		
2017	13	Ahmedabad	North Gujarat	VIRAMGAM	GEN	39	THAKOR KUNVARJI BABAJI	M	65	IND	4	0	10836	271108	184653	5.87	68.11	8001	4.33	22	3.23	TRUE	1						FALSE	FALSE	FALSE	AEGJ2993	Independents	10809	10th Pass	Agriculture		
2017	13	Ahmedabad	North Gujarat	VIRAMGAM	GEN	39	PATEL BHAILALBHAI GANPATBHAI	M	37	IND	5	0	2835	271108	184653	1.54	68.11	1214	0.66	22	3.23	TRUE	1						FALSE	FALSE	FALSE	AEGJ3004	Independents	10809	5th Pass	Other		
2017	13	Ahmedabad	North Gujarat	VIRAMGAM	GEN	39	PATEL BALDEVBHAI JIVABHAI	M	67	IND	6	0	1621	271108	184653	0.88	68.11	1	0	22	3.23	TRUE	1						FALSE	FALSE	FALSE	AEGJ3000	Independents	10809				
2017	13	Ahmedabad	North Gujarat	VIRAMGAM	GEN	39	BHAVESH SOLANKI	M	34	BSP	7	0	1620	271108	184653	0.88	68.11	208	0.11	22	3.23	TRUE	1						FALSE	FALSE	FALSE	AEGJ2956	State-based Party (Other State)	16651	12th Pass	Agriculture		
2017	13	Ahmedabad	North Gujarat	VIRAMGAM	GEN	39	None of the Above			NOTA	8		1412	271108	184653	0.76	68.11	41	0.02	22	3.23	TRUE											NOTA	5897				
2017	13	Ahmedabad	North Gujarat	VIRAMGAM	GEN	39	BARAD PRABHUBHAI LAXMANBHAI	M	55	IND	9	0	1371	271108	184653	0.74	68.11	443	0.24	22	3.23	TRUE	1						FALSE	FALSE	FALSE	AEGJ3007	Independents	10809	5th Pass	Other		
2017	13	Ahmedabad	North Gujarat	VIRAMGAM	GEN	39	RAVAL VINODCHANDRA GIRISHBHAI	M	52	IND	10	0	928	271108	184653	0.5	68.11	15	0.01	22	3.23	TRUE	1						FALSE	FALSE	FALSE	AEGJ3009	Independents	10809	8th Pass	Agriculture		
2017	13	Ahmedabad	North Gujarat	VIRAMGAM	GEN	39	PATEL ALPESHKUMAR POPATLAL	M	38	IND	11	0	913	271108	184653	0.49	68.11	233	0.13	22	3.23	TRUE	1						FALSE	FALSE	FALSE	AEGJ2997	Independents	10809	12th Pass	Agriculture		
2017	13	Ahmedabad	North Gujarat	VIRAMGAM	GEN	39	MOMIN USMANBHAI NURABHAI	M	48	BMUP	12	0	680	271108	184653	0.37	68.11	105	0.06	22	3.23	TRUE	1						FALSE	FALSE	FALSE	AEGJ2980	Local Party	1074	8th Pass	Agriculture		
2017	13	Ahmedabad	North Gujarat	VIRAMGAM	GEN	39	SHREEMALI MANSUKHBHAI HARIBHAI	M	50	IND	13	0	575	271108	184653	0.31	68.11	78	0.04	22	3.23	TRUE	1						FALSE	FALSE	FALSE	AEGJ3023	Independents	10809				
2017	13	Ahmedabad	North Gujarat	VIRAMGAM	GEN	39	LAMKA LALABHAI MAFABHAI	M	28	IND	14	0	497	271108	184653	0.27	68.11	11	0.01	22	3.23	TRUE	1						FALSE	FALSE	FALSE	AEGJ3011	Independents	10809	8th Pass	Other		
2017	13	Ahmedabad	North Gujarat	VIRAMGAM	GEN	39	ZALA DASHARATHSINH HEMANTSANG	M	43	JANSAPP	15	0	486	271108	184653	0.26	68.11	1	0	22	3.23	TRUE	1						FALSE	FALSE	FALSE	AEGJ2973	Local Party	4169	8th Pass	Agriculture		
2017	13	Ahmedabad	North Gujarat	VIRAMGAM	GEN	39	GOSWAMI RAJENDRAGIRI VASHARAMGIRI	M	46	IND	16	0	485	271108	184653	0.26	68.11	11	0.01	22	3.23	TRUE	1						FALSE	FALSE	FALSE	AEGJ2990	Independents	10809				
2017	13	Ahmedabad	North Gujarat	VIRAMGAM	GEN	39	THAKOR PARBATBHAI RAMJIBHAI	M	32	IND	17	0	474	271108	184653	0.26	68.11	32	0.02	22	3.23	TRUE	1						FALSE	FALSE	FALSE	AEGJ2994	Independents	10809	8th Pass	Agriculture		
2017	13	Ahmedabad	North Gujarat	VIRAMGAM	GEN	39	KOLI PATEL MUKESHBHAI HIMMATBHAI	M	28	VPP	18	0	442	271108	184653	0.24	68.11	46	0.02	22	3.23	TRUE	1						FALSE	FALSE	FALSE	AEGJ2957	Local Party	8518				
2017	13	Ahmedabad	North Gujarat	VIRAMGAM	GEN	39	THAKOR JAYANTIBHAI BACHUJI	M	42	AINHCP	19	0	396	271108	184653	0.21	68.11	1	0	22	3.23	TRUE	1						FALSE	FALSE	FALSE	AEGJ2975	Local Party	662	12th Pass	Business		
2017	13	Ahmedabad	North Gujarat	VIRAMGAM	GEN	39	VAGHELA KISHORSINH MAHOBATSINH	M	53	IND	20	0	395	271108	184653	0.21	68.11	121	0.07	22	3.23	TRUE	2	IND	10809	VIRAMGAM	TRUE	TRUE	FALSE	FALSE	TRUE	AEGJ13085	Independents	10809	8th Pass	Other		
2017	13	Ahmedabad	North Gujarat	VIRAMGAM	GEN	39	PRAJAPATI SAROJBEN NAGARBHAI	F	26	ASAPA	21	0	274	271108	184653	0.15	68.11	6	0	22	3.23	TRUE	1						FALSE	FALSE	FALSE	AEGJ2979	Local Party	47	12th Pass	Other	Household	
2017	13	Ahmedabad	North Gujarat	VIRAMGAM	GEN	39	VAGHARI VASANTBHAI DAJIBHAI	M	34	IND	22	0	268	271108	184653	0.15	68.11	0	0	22	3.23	TRUE	1						FALSE	FALSE	FALSE	AEGJ3018	Independents	10809	8th Pass	Labourer or Daily Wage		
2017	13	Ahmedabad	North Gujarat	VIRAMGAM	GEN	39	KOLI PATEL VIRAMBHAI RUPABHAI	M	43	IND	23	0	268	271108	184653	0.15	68.11	0	0	22	3.23	TRUE	1						FALSE	FALSE	FALSE	AEGJ2983	Independents	10809	Literate	Other		
2017	13	Ahmedabad	North Gujarat	SANAND	GEN	40	KANUBHAI KARAMSHIBHAI PATEL	M	32	BJP	1	1	67692	243451	184148	36.76	75.64	7721	4.19	14	3.45	TRUE	1						FALSE	FALSE	FALSE	AEGJ1841	National Party	1605	12th Pass	Business		Agriculture
2017	13	Ahmedabad	North Gujarat	SANAND	GEN	40	DABHI PUSHPABEN JORUBHAI	F	37	INC	2	0	59971	243451	184148	32.57	75.64	22176	12.04	14	3.45	TRUE	1						FALSE	FALSE	FALSE	AEGJ1846	National Party	3482	12th Pass	Other	Household	
2017	13	Ahmedabad	North Gujarat	SANAND	GEN	40	RATHOD KAMABHAI GAGJIBHAI	M	51	IND	3	1	37795	243451	184148	20.52	75.64	33708	18.3	14	3.45	TRUE	3	BJP	1605	SANAND	TRUE	FALSE	FALSE	FALSE	TRUE	AEGJ13090	Independents	10809				
2017	13	Ahmedabad	North Gujarat	SANAND	GEN	40	None of the Above			NOTA	4		4087	243451	184148	2.22	75.64	1638	0.89	14	3.45	TRUE											NOTA	5897				
2017	13	Ahmedabad	North Gujarat	SANAND	GEN	40	VANIYA JAGDISHBHAI DHUDABHAI	M	42	BSP	5	0	2449	243451	184148	1.33	75.64	30	0.02	14	3.45	TRUE	1						FALSE	FALSE	FALSE	AEGJ3030	State-based Party (Other State)	16651	10th Pass	Other		
2017	13	Ahmedabad	North Gujarat	SANAND	GEN	40	SOLANKI MAHESHBHAI RAMANBHAI	M	27	IND	6	0	2419	243451	184148	1.31	75.64	46	0.02	14	3.45	TRUE	1						FALSE	FALSE	FALSE	AEGJ3076	Independents	10809				
2017	13	Ahmedabad	North Gujarat	SANAND	GEN	40	DATTA RAJESHKUMAR SOMABHAI	M	45	IND	7	0	2373	243451	184148	1.29	75.64	970	0.53	14	3.45	TRUE	1						FALSE	FALSE	FALSE	AEGJ3062	Independents	10809				
2017	13	Ahmedabad	North Gujarat	SANAND	GEN	40	THAKOR DASHRATHJI MAFATJI	M	53	AINHCP	8	0	1403	243451	184148	0.76	75.64	263	0.14	14	3.45	TRUE	1						FALSE	FALSE	FALSE	AEGJ3038	Local Party	662	8th Pass	Agriculture		
2017	13	Ahmedabad	North Gujarat	SANAND	GEN	40	THAKOR BAHADURBHAI KHODAJI	M	51	BMUP	9	0	1140	243451	184148	0.62	75.64	54	0.03	14	3.45	TRUE	1						FALSE	FALSE	FALSE	AEGJ3042	Local Party	1074	Literate	Agriculture		
2017	13	Ahmedabad	North Gujarat	SANAND	GEN	40	ZALA TARUNSINH ASHOKSINH	M	33	IND	10	0	1086	243451	184148	0.59	75.64	50	0.03	14	3.45	TRUE	1						FALSE	FALSE	FALSE	AEGJ3050	Independents	10809				
2017	13	Ahmedabad	North Gujarat	SANAND	GEN	40	VAGHELA JAYPALSINH BALVANTSINH	M	29	IND	11	0	1036	243451	184148	0.56	75.64	70	0.04	14	3.45	TRUE	1						FALSE	FALSE	FALSE	AEGJ3071	Independents	10809				
2017	13	Ahmedabad	North Gujarat	SANAND	GEN	40	KOLI PATEL JORUBHAI KAVABHAI	M	43	SHS	12	0	966	243451	184148	0.52	75.64	114	0.06	14	3.45	TRUE	1						FALSE	FALSE	FALSE	AEGJ3034	State-based Party (Other State)	18691	Literate	Agriculture		
2017	13	Ahmedabad	North Gujarat	SANAND	GEN	40	BHAVESH BHIKHABHAI PATEL	M	37	NCP	13	0	852	243451	184148	0.46	75.64	369	0.2	14	3.45	TRUE	1						FALSE	FALSE	FALSE	AEGJ3024	State-based Party (Other State)	5792	5th Pass	Other		
2017	13	Ahmedabad	North Gujarat	SANAND	GEN	40	DILIPSINH VALA	M	36	LOKSP	14	0	483	243451	184148	0.26	75.64	87	0.05	14	3.45	TRUE	1						FALSE	FALSE	FALSE	AEGJ3046	Local Party	5174	Graduate Professional	Other		
2017	13	Ahmedabad	North Gujarat	SANAND	GEN	40	PARMAR CHANDRAKANT ATMARAM	M	42	JD(U)	15	0	396	243451	184148	0.22	75.64	0	0	14	3.45	TRUE	1						FALSE	FALSE	FALSE	AEGJ3047	State-based Party (Other State)	11002	Graduate Professional	Liberal Profession or Professional	Lawyer	
2017	13	Ahmedabad	North Gujarat	GHATLODIA	GEN	41	PATEL BHUPENDRABHAI RAJNIKANT	M	55	BJP	1	1	175652	352316	241787	72.65	68.63	117750	48.7	13	1.69	TRUE	1						FALSE	FALSE	FALSE	AEGJ727	National Party	1605	12th Pass	Other		
2017	13	Ahmedabad	North Gujarat	GHATLODIA	GEN	41	PATEL SHASHIKANT (BHURABHAI)	M	47	INC	2	0	57902	352316	241787	23.95	68.63	53729	22.22	13	1.69	TRUE	2	INC	3482	SARKHEJ	FALSE	TRUE	FALSE	FALSE	FALSE	AEGJ737	National Party	3482	8th Pass	Business	Real Estate or Builder or Developer or Construction	Agriculture
2017	13	Ahmedabad	North Gujarat	GHATLODIA	GEN	41	None of the Above			NOTA	3		4173	352316	241787	1.73	68.63	3068	1.27	13	1.69	TRUE											NOTA	5897				
2017	13	Ahmedabad	North Gujarat	GHATLODIA	GEN	41	THAKOR BUDHAJI GABHAJI	M	44	BSP	4	0	1105	352316	241787	0.46	68.63	486	0.2	13	1.69	TRUE	1						FALSE	FALSE	FALSE	AEGJ3078	State-based Party (Other State)	16651	5th Pass	Agriculture		Social Work
2017	13	Ahmedabad	North Gujarat	GHATLODIA	GEN	41	SHAH SURENDRABHAI KESHAVLAL	M	62	IND	5	0	619	352316	241787	0.26	68.63	47	0.02	13	1.69	TRUE	1						FALSE	FALSE	FALSE	AEGJ3116	Independents	10809				
2017	13	Ahmedabad	North Gujarat	GHATLODIA	GEN	41	RAHUL CHIMANBHAI MEHETA	M	49	IND	6	0	572	352316	241787	0.24	68.63	149	0.06	13	1.69	TRUE	2	IND	10809	GHATLODIA	TRUE	TRUE	FALSE	FALSE	TRUE	GEGJ2735	Independents	10809				
2017	13	Ahmedabad	North Gujarat	GHATLODIA	GEN	41	KACHHADIYA KESHAVLAL RAMJIBHAI	M	56	IND	7	0	423	352316	241787	0.17	68.63	71	0.03	13	1.69	TRUE	1						FALSE	FALSE	FALSE	AEGJ3083	Independents	10809	10th Pass	Business		Agriculture
2017	13	Ahmedabad	North Gujarat	GHATLODIA	GEN	41	PANCHAL AMIT NATVARLAL	M	33	IND	8	0	352	352316	241787	0.15	68.63	134	0.06	13	1.69	TRUE	1						FALSE	FALSE	FALSE	AEGJ3109	Independents	10809	Graduate	Business		
2017	13	Ahmedabad	North Gujarat	GHATLODIA	GEN	41	PIYUSHBHAI SOMNATH PATEL (C.A.)	M	52	IND	9	0	218	352316	241787	0.09	68.63	15	0.01	13	1.69	TRUE	1						FALSE	FALSE	FALSE	AEGJ3102	Independents	10809				
2017	13	Ahmedabad	North Gujarat	GHATLODIA	GEN	41	PATEL YOGESHKUMAR CHANDUBHAI	M	40	IND	10	0	203	352316	241787	0.08	68.63	49	0.02	13	1.69	TRUE	1						FALSE	FALSE	FALSE	AEGJ3095	Independents	10809	Others	Business		
2017	13	Ahmedabad	North Gujarat	GHATLODIA	GEN	41	PATEL SHAILESHKUMAR KASHIRAM	M	46	IND	11	0	154	352316	241787	0.06	68.63	7	0	13	1.69	TRUE	1						FALSE	FALSE	FALSE	AEGJ3100	Independents	10809	Graduate	Other		
2017	13	Ahmedabad	North Gujarat	GHATLODIA	GEN	41	KIRAN (MASTER/SIR)	M	37	IND	12	0	147	352316	241787	0.06	68.63	4	0	13	1.69	TRUE	1						FALSE	FALSE	FALSE	AEGJ3084	Independents	10809				
2017	13	Ahmedabad	North Gujarat	GHATLODIA	GEN	41	NILESH NARANBHAI MISTRY	M	53	IND	13	0	143	352316	241787	0.06	68.63	19	0.01	13	1.69	TRUE	1						FALSE	FALSE	FALSE	AEGJ3094	Independents	10809	8th Pass	Other		
2017	13	Ahmedabad	North Gujarat	GHATLODIA	GEN	41	DARSHAN DILIPBHAI PATEL	M	39	IND	14	0	124	352316	241787	0.05	68.63	0	0	13	1.69	TRUE	1						FALSE	FALSE	FALSE	AEGJ3093	Independents	10809	Graduate	Other		
2017	13	Ahmedabad	North Gujarat	VEJALPUR	GEN	42	CHAUHAN KISHOR BABULAL	M	59	BJP	1	2	117748	326950	220397	53.43	67.41	22567	10.24	12	2.08	TRUE	2	BJP	1605	VEJALPUR	TRUE	TRUE	FALSE	TRUE	TRUE	AEGJ13114	National Party	1605	10th Pass	Business	Real Estate or Builder or Developer or Construction	
2017	13	Ahmedabad	North Gujarat	VEJALPUR	GEN	42	SHAH MIHIRBHAI SUBODHBHAI	M	51	INC	2	0	95181	326950	220397	43.19	67.41	91518	41.52	12	2.08	TRUE	1						FALSE	FALSE	FALSE	AEGJ2121	National Party	3482	Graduate Professional	Business	Real Estate or Builder or Developer or Construction	Salaried Work or Employed
2017	13	Ahmedabad	North Gujarat	VEJALPUR	GEN	42	None of the Above			NOTA	3		3663	326950	220397	1.66	67.41	2716	1.23	12	2.08	TRUE											NOTA	5897				
2017	13	Ahmedabad	North Gujarat	VEJALPUR	GEN	42	SOLANKI VINODBHAI BODHABHAI	M	32	BSP	4	0	947	326950	220397	0.43	67.41	145	0.07	12	2.08	TRUE	1						FALSE	FALSE	FALSE	AEGJ3118	State-based Party (Other State)	16651	12th Pass	Other		
2017	13	Ahmedabad	North Gujarat	VEJALPUR	GEN	42	PARMAR YUSUFBHAI JEEBHAI	M	46	NCP	5	0	802	326950	220397	0.36	67.41	252	0.11	12	2.08	TRUE	1						FALSE	FALSE	FALSE	AEGJ3117	State-based Party (Other State)	5792	8th Pass	Business		
2017	13	Ahmedabad	North Gujarat	VEJALPUR	GEN	42	MADHURI NIRAJ BHARADVAJ	F	47	IND	6	0	550	326950	220397	0.25	67.41	155	0.07	12	2.08	TRUE	1						FALSE	FALSE	FALSE	AEGJ3168	Independents	10809				
2017	13	Ahmedabad	North Gujarat	VEJALPUR	GEN	42	RINA NITINKUMAR BAROT	F	38	IND	7	0	395	326950	220397	0.18	67.41	136	0.06	12	2.08	TRUE	1						FALSE	FALSE	FALSE	AEGJ3170	Independents	10809	Graduate	Other		
2017	13	Ahmedabad	North Gujarat	VEJALPUR	GEN	42	GOVINDBHAI JADAV (DHANDHUKAWALA)	M	66	IND	8	0	259	326950	220397	0.12	67.41	62	0.03	12	2.08	TRUE	1						FALSE	FALSE	FALSE	AEGJ3165	Independents	10809	Graduate	Small Business or Self-employed		
2017	13	Ahmedabad	North Gujarat	VEJALPUR	GEN	42	SAIYAD KAUSARALI FAIYAZALI (SWAPNADRASHTA)	M	41	SP(I)	9	0	197	326950	220397	0.09	67.41	12	0.01	12	2.08	TRUE	1						FALSE	FALSE	FALSE	AEGJ3146	Local Party	8030	Graduate	Other		
2017	13	Ahmedabad	North Gujarat	VEJALPUR	GEN	42	SHAIKH YUNUS GULAMRASUL	M	45	ADPT	10	0	185	326950	220397	0.08	67.41	25	0.01	12	2.08	TRUE	1						FALSE	FALSE	FALSE	AEGJ3144	Local Party	15715	8th Pass	Other		
2017	13	Ahmedabad	North Gujarat	VEJALPUR	GEN	42	GAJJAR NILESH RAMESHBHAI	M	26	VHS	11	0	160	326950	220397	0.07	67.41	3	0	12	2.08	TRUE	1						FALSE	FALSE	FALSE	AEGJ3121	Local Party	8503	10th Pass	Other		
2017	13	Ahmedabad	North Gujarat	VEJALPUR	GEN	42	KSHATRIA BIRJU MOTISINH	M	37	RAJPA	12	0	157	326950	220397	0.07	67.41	4	0	12	2.08	TRUE	2	IND	10809	VEJALPUR	TRUE	FALSE	FALSE	FALSE	TRUE	AEGJ13113	Local Party	6567	12th Pass	Salaried Work or Employed	Engineer	
2017	13	Ahmedabad	North Gujarat	VEJALPUR	GEN	42	MAHETA YOGESH DEVENDRABHAI	M	32	LOGAP	13	0	153	326950	220397	0.07	67.41	0	0	12	2.08	TRUE	1						FALSE	FALSE	FALSE	AEGJ3124	Local Party	5013				
2017	13	Ahmedabad	North Gujarat	VATVA	GEN	43	PRADIPSINH BHAGVATSINH JADEJA	M	55	BJP	1	4	131133	311646	212161	61.81	68.08	62380	29.4	16	2.04	TRUE	4	BJP	1605	VATVA	TRUE	TRUE	FALSE	TRUE	TRUE	AEGJ10930	National Party	1605	Graduate	Business		Salaried Work or Employed
2017	13	Ahmedabad	North Gujarat	VATVA	GEN	43	PATEL BIPINCHANDRA RUGNATHBHAI (BIPINKAKA)	M	72	INC	2	0	68753	311646	212161	32.41	68.08	66293	31.25	16	2.04	TRUE	1						FALSE	FALSE	FALSE	AEGJ2097	National Party	3482	Graduate Professional	Other		
2017	13	Ahmedabad	North Gujarat	VATVA	GEN	43	None of the Above			NOTA	3		2460	311646	212161	1.16	68.08	220	0.1	16	2.04	TRUE											NOTA	5897				
2017	13	Ahmedabad	North Gujarat	VATVA	GEN	43	SANDHI DAUD ISMAIL	M	47	IND	4	0	2240	311646	212161	1.06	68.08	886	0.42	16	2.04	TRUE	2	IND	10809	VATVA	TRUE	TRUE	FALSE	FALSE	TRUE	AEGJ13132	Independents	10809				
2017	13	Ahmedabad	North Gujarat	VATVA	GEN	43	MAURYA RAJESH HARIRAM	M	42	PAP	5	0	1354	311646	212161	0.64	68.08	179	0.08	16	2.04	TRUE	1						FALSE	FALSE	FALSE	GEGJ2795	Local Party	6189	10th Pass	Social Work		
2017	13	Ahmedabad	North Gujarat	VATVA	GEN	43	PARMAR BHARATBHAI SHAKARABHAI	M	37	BSP	6	0	1175	311646	212161	0.55	68.08	188	0.09	16	2.04	TRUE	1						FALSE	FALSE	FALSE	AEGJ3176	State-based Party (Other State)	16651	12th Pass	Labourer or Daily Wage		
2017	13	Ahmedabad	North Gujarat	VATVA	GEN	43	PATEL ATULKUMAR RAVJIBHAI	M	52	IND	7	0	987	311646	212161	0.47	68.08	41	0.02	16	2.04	TRUE	2	INC	3482	VATVA	TRUE	FALSE	FALSE	FALSE	TRUE	AEGJ13125	Independents	10809	12th Pass	Business		Agriculture
2017	13	Ahmedabad	North Gujarat	VATVA	GEN	43	SAIYAD KASAMALI IMAMALI	M	44	IND	8	0	946	311646	212161	0.45	68.08	205	0.1	16	2.04	TRUE	1						FALSE	FALSE	FALSE	AEGJ3229	Independents	10809	Literate	Business		
2017	13	Ahmedabad	North Gujarat	VATVA	GEN	43	SAIYAD SABANABANU HAIDARABBAS	F	39	IND	9	0	741	311646	212161	0.35	68.08	295	0.14	16	2.04	TRUE	1						FALSE	FALSE	FALSE	AEGJ3230	Independents	10809				
2017	13	Ahmedabad	North Gujarat	VATVA	GEN	43	RATHOD MUNIRHUSEN AMIRMIYA	M	44	IND	10	0	446	311646	212161	0.21	68.08	10	0	16	2.04	TRUE	1						FALSE	FALSE	FALSE	AEGJ3202	Independents	10809	Graduate Professional	Liberal Profession or Professional	Lawyer	
2017	13	Ahmedabad	North Gujarat	VATVA	GEN	43	MOHMMAD JAFAR MOHMMAD KASAM SHAIKH	M	33	IND	11	0	436	311646	212161	0.21	68.08	101	0.05	16	2.04	TRUE	1						FALSE	FALSE	FALSE	AEGJ3193	Independents	10809	8th Pass	Other		
2017	13	Ahmedabad	North Gujarat	VATVA	GEN	43	SIDDIKI MO.KALIM TAUIFIKAHEMAD	M	36	IND	12	0	335	311646	212161	0.16	68.08	4	0	16	2.04	TRUE	1						FALSE	FALSE	FALSE	AEGJ3224	Independents	10809				
2017	13	Ahmedabad	North Gujarat	VATVA	GEN	43	SARAFARAJKHAN ALADADKHAN PATHAN	M	50	IND	13	0	331	311646	212161	0.16	68.08	86	0.04	16	2.04	TRUE	1						FALSE	FALSE	FALSE	AEGJ3218	Independents	10809	8th Pass	Other		
2017	13	Ahmedabad	North Gujarat	VATVA	GEN	43	ANSARI MOHOMADRASHID NURISLAM	M	39	IND	14	0	245	311646	212161	0.12	68.08	24	0.01	16	2.04	TRUE	2	IND	10809	VATVA	TRUE	TRUE	FALSE	FALSE	TRUE	AEGJ13128	Independents	10809	5th Pass	Business		
2017	13	Ahmedabad	North Gujarat	VATVA	GEN	43	SHAILESHBHAI GANDABHAI BHARVAD	M	41	IND	15	0	221	311646	212161	0.1	68.08	18	0.01	16	2.04	TRUE	2	NCP	5792	VATVA	TRUE	FALSE	FALSE	FALSE	TRUE	AEGJ13126	Independents	10809	8th Pass	Agriculture		
2017	13	Ahmedabad	North Gujarat	VATVA	GEN	43	MEVATI FARJANABANU ISMAILBHAI	F	45	IND	16	0	203	311646	212161	0.1	68.08	48	0.02	16	2.04	TRUE	1						FALSE	FALSE	FALSE	AEGJ3192	Independents	10809	5th Pass	Labourer or Daily Wage		
2017	13	Ahmedabad	North Gujarat	VATVA	GEN	43	SHAIKH SALMABANU MOHMAD SALIMBHAI	F	37	IND	17	0	155	311646	212161	0.07	68.08	0	0	16	2.04	TRUE	1						FALSE	FALSE	FALSE	AEGJ3212	Independents	10809	8th Pass	Social Work		
2017	13	Ahmedabad	North Gujarat	ELLIS BRIDGE	GEN	44	SHAH RAKESHBHAI JASVANTLAL (RAKESH SHAH)	M	55	BJP	1	3	116811	244120	156065	74.85	63.93	85205	54.6	8	1.67	TRUE	3	BJP	1605	ELLIS BRIDGE	TRUE	TRUE	FALSE	TRUE	TRUE	AEGJ11999	National Party	1605	Graduate	Other		
2017	13	Ahmedabad	North Gujarat	ELLIS BRIDGE	GEN	44	DAVE VIJAYKUMAR RATILAL	M	57	INC	2	0	31606	244120	156065	20.25	63.93	28127	18.02	8	1.67	TRUE	1						FALSE	FALSE	FALSE	AEGJ578	National Party	3482	Post Graduate	Other		
2017	13	Ahmedabad	North Gujarat	ELLIS BRIDGE	GEN	44	None of the Above			NOTA	3		3479	244120	156065	2.23	63.93	1335	0.86	8	1.67	TRUE											NOTA	5897				
2017	13	Ahmedabad	North Gujarat	ELLIS BRIDGE	GEN	44	SOLANKI MALABHAI HIRABHAI	M	38	BSP	4	0	2144	244120	156065	1.37	63.93	1591	1.02	8	1.67	TRUE	2	LJP	5029	ELLIS BRIDGE	TRUE	FALSE	TRUE	FALSE	TRUE	AEGJ13136	State-based Party (Other State)	16651	10th Pass	Other		
2017	13	Ahmedabad	North Gujarat	ELLIS BRIDGE	GEN	44	SOLANKI NILABEN JIVRAJBHAI	F	54	IND	5	0	553	244120	156065	0.35	63.93	77	0.05	8	1.67	TRUE	1						FALSE	FALSE	FALSE	AEGJ3268	Independents	10809	Graduate Professional	Liberal Profession or Professional	Lawyer	
2017	13	Ahmedabad	North Gujarat	ELLIS BRIDGE	GEN	44	MEENAKSHI JOSHI	F	55	SUCI	6	0	476	244120	156065	0.31	63.93	84	0.05	8	1.67	TRUE	1						FALSE	FALSE	FALSE	AEGJ3260	State-based Party (Other State)	8082	Post Graduate	Social Work		
2017	13	Ahmedabad	North Gujarat	ELLIS BRIDGE	GEN	44	SHWETA MUKESH SHAH	F	32	IND	7	0	392	244120	156065	0.25	63.93	66	0.04	8	1.67	TRUE	1						FALSE	FALSE	FALSE	AEGJ3262	Independents	10809	Post Graduate	Other		
2017	13	Ahmedabad	North Gujarat	ELLIS BRIDGE	GEN	44	PATEL KALPESH NANDKUMAR	M	49	AINHCP	8	0	326	244120	156065	0.21	63.93	48	0.03	8	1.67	TRUE	1						FALSE	FALSE	FALSE	AEGJ3259	Local Party	662	10th Pass	Business		
2017	13	Ahmedabad	North Gujarat	ELLIS BRIDGE	GEN	44	THAKER HITESH	M	51	SHS	9	0	278	244120	156065	0.18	63.93	0	0	8	1.67	TRUE	1						FALSE	FALSE	FALSE	AEGJ3251	State-based Party (Other State)	18691	Graduate Professional	Liberal Profession or Professional	"Actor, Musician or Artist"	
2017	13	Ahmedabad	North Gujarat	NARANPURA	GEN	45	KAUSHIKBHAI JAMNADAS PATEL (KAUSHIK PATEL)	M	62	BJP	1	5	106458	229801	152723	69.71	66.46	66215	43.36	10	1.79	TRUE	6	BJP	1605	SHAHPUR	FALSE	TRUE	FALSE	FALSE	FALSE	AEGJ1593	National Party	1605	10th Pass	Other		
2017	13	Ahmedabad	North Gujarat	NARANPURA	GEN	45	NITINBHAI KANTIBHAI PATEL	M	43	INC	2	0	40243	229801	152723	26.35	66.46	37376	24.47	10	1.79	TRUE	1						FALSE	FALSE	FALSE	AEGJ1597	National Party	3482	Graduate	Other		
2017	13	Ahmedabad	North Gujarat	NARANPURA	GEN	45	None of the Above			NOTA	3		2867	229801	152723	1.88	66.46	1583	1.04	10	1.79	TRUE											NOTA	5897				
2017	13	Ahmedabad	North Gujarat	NARANPURA	GEN	45	RAVI KHENGARBHAI VAGHELA	M	34	BSP	4	0	1284	229801	152723	0.84	66.46	692	0.45	10	1.79	TRUE	1						FALSE	FALSE	FALSE	AEGJ3273	State-based Party (Other State)	16651	Graduate Professional	Other		
2017	13	Ahmedabad	North Gujarat	NARANPURA	GEN	45	HIMANSHU SHAH	M	41	IND	5	0	592	229801	152723	0.39	66.46	263	0.17	10	1.79	TRUE	2	IND	10809	NARANPURA	TRUE	TRUE	FALSE	FALSE	TRUE	AEGJ13145	Independents	10809				
2017	13	Ahmedabad	North Gujarat	NARANPURA	GEN	45	JITENDRASING DALELSING SHIKH	M	52	IND	6	0	329	229801	152723	0.22	66.46	109	0.07	10	1.79	TRUE	1						FALSE	FALSE	FALSE	AEGJ3285	Independents	10809				
2017	13	Ahmedabad	North Gujarat	NARANPURA	GEN	45	SHASHIKANT MANUBHAI SHARMA	M	27	IND	7	0	220	229801	152723	0.14	66.46	0	0	10	1.79	TRUE	1						FALSE	FALSE	FALSE	AEGJ3280	Independents	10809				
2017	13	Ahmedabad	North Gujarat	NARANPURA	GEN	45	HARSHADKUMAR LAXMANBHAI SOLANKI	M	31	AINHCP	8	0	220	229801	152723	0.14	66.46	11	0.01	10	1.79	TRUE	1						FALSE	FALSE	FALSE	AEGJ3296	Local Party	662	12th Pass	Social Work		
2017	13	Ahmedabad	North Gujarat	NARANPURA	GEN	45	NAINESHKUMAR S. BRAHMBHATT	M	43	RKEP	9	0	209	229801	152723	0.14	66.46	28	0.02	10	1.79	TRUE	1						FALSE	FALSE	FALSE	AEGJ3274	Local Party	6616	12th Pass	Business	Trader	
2017	13	Ahmedabad	North Gujarat	NARANPURA	GEN	45	PARMAR RASIKBHAI NANJIBHAI	M	47	IND	10	0	181	229801	152723	0.12	66.46	61	0.04	10	1.79	TRUE	2	IND	10809	NARANPURA	TRUE	TRUE	FALSE	FALSE	TRUE	AEGJ13150	Independents	10809	12th Pass	Social Work		
2017	13	Ahmedabad	North Gujarat	NARANPURA	GEN	45	BARAI ALPESHBHAI MAHENDRAKUMAR	M	50	LSPS	11	0	120	229801	152723	0.08	66.46	0	0	10	1.79	TRUE	1						FALSE	FALSE	FALSE	AEGJ3276	Local Party	5125				
2017	13	Ahmedabad	North Gujarat	NIKOL	GEN	46	JAGDISH PANCHAL	M	44	BJP	1	2	87764	231378	155622	56.4	67.26	24880	15.99	14	2.08	TRUE	2	BJP	1605	NIKOL	TRUE	TRUE	FALSE	TRUE	TRUE	AEGJ13154	National Party	1605	12th Pass	Business	Real Estate or Builder or Developer or Construction	Salaried Work or Employed
2017	13	Ahmedabad	North Gujarat	NIKOL	GEN	46	GOHIL INDRAVIJAYSINH	M	38	INC	2	0	62884	231378	155622	40.41	67.26	60925	39.15	14	2.08	TRUE	1						FALSE	FALSE	FALSE	AEGJ1636	National Party	3482	Doctorate	Agriculture		
2017	13	Ahmedabad	North Gujarat	NIKOL	GEN	46	None of the Above			NOTA	3		1959	231378	155622	1.26	67.26	1032	0.66	14	2.08	TRUE											NOTA	5897				
2017	13	Ahmedabad	North Gujarat	NIKOL	GEN	46	PARMAR RAMESHBHAI GOVINDBHAI	M	40	BSP	4	0	927	231378	155622	0.6	67.26	312	0.2	14	2.08	TRUE	1						FALSE	FALSE	FALSE	AEGJ3299	State-based Party (Other State)	16651	8th Pass	Small Business or Self-employed		
2017	13	Ahmedabad	North Gujarat	NIKOL	GEN	46	SONULE SHAILENDRABHAI RAMCHANDRA	M	40	IND	5	0	615	231378	155622	0.4	67.26	348	0.22	14	2.08	TRUE	1						FALSE	FALSE	FALSE	AEGJ3320	Independents	10809				
2017	13	Ahmedabad	North Gujarat	NIKOL	GEN	46	SHAIKH SALIMUDEEN NIJAMUDEEN	M	54	IND	6	0	267	231378	155622	0.17	67.26	54	0.03	14	2.08	TRUE	1						FALSE	FALSE	FALSE	AEGJ3317	Independents	10809				
2017	13	Ahmedabad	North Gujarat	NIKOL	GEN	46	PATEL PRASHANT RANGABHAI	M	39	SVPP	7	0	213	231378	155622	0.14	67.26	36	0.02	14	2.08	TRUE	1						FALSE	FALSE	FALSE	AEGJ3301	Local Party	7682	Post Graduate	Other		
2017	13	Ahmedabad	North Gujarat	NIKOL	GEN	46	MISHRA VINODKUMAR HAUSHILAPRASAD	M	39	IND	8	0	177	231378	155622	0.11	67.26	26	0.02	14	2.08	TRUE	1						FALSE	FALSE	FALSE	AEGJ3316	Independents	10809				
2017	13	Ahmedabad	North Gujarat	NIKOL	GEN	46	KAZI MOHAMMED SALIM	M	26	IND	9	0	151	231378	155622	0.1	67.26	11	0.01	14	2.08	TRUE	1						FALSE	FALSE	FALSE	AEGJ3310	Independents	10809	8th Pass	Labourer or Daily Wage		
2017	13	Ahmedabad	North Gujarat	NIKOL	GEN	46	PATEL SHANTILAL KALUBHAI	M	44	IND	10	0	140	231378	155622	0.09	67.26	5	0	14	2.08	TRUE	1						FALSE	FALSE	FALSE	AEGJ3311	Independents	10809	Graduate	Small Business or Self-employed	Self-employed	
2017	13	Ahmedabad	North Gujarat	NIKOL	GEN	46	MUKESHBHAI JIVARAMBHAI PATEL	M	42	YUS	11	0	135	231378	155622	0.09	67.26	11	0.01	14	2.08	TRUE	1						FALSE	FALSE	FALSE	AEGJ3302	Local Party	8603				
2017	13	Ahmedabad	North Gujarat	NIKOL	GEN	46	MAKWANA NIRMALABEN HIMMATBHAI	F	34	IND	12	0	124	231378	155622	0.08	67.26	21	0.01	14	2.08	TRUE	1						FALSE	FALSE	FALSE	AEGJ3312	Independents	10809				
2017	13	Ahmedabad	North Gujarat	NIKOL	GEN	46	MEMON MOHAMADINUSH ABUBHAI	M	37	JD(U)	13	0	103	231378	155622	0.07	67.26	19	0.01	14	2.08	TRUE	1						FALSE	FALSE	FALSE	AEGJ3303	State-based Party (Other State)	11002	8th Pass	Labourer or Daily Wage	Auto-rickshaw Driver	
2017	13	Ahmedabad	North Gujarat	NIKOL	GEN	46	SAIYAD MUSTAKALIBHAI MUBARAKALIBHAI	M	55	LSWP	14	0	84	231378	155622	0.05	67.26	5	0	14	2.08	TRUE	1						FALSE	FALSE	FALSE	AEGJ3309	Local Party	11540		Labourer or Daily Wage		
2017	13	Ahmedabad	North Gujarat	NIKOL	GEN	46	YUSUFKHAN AKHTARGULKHAN PATHAN	M	50	AINHCP	15	0	79	231378	155622	0.05	67.26	0	0	14	2.08	TRUE	1						FALSE	FALSE	FALSE	AEGJ3306	Local Party	662	8th Pass	Salaried Work or Employed		
2017	13	Ahmedabad	North Gujarat	NARODA	GEN	47	THAWANI BALRAM KHUBCHAND	M	52	BJP	1	1	108168	264012	165077	65.53	62.53	60142	36.43	10	1.96	TRUE	1						FALSE	FALSE	FALSE	AEGJ1601	National Party	1605	10th Pass	Business		Small Business or Self-employed
2017	13	Ahmedabad	North Gujarat	NARODA	GEN	47	TIWARI OMPRAKASH DAROGAPRASAD	M	47	INC	2	0	48026	264012	165077	29.09	62.53	45174	27.37	10	1.96	TRUE	1						FALSE	FALSE	FALSE	AEGJ1605	National Party	3482	Graduate	Other		
2017	13	Ahmedabad	North Gujarat	NARODA	GEN	47	None of the Above			NOTA	3		2852	264012	165077	1.73	62.53	876	0.53	10	1.96	TRUE											NOTA	5897				
2017	13	Ahmedabad	North Gujarat	NARODA	GEN	47	AMITBHAI MOHANBHAI PATEL	M	37	AINHCP	4	0	1976	264012	165077	1.2	62.53	986	0.6	10	1.96	TRUE	2	IND	10809	MEHSANA	FALSE	FALSE	FALSE	FALSE	FALSE	AEGJ12143	Local Party	662	Graduate Professional	Other		
2017	13	Ahmedabad	North Gujarat	NARODA	GEN	47	NIKULSINH KAMALSINH TOMAR	M	33	NCP	5	0	990	264012	165077	0.6	62.53	33	0.02	10	1.96	TRUE	1						FALSE	FALSE	FALSE	AEGJ3321	State-based Party (Other State)	5792		Other		
2017	13	Ahmedabad	North Gujarat	NARODA	GEN	47	RAJPUT RAHULSINH KISHORSINH	M	35	SHS	6	0	957	264012	165077	0.58	62.53	206	0.12	10	1.96	TRUE	1						FALSE	FALSE	FALSE	AEGJ3340	State-based Party (Other State)	18691	Graduate Professional	Liberal Profession or Professional	Lawyer	
2017	13	Ahmedabad	North Gujarat	NARODA	GEN	47	BRIJESH SHARMA	M	37	IND	7	0	751	264012	165077	0.45	62.53	171	0.1	10	1.96	TRUE	3	IND	10809	THAKKARBAPA NAGAR	FALSE	TRUE	FALSE	FALSE	TRUE	AEGJ12044	Independents	10809				
2017	13	Ahmedabad	North Gujarat	NARODA	GEN	47	CHAUHAN NARENDRASINH MAKHATULSINGH	M	49	IND	8	0	580	264012	165077	0.35	62.53	171	0.1	10	1.96	TRUE	1						FALSE	FALSE	FALSE	AEGJ3345	Independents	10809	Graduate Professional	Former Government	Ex Military	
2017	13	Ahmedabad	North Gujarat	NARODA	GEN	47	DASHRATH M.DEVDA	M	54	IND	9	0	409	264012	165077	0.25	62.53	224	0.14	10	1.96	TRUE	1						FALSE	FALSE	FALSE	AEGJ3353	Independents	10809				
2017	13	Ahmedabad	North Gujarat	NARODA	GEN	47	KASHYAP RAJKUMAR NANKUBHAI	M	43	RMGP	10	0	185	264012	165077	0.11	62.53	2	0	10	1.96	TRUE	1						FALSE	FALSE	FALSE	AEGJ3329	Local Party	6723	5th Pass	Other		
2017	13	Ahmedabad	North Gujarat	NARODA	GEN	47	NITA BHULCHANDANI	F	35	RSP(S)	11	0	183	264012	165077	0.11	62.53	0	0	10	1.96	TRUE	1						FALSE	FALSE	FALSE	AEGJ3330	Local Party	12427	Graduate	Social Work		
2017	13	Ahmedabad	North Gujarat	THAKKARBAPA NAGAR	GEN	48	KAKADIYA VALLABHBHAI GOBARBHAI	M	73	BJP	1	3	88124	223154	147441	59.77	66.07	34088	23.12	10	2.04	TRUE	3	BJP	1605	THAKKARBAPA NAGAR	TRUE	TRUE	FALSE	TRUE	TRUE	AEGJ12048	National Party	1605	Literate	Business		
2017	13	Ahmedabad	North Gujarat	THAKKARBAPA NAGAR	GEN	48	BABUBHAI MAVJIBHAI MANGUKIYA	M	63	INC	2	0	54036	223154	147441	36.65	66.07	51807	35.14	10	2.04	TRUE	1						FALSE	FALSE	FALSE	AEGJ1988	National Party	3482	Graduate Professional	Other		
2017	13	Ahmedabad	North Gujarat	THAKKARBAPA NAGAR	GEN	48	None of the Above			NOTA	3		2229	223154	147441	1.51	66.07	1248	0.85	10	2.04	TRUE											NOTA	5897				
2017	13	Ahmedabad	North Gujarat	THAKKARBAPA NAGAR	GEN	48	PANARA PRADIPKUMAR VASHARAMBHAI	M	35	BSP	4	0	981	223154	147441	0.67	66.07	568	0.39	10	2.04	TRUE	1						FALSE	FALSE	FALSE	AEGJ3357	State-based Party (Other State)	16651	10th Pass	Small Business or Self-employed		
2017	13	Ahmedabad	North Gujarat	THAKKARBAPA NAGAR	GEN	48	ZALA KULDIPSINH INDRASINH	M	33	ABHM	5	0	413	223154	147441	0.28	66.07	40	0.03	10	2.04	TRUE	1						FALSE	FALSE	FALSE	AEGJ3367	State-based Party	268	12th Pass	Other		
2017	13	Ahmedabad	North Gujarat	THAKKARBAPA NAGAR	GEN	48	RAHUL CHIMANBHAI MEHTA	M	49	IND	6	0	373	223154	147441	0.25	66.07	12	0.01	10	2.04	TRUE	2	IND	10809	GHATLODIA	FALSE	TRUE	FALSE	FALSE	TRUE	GEGJ2735	Independents	10809	Post Graduate	Other		
2017	13	Ahmedabad	North Gujarat	THAKKARBAPA NAGAR	GEN	48	VAGHELA ANILKUMAR VASANTBHAI	M	32	IND	7	0	361	223154	147441	0.24	66.07	64	0.04	10	2.04	TRUE	1						FALSE	FALSE	FALSE	AEGJ3391	Independents	10809	12th Pass	Business		
2017	13	Ahmedabad	North Gujarat	THAKKARBAPA NAGAR	GEN	48	PARESHKUMAR RANCHHODBHAI DUDHAT	M	32	RKEP	8	0	297	223154	147441	0.2	66.07	45	0.03	10	2.04	TRUE	1						FALSE	FALSE	FALSE	AEGJ3368	Local Party	6616	10th Pass	Other		
2017	13	Ahmedabad	North Gujarat	THAKKARBAPA NAGAR	GEN	48	RAMESHBHAI BHIKHABHAI PAREKH (RAMBHAI NARDIPURVALA)	M	67	IND	9	0	252	223154	147441	0.17	66.07	54	0.04	10	2.04	TRUE	1						FALSE	FALSE	FALSE	AEGJ3379	Independents	10809				
2017	13	Ahmedabad	North Gujarat	THAKKARBAPA NAGAR	GEN	48	PARMAR NARMADABEN JITENDRABHAI	F	40	IND	10	0	198	223154	147441	0.13	66.07	21	0.01	10	2.04	TRUE	1						FALSE	FALSE	FALSE	AEGJ3372	Independents	10809				
2017	13	Ahmedabad	North Gujarat	THAKKARBAPA NAGAR	GEN	48	SANJAYBHAI BALUBHAI VEKARIYA	M	42	SVPP	11	0	177	223154	147441	0.12	66.07	0	0	10	2.04	TRUE	1						FALSE	FALSE	FALSE	AEGJ3370	Local Party	7682	8th Pass	Other		
2017	13	Ahmedabad	North Gujarat	BAPUNAGAR	GEN	49	PATEL HIMMATSINH PRAHLADSINH	M	56	INC	1	1	58785	189544	122783	47.88	64.78	3067	2.5	16	2.27	TRUE	3	INC	3482	RAKHIAL	FALSE	TRUE	FALSE	FALSE	FALSE	GEGJ2773	National Party	3482	8th Pass	Salaried Work or Employed	Qualified Professional	
2017	13	Ahmedabad	North Gujarat	BAPUNAGAR	GEN	49	RAJPUT JAGRUPSINH GIRDANSINH	M	64	BJP	2	1	55718	189544	122783	45.38	64.78	53896	43.9	16	2.27	TRUE	2	BJP	1605	BAPUNAGAR	TRUE	TRUE	FALSE	TRUE	TRUE	AEGJ13187	National Party	1605	Graduate Professional	Liberal Profession or Professional	Lawyer	
2017	13	Ahmedabad	North Gujarat	BAPUNAGAR	GEN	49	None of the Above			NOTA	3		1822	189544	122783	1.48	64.78	274	0.22	16	2.27	TRUE											NOTA	5897				
2017	13	Ahmedabad	North Gujarat	BAPUNAGAR	GEN	49	PATHAN AMJADKHAN JUNEDKHAN	M	43	AAAP	4	0	1548	189544	122783	1.26	64.78	106	0.09	16	2.27	TRUE	1						FALSE	FALSE	FALSE	AEGJ3409	State-based Party (Other State)	13				
2017	13	Ahmedabad	North Gujarat	BAPUNAGAR	GEN	49	SOLANKI NAGINKUMAR CHIMANLAL	M	42	IND	5	0	1442	189544	122783	1.17	64.78	625	0.51	16	2.27	TRUE	1						FALSE	FALSE	FALSE	AEGJ3431	Independents	10809	8th Pass	Other		
2017	13	Ahmedabad	North Gujarat	BAPUNAGAR	GEN	49	BHAVSAR KAMLESH BHOGILAL	M	47	CPI	6	0	817	189544	122783	0.67	64.78	201	0.16	16	2.27	TRUE	1						FALSE	FALSE	FALSE	AEGJ3396	State-based Party (Other State)	2444	Graduate Professional	Liberal Profession or Professional	Lawyer	
2017	13	Ahmedabad	North Gujarat	BAPUNAGAR	GEN	49	SENDAR VIKRAMKUMAR VAKTAVARMAL	M	32	BSP	7	0	616	189544	122783	0.5	64.78	315	0.26	16	2.27	TRUE	1						FALSE	FALSE	FALSE	AEGJ3402	State-based Party (Other State)	16651	8th Pass	Labourer or Daily Wage	Truck Driver	
2017	13	Ahmedabad	North Gujarat	BAPUNAGAR	GEN	49	MAKWANA GAUTAMBHAI SHANKARBHAI	M	55	IND	8	0	301	189544	122783	0.25	64.78	58	0.05	16	2.27	TRUE	1						FALSE	FALSE	FALSE	AEGJ3427	Independents	10809				
2017	13	Ahmedabad	North Gujarat	BAPUNAGAR	GEN	49	JAYSWAL NARESHKUMAR URFE RAJU MATAJI BABULAL	M	27	IND	9	0	243	189544	122783	0.2	64.78	1	0	16	2.27	TRUE	1						FALSE	FALSE	FALSE	AEGJ3423	Independents	10809				
2017	13	Ahmedabad	North Gujarat	BAPUNAGAR	GEN	49	PATEL NIPUN PARSOTTAMBHAI	M	54	IND	10	0	242	189544	122783	0.2	64.78	8	0.01	16	2.27	TRUE	1						FALSE	FALSE	FALSE	AEGJ3424	Independents	10809	8th Pass	Other		
2017	13	Ahmedabad	North Gujarat	BAPUNAGAR	GEN	49	OJHA TRIBHAVAN RAMKALAP	M	34	MANPA	11	0	234	189544	122783	0.19	64.78	11	0.01	16	2.27	TRUE	1						FALSE	FALSE	FALSE	AEGJ3405	Local Party	5355				
2017	13	Ahmedabad	North Gujarat	BAPUNAGAR	GEN	49	PARMAR BAHADURSINH GAGUBHAI	M	40	AINHCP	12	0	223	189544	122783	0.18	64.78	12	0.01	16	2.27	TRUE	1						FALSE	FALSE	FALSE	AEGJ3419	Local Party	662	Graduate	Business		
2017	13	Ahmedabad	North Gujarat	BAPUNAGAR	GEN	49	KALATMIK PRAVINCHANDRA MAFATLAL	M	54	IND	13	0	211	189544	122783	0.17	64.78	7	0.01	16	2.27	TRUE	1						FALSE	FALSE	FALSE	AEGJ3421	Independents	10809	8th Pass	Labourer or Daily Wage	Auto-rickshaw Driver	
2017	13	Ahmedabad	North Gujarat	BAPUNAGAR	GEN	49	PATNI JAYANTIBHAI SENDHABHAI	M	50	BSDL	14	0	204	189544	122783	0.17	64.78	27	0.02	16	2.27	TRUE	1						FALSE	FALSE	FALSE	AEGJ3408	Local Party	1267	5th Pass	Other		
2017	13	Ahmedabad	North Gujarat	BAPUNAGAR	GEN	49	SONULE ARCHANABEN RAJENDRABHAI	F	36	IND	15	0	177	189544	122783	0.14	64.78	77	0.06	16	2.27	TRUE	1						FALSE	FALSE	FALSE	AEGJ3429	Independents	10809	Graduate	Other	Household	
2017	13	Ahmedabad	North Gujarat	BAPUNAGAR	GEN	49	GHANCHI MO.IRSHAD MOHAMAD AIYUB	M	26	INL	16	0	100	189544	122783	0.08	64.78	0	0	16	2.27	TRUE	1						FALSE	FALSE	FALSE	AEGJ3406	Local Party	3842	8th Pass	Other		
2017	13	Ahmedabad	North Gujarat	BAPUNAGAR	GEN	49	PATHAN SALMANKHAN SAMIKHAN	M	50	LSWP	17	0	100	189544	122783	0.08	64.78	0	0	16	2.27	TRUE	3	IJP	3430	NIKOL	FALSE	FALSE	TRUE	FALSE	TRUE	AEGJ3413	Local Party	11540	Literate	Labourer or Daily Wage		
2017	13	Ahmedabad	North Gujarat	AMRAIWADI	GEN	50	PATEL HASMUKHBHAI SOMABHAI ( H. S. PATEL )	M	57	BJP	1	2	105694	268178	171673	61.57	64.01	49732	28.97	11	2.04	FALSE	2	BJP	1605	AMRAIWADI	TRUE	TRUE	FALSE	TRUE	TRUE	AEGJ13201	National Party	1605	Others	Other		
2017	13	Ahmedabad	North Gujarat	AMRAIWADI	GEN	50	CHAUHAN ARVINDSINH VISHVANATHSINH ( ARVIND CHAUHAN )	M	44	INC	2	0	55962	268178	171673	32.6	64.01	51765	30.15	11	2.04	FALSE	1						FALSE	FALSE	FALSE	AEGJ43	National Party	3482	12th Pass	Business	Real Estate or Builder or Developer or Construction	Social Work
2017	13	Ahmedabad	North Gujarat	AMRAIWADI	GEN	50	RABARI BHIKHABHAI MAFABHAI	M	52	BSP	3	0	4197	268178	171673	2.44	64.01	1770	1.03	11	2.04	FALSE	1						FALSE	FALSE	FALSE	AEGJ3432	State-based Party (Other State)	16651	5th Pass	Business		
2017	13	Ahmedabad	North Gujarat	AMRAIWADI	GEN	50	None of the Above			NOTA	4		2427	268178	171673	1.41	64.01	1119	0.65	11	2.04	FALSE											NOTA	5897				
2017	13	Ahmedabad	North Gujarat	AMRAIWADI	GEN	50	PATIL DIPAKBHAI BHIKHABHAI	M	39	SHS	5	0	1308	268178	171673	0.76	64.01	812	0.47	11	2.04	FALSE	1						FALSE	FALSE	FALSE	AEGJ3439	State-based Party (Other State)	18691	8th Pass	Other		
2017	13	Ahmedabad	North Gujarat	AMRAIWADI	GEN	50	VISHVAKARMA GYANENDRA DAYANAND	M	34	IND	6	0	496	268178	171673	0.29	64.01	27	0.02	11	2.04	FALSE	2	IND	10809	AMRAIWADI	TRUE	TRUE	FALSE	FALSE	TRUE	AEGJ13202	Independents	10809	10th Pass	Liberal Profession or Professional	Journalist or Editor	
2017	13	Ahmedabad	North Gujarat	AMRAIWADI	GEN	50	PATEL VISHNUBHAI RANCHHODBHAI	M	55	SVPP	7	0	469	268178	171673	0.27	64.01	182	0.11	11	2.04	FALSE	2	GPP	3167	AMRAIWADI	TRUE	FALSE	TRUE	FALSE	TRUE	AEGJ13205	Local Party	7682				
2017	13	Ahmedabad	North Gujarat	AMRAIWADI	GEN	50	BHOSLE POONAMBEN SUNILBHAI	F	36	IND	8	0	287	268178	171673	0.17	64.01	41	0.02	11	2.04	FALSE	1						FALSE	FALSE	FALSE	AEGJ3447	Independents	10809	5th Pass	Other	Household	
2017	13	Ahmedabad	North Gujarat	AMRAIWADI	GEN	50	TIVARI PRAVINKUMAR RAMLAKHAN	M	38	BSDL	9	0	246	268178	171673	0.14	64.01	28	0.02	11	2.04	FALSE	1						FALSE	FALSE	FALSE	AEGJ3434	Local Party	1267	8th Pass	Business	Transport	
2017	13	Ahmedabad	North Gujarat	AMRAIWADI	GEN	50	JAVAL RAMESHCHANDRA NAYAK	F	40	IND	10	0	218	268178	171673	0.13	64.01	21	0.01	11	2.04	FALSE	1						FALSE	FALSE	FALSE	AEGJ3446	Independents	10809	Post Graduate	Liberal Profession or Professional	Lawyer	
2017	13	Ahmedabad	North Gujarat	AMRAIWADI	GEN	50	KHANDELWAL HEMANG DOLATRAM	M	45	IND	11	0	197	268178	171673	0.11	64.01	25	0.01	11	2.04	FALSE	1						FALSE	FALSE	FALSE	AEGJ3445	Independents	10809	Graduate	Other		
2017	13	Ahmedabad	North Gujarat	AMRAIWADI	GEN	50	RITESHKUMAR AMRUTBHAI SHRIMALI	M	33	BRP	12	0	172	268178	171673	0.1	64.01	0	0	11	2.04	FALSE	1						FALSE	FALSE	FALSE	AEGJ3444	Local Party	2018				
2017	13	Ahmedabad	North Gujarat	DARIAPUR	GEN	51	SHAIKH GYASUDDIN HABIBUDDEEN	M	54	INC	1	3	63712	195560	127427	50	65.16	6187	4.86	11	2.22	TRUE	4	INC	3482	DARIAPUR	TRUE	TRUE	FALSE	TRUE	TRUE	AEGJ13216	National Party	3482	10th Pass	Business		
2017	13	Ahmedabad	North Gujarat	DARIAPUR	GEN	51	BHARAT BAROT	M	67	BJP	2	5	57525	195560	127427	45.14	65.16	55909	43.88	11	2.22	TRUE	7	BJP	1605	DARIAPUR	TRUE	TRUE	FALSE	FALSE	TRUE	AEGJ5712	National Party	1605	12th Pass	Social Work		
2017	13	Ahmedabad	North Gujarat	DARIAPUR	GEN	51	None of the Above			NOTA	3		1616	195560	127427	1.27	65.16	223	0.18	11	2.22	TRUE											NOTA	5897				
2017	13	Ahmedabad	North Gujarat	DARIAPUR	GEN	51	PATEL KUNJALBHAI MAHESHBHAI	M	34	SHS	4	0	1393	195560	127427	1.09	65.16	118	0.09	11	2.22	TRUE	1						FALSE	FALSE	FALSE	AEGJ3452	State-based Party (Other State)	18691	8th Pass	Small Business or Self-employed		
2017	13	Ahmedabad	North Gujarat	DARIAPUR	GEN	51	MOMIN RUKNODIN MOHAMMEDAHUSSAIN (RAJU MOMIN)	M	55	IND	5	0	1275	195560	127427	1	65.16	399	0.31	11	2.22	TRUE	1						FALSE	FALSE	FALSE	AEGJ3464	Independents	10809				
2017	13	Ahmedabad	North Gujarat	DARIAPUR	GEN	51	DANTANIYA ALPESHKUMAR ASHVINBHAI	M	34	IND	6	0	876	195560	127427	0.69	65.16	487	0.38	11	2.22	TRUE	1						FALSE	FALSE	FALSE	AEGJ3460	Independents	10809				
2017	13	Ahmedabad	North Gujarat	DARIAPUR	GEN	51	SAIYAD ALIMOHAMMED NURMOHAMMAD	M	45	IND	7	0	389	195560	127427	0.31	65.16	232	0.18	11	2.22	TRUE	1						FALSE	FALSE	FALSE	AEGJ3469	Independents	10809	8th Pass	Business		
2017	13	Ahmedabad	North Gujarat	DARIAPUR	GEN	51	MEMAN MO. IMRAN ABDULKADAR	M	30	AINHCP	8	0	157	195560	127427	0.12	65.16	6	0	11	2.22	TRUE	1						FALSE	FALSE	FALSE	AEGJ3455	Local Party	662	10th Pass	Business		
2017	13	Ahmedabad	North Gujarat	DARIAPUR	GEN	51	SHRIMALI RAMESHBHAI PRABHUDAS	M	64	IND	9	0	151	195560	127427	0.12	65.16	9	0.01	11	2.22	TRUE	2	IND	10809	DARIAPUR	TRUE	TRUE	FALSE	FALSE	TRUE	AEGJ13215	Independents	10809	Literate	Other		
2017	13	Ahmedabad	North Gujarat	DARIAPUR	GEN	51	SHAIKH SAIDABANU ABDULRAHIM	F	56	IND	10	0	142	195560	127427	0.11	65.16	33	0.03	11	2.22	TRUE	1						FALSE	FALSE	FALSE	AEGJ3467	Independents	10809	5th Pass	Social Work		
2017	13	Ahmedabad	North Gujarat	DARIAPUR	GEN	51	SAMSUDDIN (JUGNU)	M	54	ABCD(A)	11	0	109	195560	127427	0.09	65.16	27	0.02	11	2.22	TRUE	3	IND	10809	DARIAPUR	TRUE	FALSE	FALSE	FALSE	TRUE	AEGJ13219	Local Party	237	5th Pass	Other		
2017	13	Ahmedabad	North Gujarat	DARIAPUR	GEN	51	SHAIKH MOHMAD FARUK HUSAINMIYA (FARUK SHAIKH)	M	69	JD(U)	12	0	82	195560	127427	0.06	65.16	0	0	11	2.22	TRUE	1						FALSE	FALSE	FALSE	AEGJ3456	State-based Party (Other State)	11002	10th Pass	Other		
2017	13	Ahmedabad	North Gujarat	JAMALPUR-KHADIA	GEN	52	IMRAN YUSUFBHAI KHEDAWALA	M	50	INC	1	1	75346	198167	129374	58.24	65.29	29339	22.68	10	2.13	TRUE	1						FALSE	FALSE	FALSE	AEGJ1046	National Party	3482	10th Pass	Other		
2017	13	Ahmedabad	North Gujarat	JAMALPUR-KHADIA	GEN	52	BHUSHAN ASHOK BHATT	M	54	BJP	2	1	46007	198167	129374	35.56	65.29	42533	32.88	10	2.13	TRUE	2	BJP	1605	JAMALPUR-KHADIA	TRUE	TRUE	FALSE	TRUE	TRUE	AEGJ13227	National Party	1605	12th Pass	Social Work		
2017	13	Ahmedabad	North Gujarat	JAMALPUR-KHADIA	GEN	52	SHEKH HABIBBHAI IMAMUDDIN	M	51	NCP	3	0	3474	198167	129374	2.69	65.29	1786	1.38	10	2.13	TRUE	2	JD(U)	11002	DHOLKA	FALSE	FALSE	TRUE	FALSE	FALSE	AEGJ11952	State-based Party (Other State)	5792	Literate	Other		
2017	13	Ahmedabad	North Gujarat	JAMALPUR-KHADIA	GEN	52	None of the Above			NOTA	4		1688	198167	129374	1.3	65.29	743	0.57	10	2.13	TRUE											NOTA	5897				
2017	13	Ahmedabad	North Gujarat	JAMALPUR-KHADIA	GEN	52	JAVED ABDULALI QURESHI	M	34	BSP	5	0	945	198167	129374	0.73	65.29	301	0.23	10	2.13	TRUE	1						FALSE	FALSE	FALSE	AEGJ3472	State-based Party (Other State)	16651	5th Pass	Other		
2017	13	Ahmedabad	North Gujarat	JAMALPUR-KHADIA	GEN	52	MAKWANA SHANKARBHAI SOMABHAI	M	43	IND	6	0	644	198167	129374	0.5	65.29	18	0.01	10	2.13	TRUE	1						FALSE	FALSE	FALSE	AEGJ3487	Independents	10809	5th Pass	Other		
2017	13	Ahmedabad	North Gujarat	JAMALPUR-KHADIA	GEN	52	MAKSUD AHEMADBHAI SHARABUWALA (TENI)	M	43	IND	7	0	626	198167	129374	0.48	65.29	379	0.29	10	2.13	TRUE	1						FALSE	FALSE	FALSE	AEGJ3492	Independents	10809	12th Pass	Social Work		
2017	13	Ahmedabad	North Gujarat	JAMALPUR-KHADIA	GEN	52	MEHBOOB MOHMADBHAI RANGREJ	M	62	IND	8	0	247	198167	129374	0.19	65.29	77	0.06	10	2.13	TRUE	1						FALSE	FALSE	FALSE	AEGJ3496	Independents	10809	8th Pass	Social Work		
2017	13	Ahmedabad	North Gujarat	JAMALPUR-KHADIA	GEN	52	SHEJADHUSEN MAZHARHUSEN TEJABWALA	M	27	AINHCP	9	0	170	198167	129374	0.13	65.29	53	0.04	10	2.13	TRUE	1						FALSE	FALSE	FALSE	AEGJ3478	Local Party	662	10th Pass	Other		
2017	13	Ahmedabad	North Gujarat	JAMALPUR-KHADIA	GEN	52	PATHAN MAHAMADAJAMAL MOHAMADISHAK	M	54	IND	10	0	117	198167	129374	0.09	65.29	7	0.01	10	2.13	TRUE	1						FALSE	FALSE	FALSE	AEGJ3480	Independents	10809	8th Pass	Business		
2017	13	Ahmedabad	North Gujarat	JAMALPUR-KHADIA	GEN	52	AFTABAHMED SARADARAHMED SAIYED	M	40	IND	11	0	110	198167	129374	0.09	65.29	0	0	10	2.13	TRUE	1						FALSE	FALSE	FALSE	AEGJ3479	Independents	10809	Graduate	Other		
2017	13	Ahmedabad	North Gujarat	MANINAGAR	GEN	53	PATEL SURESHBHAI DHANJIBHAI (SURESH PATEL)	M	57	BJP	1	1	116113	251391	162980	71.24	64.83	75199	46.14	7	1.75	TRUE	1						FALSE	FALSE	FALSE	AEGJ1495	National Party	1605	10th Pass	Agriculture		
2017	13	Ahmedabad	North Gujarat	MANINAGAR	GEN	53	BRAHMBHATT SHWETABEN NARENDRABHAI	F	35	INC	2	0	40914	251391	162980	25.1	64.83	38302	23.5	7	1.75	TRUE	1						FALSE	FALSE	FALSE	AEGJ1496	National Party	3482	Post Graduate	Other		
2017	13	Ahmedabad	North Gujarat	MANINAGAR	GEN	53	None of the Above			NOTA	3		2612	251391	162980	1.6	64.83	1388	0.85	7	1.75	TRUE											NOTA	5897				
2017	13	Ahmedabad	North Gujarat	MANINAGAR	GEN	53	KESHRIA SHAILESHKUMAR VALJIBHAI	M	37	BSP	4	0	1224	251391	162980	0.75	64.83	409	0.25	7	1.75	TRUE	1						FALSE	FALSE	FALSE	AEGJ3497	State-based Party (Other State)	16651	8th Pass	Social Work		
2017	13	Ahmedabad	North Gujarat	MANINAGAR	GEN	53	GOHEL RONAKBHAI PRAKASHBHAI	M	30	YJJP	5	0	815	251391	162980	0.5	64.83	362	0.22	7	1.75	TRUE	1						FALSE	FALSE	FALSE	AEGJ3502	Local Party	8594	12th Pass	Salaried Work or Employed	Qualified Professional	
2017	13	Ahmedabad	North Gujarat	MANINAGAR	GEN	53	BHATT SUNILKUMAR NARENDRABHAI	M	37	IND	6	0	453	251391	162980	0.28	64.83	13	0.01	7	1.75	TRUE	1						FALSE	FALSE	FALSE	AEGJ3516	Independents	10809	Post Graduate	Unemployed		
2017	13	Ahmedabad	North Gujarat	MANINAGAR	GEN	53	KARNERLAS VICTORBHAI SIELA	M	56	IND	7	0	440	251391	162980	0.27	64.83	31	0.02	7	1.75	TRUE	1						FALSE	FALSE	FALSE	AEGJ3505	Independents	10809				
2017	13	Ahmedabad	North Gujarat	MANINAGAR	GEN	53	DINESHKUMAR POPATLAL CHAUHAN	M	53	YUS	8	0	409	251391	162980	0.25	64.83	0	0	7	1.75	TRUE	1						FALSE	FALSE	FALSE	AEGJ3503	Local Party	8603				
2017	13	Ahmedabad	North Gujarat	DANILIMDA	SC	54	PARMAR SHAILESH MANHARBHAI	M	47	INC	1	2	90691	230660	155854	58.19	67.57	32510	20.86	6	2.08	TRUE	2	INC	3482	DANILIMDA	TRUE	TRUE	FALSE	TRUE	TRUE	AEGJ13250	National Party	3482	Graduate Professional	Agriculture		
2017	13	Ahmedabad	North Gujarat	DANILIMDA	SC	54	VAGHELA JITENDRA UMAKANT (JITUBHAI VAGHELA)	M	48	BJP	2	1	58181	230660	155854	37.33	67.57	55147	35.38	6	2.08	TRUE	3	BJP	1605	SHAHER KOTDA	FALSE	TRUE	FALSE	FALSE	FALSE	AEGJ10950	National Party	1605	12th Pass	Business	Real Estate or Builder or Developer or Construction	
2017	13	Ahmedabad	North Gujarat	DANILIMDA	SC	54	MAKWANA NEHAL AMRUTBHAI	F	30	BSP	3	0	3034	230660	155854	1.95	67.57	852	0.55	6	2.08	TRUE	1						FALSE	FALSE	FALSE	AEGJ3517	State-based Party (Other State)	16651	Post Graduate	Other		
2017	13	Ahmedabad	North Gujarat	DANILIMDA	SC	54	None of the Above			NOTA	4		2182	230660	155854	1.4	67.57	1376	0.88	6	2.08	TRUE											NOTA	5897				
2017	13	Ahmedabad	North Gujarat	DANILIMDA	SC	54	PARMAR DIPAKBHAI PURSOTTAMBHAI	M	39	BMUP	5	0	806	230660	155854	0.52	67.57	301	0.19	6	2.08	TRUE	1						FALSE	FALSE	FALSE	AEGJ3520	Local Party	1074	12th Pass	Small Business or Self-employed		
2017	13	Ahmedabad	North Gujarat	DANILIMDA	SC	54	MAKWANA NITINBHAI RAMESHBHAI	M	36	IND	6	0	505	230660	155854	0.32	67.57	50	0.03	6	2.08	TRUE	1						FALSE	FALSE	FALSE	AEGJ3522	Independents	10809	12th Pass	Other		
2017	13	Ahmedabad	North Gujarat	DANILIMDA	SC	54	NAGAR HEMABEN MANGABHAI	F	42	IND	7	0	455	230660	155854	0.29	67.57	0	0	6	2.08	TRUE	1						FALSE	FALSE	FALSE	AEGJ3521	Independents	10809	10th Pass	Business		
2017	13	Ahmedabad	North Gujarat	SABARMATI	GEN	55	ARVIDKUMAR GANDABHAI PATEL (DALAL)	M	63	BJP	1	2	113503	253511	166936	67.99	65.85	68810	41.22	11	1.89	TRUE	2	BJP	1605	SABARMATI	TRUE	TRUE	FALSE	TRUE	TRUE	AEGJ13252	National Party	1605	10th Pass	Business	Private Company	
2017	13	Ahmedabad	North Gujarat	SABARMATI	GEN	55	DR. JITUBHAI PATEL	M	57	INC	2	0	44693	253511	166936	26.77	65.85	41837	25.06	11	1.89	TRUE	2	INC	3482	NARANPURA	FALSE	TRUE	FALSE	FALSE	TRUE	AEGJ13144	National Party	3482	Post Graduate	Liberal Profession or Professional	Doctor	
2017	13	Ahmedabad	North Gujarat	SABARMATI	GEN	55	None of the Above			NOTA	3		2856	253511	166936	1.71	65.85	991	0.59	11	1.89	TRUE											NOTA	5897				
2017	13	Ahmedabad	North Gujarat	SABARMATI	GEN	55	VALJIBHAI ODHARBHAI DESAI	M	61	IND	4	0	1865	253511	166936	1.12	65.85	541	0.32	11	1.89	TRUE	1						FALSE	FALSE	FALSE	AEGJ3546	Independents	10809				
2017	13	Ahmedabad	North Gujarat	SABARMATI	GEN	55	SHARMA ASHOK DEENDAYAL	M	49	SHS	5	0	1324	253511	166936	0.79	65.85	540	0.32	11	1.89	TRUE	1						FALSE	FALSE	FALSE	AEGJ3532	State-based Party (Other State)	18691	Graduate	Other		
2017	13	Ahmedabad	North Gujarat	SABARMATI	GEN	55	MAKWANA MAHESHKUMAR KANJIBHAI	M	34	BSP	6	0	784	253511	166936	0.47	65.85	214	0.13	11	1.89	TRUE	1						FALSE	FALSE	FALSE	AEGJ3525	State-based Party (Other State)	16651	5th Pass	Small Business or Self-employed		
2017	13	Ahmedabad	North Gujarat	SABARMATI	GEN	55	PUNJABI RAJESHBHAI HARIRAM	M	52	IND	7	0	570	253511	166936	0.34	65.85	124	0.07	11	1.89	TRUE	1						FALSE	FALSE	FALSE	AEGJ3543	Independents	10809	8th Pass	Other		
2017	13	Ahmedabad	North Gujarat	SABARMATI	GEN	55	YADAV RAJUSINH MALKHANSINH	M	38	RKSP	8	0	446	253511	166936	0.27	65.85	81	0.05	11	1.89	TRUE	1						FALSE	FALSE	FALSE	AEGJ3526	Local Party	12157	Illiterate	Other		
2017	13	Ahmedabad	North Gujarat	SABARMATI	GEN	55	SONI RENUKA CHANDRAPRAKASH	F	46	AINHCP	9	0	365	253511	166936	0.22	65.85	169	0.1	11	1.89	TRUE	1						FALSE	FALSE	FALSE	AEGJ3540	Local Party	662	5th Pass	Other	Household	
2017	13	Ahmedabad	North Gujarat	SABARMATI	GEN	55	NAYAK CHANDUBHAI PARSOTTAMDAS	M	75	IND	10	0	196	253511	166936	0.12	65.85	4	0	11	1.89	TRUE	1						FALSE	FALSE	FALSE	AEGJ3542	Independents	10809	5th Pass	Business		
2017	13	Ahmedabad	North Gujarat	SABARMATI	GEN	55	RAKSHABEN RAMESHBHAI SOLANKI	F	55	DBSP	11	0	192	253511	166936	0.12	65.85	50	0.03	11	1.89	TRUE	1						FALSE	FALSE	FALSE	AEGJ3530	Local Party	2911	5th Pass	Other	Household	
2017	13	Ahmedabad	North Gujarat	SABARMATI	GEN	55	RASIK KALUBHAI MAKWANA	M	30	LSPS	12	0	142	253511	166936	0.09	65.85	0	0	11	1.89	TRUE	1						FALSE	FALSE	FALSE	AEGJ3527	Local Party	5125				
2017	13	Ahmedabad	North Gujarat	ASARWA	SC	56	PARMAR PRADIPBHAI KHANABHAI	M	53	BJP	1	1	87238	202480	132571	65.8	65.47	49264	37.16	9	1.96	TRUE	1						FALSE	FALSE	FALSE	AEGJ103	National Party	1605	10th Pass	Business		
2017	13	Ahmedabad	North Gujarat	ASARWA	SC	56	VAGHELA KANUBHAI ATMARAM	M	57	INC	2	0	37974	202480	132571	28.64	65.47	35184	26.54	9	1.96	TRUE	1						FALSE	FALSE	FALSE	AEGJ115	National Party	3482	12th Pass	Business		
2017	13	Ahmedabad	North Gujarat	ASARWA	SC	56	KARSANBHAI DANABHAI PARMAR (K.D. PARMAR)	M	58	BSP	3	0	2790	202480	132571	2.1	65.47	723	0.55	9	1.96	TRUE	1						FALSE	FALSE	FALSE	AEGJ3547	State-based Party (Other State)	16651	12th Pass	Retired or Pension		
2017	13	Ahmedabad	North Gujarat	ASARWA	SC	56	None of the Above			NOTA	4		2067	202480	132571	1.56	65.47	1392	1.05	9	1.96	TRUE											NOTA	5897				
2017	13	Ahmedabad	North Gujarat	ASARWA	SC	56	JADAV PRASHANTBHAI YAGNIKBHAI	M	48	AINHCP	5	0	675	202480	132571	0.51	65.47	77	0.06	9	1.96	TRUE	1						FALSE	FALSE	FALSE	AEGJ3549	Local Party	662	8th Pass	Other		
2017	13	Ahmedabad	North Gujarat	ASARWA	SC	56	SOLANKI ALPESHKUMAR SHANKARBHAI	M	38	IND	6	0	598	202480	132571	0.45	65.47	136	0.1	9	1.96	TRUE	1						FALSE	FALSE	FALSE	AEGJ3572	Independents	10809	8th Pass	Other		
2017	13	Ahmedabad	North Gujarat	ASARWA	SC	56	RAVAT KAMLESHBHAI KANTILAL	M	38	IND	7	0	462	202480	132571	0.35	65.47	186	0.14	9	1.96	TRUE	1						FALSE	FALSE	FALSE	AEGJ3571	Independents	10809				
2017	13	Ahmedabad	North Gujarat	ASARWA	SC	56	RAJPURA LALITKUMAR DHANJIBHAI (LALIT RAJPURA)	M	40	IND	8	0	276	202480	132571	0.21	65.47	4	0	9	1.96	TRUE	1						FALSE	FALSE	FALSE	AEGJ3567	Independents	10809				
2017	13	Ahmedabad	North Gujarat	ASARWA	SC	56	TABHANI GAURANG AMBALAL	M	33	SAJPCS	9	0	272	202480	132571	0.21	65.47	53	0.04	9	1.96	TRUE	1						FALSE	FALSE	FALSE	AEGJ3551	Local Party	7369				
2017	13	Ahmedabad	North Gujarat	ASARWA	SC	56	SENGAL NARANBHAI TULSIDAS (DR. N.T. SENGAL)	M	65	BSDL	10	0	219	202480	132571	0.17	65.47	0	0	9	1.96	TRUE	4	BSDL	1267	BAPUNAGAR	FALSE	TRUE	FALSE	FALSE	TRUE	AEGJ3556	Local Party	1267	10th Pass	Retired or Pension		
2017	13	Ahmedabad	North Gujarat	DASKROI	GEN	57	BABUBHAI JAMNADAS PATEL	M	69	BJP	1	4	127432	311407	223822	56.93	71.87	45065	20.13	10	2.17	TRUE	4	BJP	1605	DASKROI	TRUE	TRUE	FALSE	TRUE	TRUE	AEGJ10890	National Party	1605	10th Pass	Agriculture		Social Work
2017	13	Ahmedabad	North Gujarat	DASKROI	GEN	57	PATEL PANKAJBHAI CHIMANBHAI	M	60	INC	2	0	82367	311407	223822	36.8	71.87	77550	34.65	10	2.17	TRUE	1						FALSE	FALSE	FALSE	AEGJ378	National Party	3482	10th Pass	Business		Agriculture
2017	13	Ahmedabad	North Gujarat	DASKROI	GEN	57	None of the Above			NOTA	3		4817	311407	223822	2.15	71.87	2570	1.15	10	2.17	TRUE											NOTA	5897				
2017	13	Ahmedabad	North Gujarat	DASKROI	GEN	57	SHRIMALI NILESHKUMAR RAMESHBHAI	M	30	IND	4	0	2247	311407	223822	1	71.87	881	0.39	10	2.17	TRUE	1						FALSE	FALSE	FALSE	AEGJ3612	Independents	10809	Post Graduate	Business	Real Estate or Builder or Developer or Construction	
2017	13	Ahmedabad	North Gujarat	DASKROI	GEN	57	THAKOR AJITBHAI KALAJI	M	41	AINHCP	5	0	1366	311407	223822	0.61	71.87	50	0.02	10	2.17	TRUE	1						FALSE	FALSE	FALSE	AEGJ3580	Local Party	662	5th Pass	Business		Agriculture
2017	13	Ahmedabad	North Gujarat	DASKROI	GEN	57	PATEL BHAVINKUMAR MAHENDRA KUMAR	M	39	BSP	6	0	1316	311407	223822	0.59	71.87	277	0.12	10	2.17	TRUE	1						FALSE	FALSE	FALSE	AEGJ3575	State-based Party (Other State)	16651	8th Pass	Agriculture		
2017	13	Ahmedabad	North Gujarat	DASKROI	GEN	57	BAROT RAJENDRABHAI KESHABHAI	M	43	SHS	7	0	1039	311407	223822	0.46	71.87	43	0.02	10	2.17	TRUE	1						FALSE	FALSE	FALSE	AEGJ3581	State-based Party (Other State)	18691	Graduate Professional	Liberal Profession or Professional	Lawyer	
2017	13	Ahmedabad	North Gujarat	DASKROI	GEN	57	PATEL ARVINDBHAI SAVJIBHAI	M	44	IND	8	0	996	311407	223822	0.44	71.87	73	0.03	10	2.17	TRUE	1						FALSE	FALSE	FALSE	AEGJ3598	Independents	10809	12th Pass	Other		
2017	13	Ahmedabad	North Gujarat	DASKROI	GEN	57	CHUNARA ARVINDBHAI AMARBHAI	M	57	IND	9	0	923	311407	223822	0.41	71.87	13	0.01	10	2.17	TRUE	1						FALSE	FALSE	FALSE	AEGJ3593	Independents	10809	8th Pass	Agriculture		
2017	13	Ahmedabad	North Gujarat	DASKROI	GEN	57	JAGATSINH MADUJI CHAVDA	M	49	RVZP	10	0	910	311407	223822	0.41	71.87	501	0.22	10	2.17	TRUE	1						FALSE	FALSE	FALSE	AEGJ3576	Local Party	6352	12th Pass	Small Business or Self-employed		Social Work
2017	13	Ahmedabad	North Gujarat	DASKROI	GEN	57	SAVALIYA DIVYESHBHAI VITTHALBHAI	M	28	SVPP	11	0	409	311407	223822	0.18	71.87	0	0	10	2.17	TRUE	1						FALSE	FALSE	FALSE	AEGJ3590	Local Party	7682	12th Pass	Business	Real Estate or Builder or Developer or Construction	
2017	13	Ahmedabad	North Gujarat	DHOLKA	GEN	58	BHUPENDRASINH MANUBHA CHUDASAMA	M	67	BJP	1	5	71530	230867	160844	44.47	69.67	327	0.2	13	2.5	TRUE	9	BJP	1605	DHOLKA	TRUE	TRUE	FALSE	TRUE	TRUE	AEGJ5587	National Party	1605	Graduate Professional	Agriculture		
2017	13	Ahmedabad	North Gujarat	DHOLKA	GEN	58	RATHOD ASHVINBHAI KAMSUBHAI	M	40	INC	2	0	71203	230867	160844	44.27	69.67	66981	41.64	13	2.5	TRUE	1						FALSE	FALSE	FALSE	AEGJ485	National Party	3482	10th Pass	Agriculture		
2017	13	Ahmedabad	North Gujarat	DHOLKA	GEN	58	SHAKTISINH SARDARSINH SISODIYA	M	28	IND	3	0	4222	230867	160844	2.62	69.67	1083	0.67	13	2.5	TRUE	1						FALSE	FALSE	FALSE	AEGJ3647	Independents	10809	Graduate Professional	Business		Agriculture
2017	13	Ahmedabad	North Gujarat	DHOLKA	GEN	58	BHAILALBHAI KALUBHAI PANDAV	M	35	BSP	4	0	3139	230867	160844	1.95	69.67	29	0.02	13	2.5	TRUE	2	BSP	16651	DHOLKA	TRUE	TRUE	FALSE	FALSE	TRUE	AEGJ13280	State-based Party (Other State)	16651	10th Pass	Agriculture		
2017	13	Ahmedabad	North Gujarat	DHOLKA	GEN	58	VAGHELA RAMANBHAI KALJIBHAI	M	43	IND	5	0	3110	230867	160844	1.93	69.67	763	0.47	13	2.5	TRUE	1						FALSE	FALSE	FALSE	AEGJ3646	Independents	10809				
2017	13	Ahmedabad	North Gujarat	DHOLKA	GEN	58	None of the Above			NOTA	6		2347	230867	160844	1.46	69.67	1149	0.71	13	2.5	TRUE											NOTA	5897				
2017	13	Ahmedabad	North Gujarat	DHOLKA	GEN	58	MAKWANA HARIBHAI DIPUBHAI	M	68	NCP	7	0	1198	230867	160844	0.74	69.67	94	0.06	13	2.5	TRUE	1						FALSE	FALSE	FALSE	AEGJ3625	State-based Party (Other State)	5792	10th Pass	Retired or Pension		Agriculture
2017	13	Ahmedabad	North Gujarat	DHOLKA	GEN	58	MAHENDRAKUMAR SHANTILAL JADAV	M	27	BMUP	8	0	1104	230867	160844	0.69	69.67	233	0.14	13	2.5	TRUE	1						FALSE	FALSE	FALSE	AEGJ3627	Local Party	1074	Doctorate	Education	Home Teacher or Tuition	
2017	13	Ahmedabad	North Gujarat	DHOLKA	GEN	58	MASHRUBHAI MOHANBHAI MAKVANA	M	63	IND	9	0	871	230867	160844	0.54	69.67	162	0.1	13	2.5	TRUE	1						FALSE	FALSE	FALSE	AEGJ3637	Independents	10809	Literate	Agriculture		
2017	13	Ahmedabad	North Gujarat	DHOLKA	GEN	58	VAGHELA ALPESHSINH SURUBHA	M	39	IND	10	0	709	230867	160844	0.44	69.67	187	0.12	13	2.5	TRUE	3	IND	10809	SANAND | DHOLKA	TRUE	TRUE	FALSE	FALSE	TRUE	AEGJ11949	Independents	10809				
2017	13	Ahmedabad	North Gujarat	DHOLKA	GEN	58	BHARATBHAI BABUBHAI THAKOR	M	37	IND	11	0	522	230867	160844	0.32	69.67	102	0.06	13	2.5	TRUE	1						FALSE	FALSE	FALSE	AEGJ3636	Independents	10809	8th Pass	Business	Real Estate or Builder or Developer or Construction	
2017	13	Ahmedabad	North Gujarat	DHOLKA	GEN	58	RATHOD KALUBHAI LAKHABHAI	M	46	IND	12	0	420	230867	160844	0.26	69.67	172	0.11	13	2.5	TRUE	1						FALSE	FALSE	FALSE	AEGJ3642	Independents	10809				
2017	13	Ahmedabad	North Gujarat	DHOLKA	GEN	58	GOVINDBHAI DAHYABHAI GOL	M	36	IND	13	0	248	230867	160844	0.15	69.67	27	0.02	13	2.5	TRUE	1						FALSE	FALSE	FALSE	AEGJ3631	Independents	10809	8th Pass	Agriculture		
2017	13	Ahmedabad	North Gujarat	DHOLKA	GEN	58	KADARI JAVEDMIYA CHHOTASAHEB	M	50	IND	14	0	221	230867	160844	0.14	69.67	0	0	13	2.5	TRUE	1						FALSE	FALSE	FALSE	AEGJ3629	Independents	10809				
2017	13	Ahmedabad	North Gujarat	DHANDHUKA	GEN	59	GOHIL RAJESHKUMAR HARJIBHAI	M	45	INC	1	1	67477	245361	141019	47.85	57.47	5920	4.2	16	2.38	TRUE	1						FALSE	FALSE	FALSE	AEGJ437	National Party	3482	Graduate Professional	Liberal Profession or Professional	Lawyer	Agriculture
2017	13	Ahmedabad	North Gujarat	DHANDHUKA	GEN	59	DABHI KALUBHAI RUPABHAI	M	58	BJP	2	0	61557	245361	141019	43.65	57.47	59604	42.27	16	2.38	TRUE	1						FALSE	FALSE	FALSE	AEGJ430	National Party	1605	8th Pass	Business		Agriculture
2017	13	Ahmedabad	North Gujarat	DHANDHUKA	GEN	59	GORAHVA VINODBHAI SHIVABHAI	M	56	CPM	3	0	1953	245361	141019	1.38	57.47	346	0.25	16	2.38	TRUE	2	CPM	14635	DHANDHUKA	TRUE	TRUE	FALSE	FALSE	TRUE	AEGJ13286	National Party	14635	Graduate	Agricultural Labour		
2017	13	Ahmedabad	North Gujarat	DHANDHUKA	GEN	59	SATHALIYA SHAMJIBHAI BHUDARBHAI	M	44	IND	4	0	1607	245361	141019	1.14	57.47	247	0.18	16	2.38	TRUE	1						FALSE	FALSE	FALSE	AEGJ3684	Independents	10809	Literate	Small Business or Self-employed		
2017	13	Ahmedabad	North Gujarat	DHANDHUKA	GEN	59	None of the Above			NOTA	5		1360	245361	141019	0.96	57.47	177	0.13	16	2.38	TRUE											NOTA	5897				
2017	13	Ahmedabad	North Gujarat	DHANDHUKA	GEN	59	VAGHELA RAMESHBHAI VIRSANGBHAI	M	40	IND	6	0	1183	245361	141019	0.84	57.47	231	0.16	16	2.38	TRUE	1						FALSE	FALSE	FALSE	AEGJ3682	Independents	10809				
2017	13	Ahmedabad	North Gujarat	DHANDHUKA	GEN	59	MAKWANA VALJIBHAI PATHABHAI	M	31	IND	7	0	952	245361	141019	0.68	57.47	154	0.11	16	2.38	TRUE	1						FALSE	FALSE	FALSE	AEGJ3681	Independents	10809				
2017	13	Ahmedabad	North Gujarat	DHANDHUKA	GEN	59	PARMAR SUNILBHAI LAKSHMANBHAI	M	35	BSP	8	0	798	245361	141019	0.57	57.47	12	0.01	16	2.38	TRUE	1						FALSE	FALSE	FALSE	AEGJ3651	State-based Party (Other State)	16651	8th Pass	Small Business or Self-employed		
2017	13	Ahmedabad	North Gujarat	DHANDHUKA	GEN	59	VISHNUKUMAR KUBERDAS PANDYA	M	46	VPP	9	0	786	245361	141019	0.56	57.47	109	0.08	16	2.38	TRUE	1						FALSE	FALSE	FALSE	AEGJ3667	Local Party	8518				
2017	13	Ahmedabad	North Gujarat	DHANDHUKA	GEN	59	CHUDASAMA DIGVIJAYSINH NATVARSINH	M	52	AINHCP	10	0	677	245361	141019	0.48	57.47	171	0.12	16	2.38	TRUE	1						FALSE	FALSE	FALSE	AEGJ3659	Local Party	662	12th Pass	Agriculture		
2017	13	Ahmedabad	North Gujarat	DHANDHUKA	GEN	59	BOGHRA GOVINDBHAI NARANBHAI	M	45	IND	11	0	506	245361	141019	0.36	57.47	30	0.02	16	2.38	TRUE	1						FALSE	FALSE	FALSE	AEGJ3678	Independents	10809				
2017	13	Ahmedabad	North Gujarat	DHANDHUKA	GEN	59	BELAM SANJAYBHAI BATUKBHAI	M	29	IND	12	0	476	245361	141019	0.34	57.47	85	0.06	16	2.38	TRUE	1						FALSE	FALSE	FALSE	AEGJ3676	Independents	10809	5th Pass	Labourer or Daily Wage		
2017	13	Ahmedabad	North Gujarat	DHANDHUKA	GEN	59	PATEL GITABEN PRATAPBHAI	F	44	GJCP	13	0	391	245361	141019	0.28	57.47	5	0	16	2.38	TRUE	1						FALSE	FALSE	FALSE	AEGJ3663	Local Party	3163	10th Pass	Other		
2017	13	Ahmedabad	North Gujarat	DHANDHUKA	GEN	59	CHAVDA RAMDEVBHAI KHUMANSANG	M	36	IND	14	0	386	245361	141019	0.27	57.47	21	0.01	16	2.38	TRUE	1						FALSE	FALSE	FALSE	AEGJ3668	Independents	10809	5th Pass	Other		
2017	13	Ahmedabad	North Gujarat	DHANDHUKA	GEN	59	CHUDASAMA RAJENDRASINH JAYENDRASINH	M	29	IND	15	0	365	245361	141019	0.26	57.47	50	0.04	16	2.38	TRUE	1						FALSE	FALSE	FALSE	AEGJ3670	Independents	10809	12th Pass	Other		
2017	13	Ahmedabad	North Gujarat	DHANDHUKA	GEN	59	JADAV GOVINDBHAI RAMJIBHAI	M	66	IND	16	0	315	245361	141019	0.22	57.47	85	0.06	16	2.38	TRUE	4	JD(U)	11002	BOTAD	FALSE	FALSE	FALSE	FALSE	TRUE	AEGJ5606	Independents	10809	Graduate	Small Business or Self-employed		
2017	13	Ahmedabad	North Gujarat	DHANDHUKA	GEN	59	GORAHVA VANRAJBHAI VINODBHAI	M	26	INCP	17	0	230	245361	141019	0.16	57.47	0	0	16	2.38	TRUE	1						FALSE	FALSE	FALSE	AEGJ3655	Local Party	3875	12th Pass	Agricultural Labour		
2017	13	Surendranagar	Saurashtra-Kutch	DASADA	SC	60	SOLANKI NAUSHADJI BHALAJIBHAI	M	57	INC	1	1	74009	237396	154782	47.81	65.2	3728	2.41	10	2.27	TRUE	1						FALSE	FALSE	FALSE	AEGJ374	National Party	3482	Others	Salaried Work or Employed	Qualified Professional	
2017	13	Surendranagar	Saurashtra-Kutch	DASADA	SC	60	RAMANLAL ISHVARLAL VORA	M	58	BJP	2	5	70281	237396	154782	45.41	65.2	66485	42.95	10	2.27	TRUE	6	BJP	1605	IDAR	FALSE	TRUE	FALSE	TRUE	TRUE	AEGJ10044	National Party	1605	Graduate	Social Work		
2017	13	Surendranagar	Saurashtra-Kutch	DASADA	SC	60	None of the Above			NOTA	3		3796	237396	154782	2.45	65.2	2238	1.45	10	2.27	TRUE											NOTA	5897				
2017	13	Surendranagar	Saurashtra-Kutch	DASADA	SC	60	SHAILESH MOURYA	M	26	BSP	4	0	1558	237396	154782	1.01	65.2	224	0.14	10	2.27	TRUE	1						FALSE	FALSE	FALSE	AEGJ3687	State-based Party (Other State)	16651	Others	Small Business or Self-employed		
2017	13	Surendranagar	Saurashtra-Kutch	DASADA	SC	60	CHHANIYARA PARASOTTAMBHA TALSHIBHAI	M	28	AAAP	5	0	1334	237396	154782	0.86	65.2	211	0.14	10	2.27	TRUE	1						FALSE	FALSE	FALSE	AEGJ3691	State-based Party (Other State)	13				
2017	13	Surendranagar	Saurashtra-Kutch	DASADA	SC	60	MIYAVARA MIRABEN AMRUTBHAI	F	31	IND	6	0	1123	237396	154782	0.73	65.2	92	0.06	10	2.27	TRUE	1						FALSE	FALSE	FALSE	AEGJ3710	Independents	10809	8th Pass	Labourer or Daily Wage		
2017	13	Surendranagar	Saurashtra-Kutch	DASADA	SC	60	YASHAVANT KALUBHAI SHAH	M	38	IND	7	0	1031	237396	154782	0.67	65.2	444	0.29	10	2.27	TRUE	1						FALSE	FALSE	FALSE	AEGJ3711	Independents	10809				
2017	13	Surendranagar	Saurashtra-Kutch	DASADA	SC	60	MAKAWANA JIVABHAI RAMABHAI	M	47	IND	8	0	587	237396	154782	0.38	65.2	108	0.07	10	2.27	TRUE	1						FALSE	FALSE	FALSE	AEGJ3707	Independents	10809	Graduate	Agriculture		
2017	13	Surendranagar	Saurashtra-Kutch	DASADA	SC	60	MAKWANA KAMABHAI PETHABHAI	M	56	IND	9	0	479	237396	154782	0.31	65.2	186	0.12	10	2.27	TRUE	1						FALSE	FALSE	FALSE	AEGJ3703	Independents	10809	Illiterate	Labourer or Daily Wage		Agriculture
2017	13	Surendranagar	Saurashtra-Kutch	DASADA	SC	60	PANDYA RAJESHBHAI MANSUKHBHAI	M	48	VPP	10	0	293	237396	154782	0.19	65.2	2	0	10	2.27	TRUE	1						FALSE	FALSE	FALSE	AEGJ3698	Local Party	8518				
2017	13	Surendranagar	Saurashtra-Kutch	DASADA	SC	60	N.D.SOLANKI (ADVOCATE)	M	60	BMUP	11	0	291	237396	154782	0.19	65.2	0	0	10	2.27	TRUE	1						FALSE	FALSE	FALSE	AEGJ3702	Local Party	1074	Graduate Professional	Liberal Profession or Professional	Lawyer	
2017	13	Surendranagar	Saurashtra-Kutch	LIMBDI	GEN	61	KOLIPATEL SOMABHAI GANDALAL	M	77	INC	1	2	83909	259625	165598	50.67	63.78	14651	8.85	15	2.33	FALSE	2	INC	3482	LIMBDI	TRUE	TRUE	FALSE	FALSE	FALSE	GEGJ37222	National Party	3482	5th Pass	Agriculture		
2017	13	Surendranagar	Saurashtra-Kutch	LIMBDI	GEN	61	KIRITSINH JITUBHA RANA	M	53	BJP	2	3	69258	259625	165598	41.82	63.78	65902	39.8	15	2.33	FALSE	6	BJP	1605	LIMBDI	TRUE	TRUE	FALSE	FALSE	FALSE	AEGJ6903	National Party	1605	10th Pass	Business	Hospitality	Agriculture
2017	13	Surendranagar	Saurashtra-Kutch	LIMBDI	GEN	61	None of the Above			NOTA	3		3356	259625	165598	2.03	63.78	657	0.4	15	2.33	FALSE											NOTA	5897				
2017	13	Surendranagar	Saurashtra-Kutch	LIMBDI	GEN	61	CHAVDA ASHOKBHAI KARSHANBHAI	M	42	BSP	4	0	2699	259625	165598	1.63	63.78	560	0.34	15	2.33	FALSE	1						FALSE	FALSE	FALSE	AEGJ3712	State-based Party (Other State)	16651	Post Graduate	Liberal Profession or Professional	Lawyer	
2017	13	Surendranagar	Saurashtra-Kutch	LIMBDI	GEN	61	VADHER HARSHADKUMAR MOHANLAL	M	29	IND	5	0	2139	259625	165598	1.29	63.78	1392	0.84	15	2.33	FALSE	1						FALSE	FALSE	FALSE	AEGJ3773	Independents	10809	Graduate	Small Business or Self-employed	Self-employed	
2017	13	Surendranagar	Saurashtra-Kutch	LIMBDI	GEN	61	MER OGHADBHAI SAGRAMBHAI	M	44	IND	6	0	747	259625	165598	0.45	63.78	171	0.1	15	2.33	FALSE	1						FALSE	FALSE	FALSE	AEGJ3772	Independents	10809	10th Pass	Agriculture		
2017	13	Surendranagar	Saurashtra-Kutch	LIMBDI	GEN	61	NAJABHAI PATHABHAI DHARJIYA	M	40	GJCP	7	0	576	259625	165598	0.35	63.78	69	0.04	15	2.33	FALSE	1						FALSE	FALSE	FALSE	AEGJ3726	Local Party	3163	Literate	Agriculture		
2017	13	Surendranagar	Saurashtra-Kutch	LIMBDI	GEN	61	CHAVDA MAHENDRAKUMAR MAGANBHAI	M	34	IND	8	0	507	259625	165598	0.31	63.78	25	0.02	15	2.33	FALSE	2	RPI(A)	12285	LIMBDI	TRUE	FALSE	FALSE	FALSE	FALSE	AEGJ13306	Independents	10809				
2017	13	Surendranagar	Saurashtra-Kutch	LIMBDI	GEN	61	MAKWANA UKABHAI AMARABHAI	M	53	IND	9	0	482	259625	165598	0.29	63.78	78	0.05	15	2.33	FALSE	3	IND	10809	DASADA	FALSE	TRUE	FALSE	FALSE	TRUE	AEGJ101125	Independents	10809	Post Graduate	Liberal Profession or Professional	Lawyer	
2017	13	Surendranagar	Saurashtra-Kutch	LIMBDI	GEN	61	KANAKSINH PRAVINSINH ZALA	M	38	IND	10	0	404	259625	165598	0.24	63.78	71	0.04	15	2.33	FALSE	1						FALSE	FALSE	FALSE	AEGJ3755	Independents	10809	10th Pass	Agriculture		
2017	13	Surendranagar	Saurashtra-Kutch	LIMBDI	GEN	61	GANPATBHAI GOVINDBHAI PARMAR	M	40	IND	11	0	333	259625	165598	0.2	63.78	14	0.01	15	2.33	FALSE	1						FALSE	FALSE	FALSE	AEGJ3756	Independents	10809	8th Pass	Labourer or Daily Wage		
2017	13	Surendranagar	Saurashtra-Kutch	LIMBDI	GEN	61	ANIYALIYA DALSUKHBHAI KARAMSHIBHAI	M	31	BSAP	12	0	319	259625	165598	0.19	63.78	48	0.03	15	2.33	FALSE	1						FALSE	FALSE	FALSE	AEGJ3717	Local Party	2033	Graduate	Agriculture		
2017	13	Surendranagar	Saurashtra-Kutch	LIMBDI	GEN	61	GAJENDRABHAI DAYALAL PANDYA	M	55	JASP	13	0	271	259625	165598	0.16	63.78	51	0.03	15	2.33	FALSE	1						FALSE	FALSE	FALSE	AEGJ3725	Local Party	4162	12th Pass	Other		
2017	13	Surendranagar	Saurashtra-Kutch	LIMBDI	GEN	61	MAJETHIYA MAHESHBHAI RATUBHAI	M	38	AINHCP	14	0	220	259625	165598	0.13	63.78	8	0	15	2.33	FALSE	1						FALSE	FALSE	FALSE	AEGJ3736	Local Party	662	Graduate	Other		
2017	13	Surendranagar	Saurashtra-Kutch	LIMBDI	GEN	61	ANIYALIYA ISHWARBHAI NANJIBHAI	M	56	IND	15	0	212	259625	165598	0.13	63.78	46	0.03	15	2.33	FALSE	1						FALSE	FALSE	FALSE	AEGJ3750	Independents	10809	Literate	Agriculture		
2017	13	Surendranagar	Saurashtra-Kutch	LIMBDI	GEN	61	MAKWANA PRAKASHBHAI PITAMBARBHAI	M	35	ASP	16	0	166	259625	165598	0.1	63.78	0	0	15	2.33	FALSE	1						FALSE	FALSE	FALSE	AEGJ3730	Local Party	9011	8th Pass	Small Business or Self-employed	Self-employed	
2017	13	Surendranagar	Saurashtra-Kutch	WADHWAN	GEN	62	DHANJIBHAI PATEL (MAKSON)	M	70	BJP	1	1	89595	269004	172450	51.95	64.11	19524	11.32	18	2.27	TRUE	1						FALSE	FALSE	FALSE	AEGJ2163	National Party	1605	10th Pass	Business		Agriculture
2017	13	Surendranagar	Saurashtra-Kutch	WADHWAN	GEN	62	PATEL MOHANBHAI DAHYABHAI	M	65	INC	2	0	70071	269004	172450	40.63	64.11	67389	39.08	18	2.27	TRUE	1						FALSE	FALSE	FALSE	AEGJ2164	National Party	3482	10th Pass	Agriculture		
2017	13	Surendranagar	Saurashtra-Kutch	WADHWAN	GEN	62	VASANI CHARULATA AKSHAYKUMAR	F	36	IND	3	0	2682	269004	172450	1.56	64.11	503	0.29	18	2.27	TRUE	1						FALSE	FALSE	FALSE	AEGJ3824	Independents	10809	12th Pass	Other	Household	
2017	13	Surendranagar	Saurashtra-Kutch	WADHWAN	GEN	62	MITHAPARA VASHRAMBHAI BHAVUBHAI	M	28	BSP	4	0	2179	269004	172450	1.26	64.11	867	0.5	18	2.27	TRUE	1						FALSE	FALSE	FALSE	AEGJ3774	State-based Party (Other State)	16651	12th Pass	Labourer or Daily Wage		
2017	13	Surendranagar	Saurashtra-Kutch	WADHWAN	GEN	62	None of the Above			NOTA	5		1312	269004	172450	0.76	64.11	83	0.05	18	2.27	TRUE											NOTA	5897				
2017	13	Surendranagar	Saurashtra-Kutch	WADHWAN	GEN	62	VORA BHAVANBHAI DEVJIBHAI	M	50	IND	6	0	1229	269004	172450	0.71	64.11	13	0.01	18	2.27	TRUE	1						FALSE	FALSE	FALSE	AEGJ3832	Independents	10809	12th Pass	Other		
2017	13	Surendranagar	Saurashtra-Kutch	WADHWAN	GEN	62	VAGHELA TULSIBHAI SHIVABHAI	M	37	IND	7	0	1216	269004	172450	0.71	64.11	50	0.03	18	2.27	TRUE	1						FALSE	FALSE	FALSE	AEGJ3827	Independents	10809				
2017	13	Surendranagar	Saurashtra-Kutch	WADHWAN	GEN	62	RATHOD GITABEN BABUBHAI	F	42	IND	8	0	1166	269004	172450	0.68	64.11	606	0.35	18	2.27	TRUE	1						FALSE	FALSE	FALSE	AEGJ3823	Independents	10809	10th Pass	Other		
2017	13	Surendranagar	Saurashtra-Kutch	WADHWAN	GEN	62	PARMAR PRABHUBHAI GOKALBHAI	M	59	GJCP	9	0	560	269004	172450	0.32	64.11	95	0.06	18	2.27	TRUE	2	IND	10809	WADHWAN	TRUE	FALSE	FALSE	FALSE	TRUE	AEGJ13314	Local Party	3163	Graduate Professional	Other		
2017	13	Surendranagar	Saurashtra-Kutch	WADHWAN	GEN	62	YADAV PARSHOTAMBHAI HIRABHAI	M	52	IND	10	0	465	269004	172450	0.27	64.11	63	0.04	18	2.27	TRUE	2	IND	10809	WADHWAN	TRUE	TRUE	FALSE	FALSE	TRUE	AEGJ13317	Independents	10809	10th Pass	Other		
2017	13	Surendranagar	Saurashtra-Kutch	WADHWAN	GEN	62	CHAUHAN JAYESHBHAI LALJIBHAI	M	42	IND	11	0	402	269004	172450	0.23	64.11	124	0.07	18	2.27	TRUE	2	IND	10809	WADHWAN	TRUE	TRUE	FALSE	FALSE	FALSE	AEGJ10512	Independents	10809	8th Pass	Liberal Profession or Professional	Journalist or Editor	
2017	13	Surendranagar	Saurashtra-Kutch	WADHWAN	GEN	62	MOVAR HASANBHAI IBRAHIMBHAI	M	60	IND	12	0	278	269004	172450	0.16	64.11	53	0.03	18	2.27	TRUE	1						FALSE	FALSE	FALSE	AEGJ3813	Independents	10809	5th Pass	Other		
2017	13	Surendranagar	Saurashtra-Kutch	WADHWAN	GEN	62	KANJIYA RAJESHBHAI JEMALBHAI	M	33	VPP	13	0	225	269004	172450	0.13	64.11	3	0	18	2.27	TRUE	1						FALSE	FALSE	FALSE	AEGJ3775	Local Party	8518				
2017	13	Surendranagar	Saurashtra-Kutch	WADHWAN	GEN	62	JADAV RAJBHA BHARATSINH	M	34	IND	14	0	222	269004	172450	0.13	64.11	12	0.01	18	2.27	TRUE	1						FALSE	FALSE	FALSE	AEGJ3799	Independents	10809	Post Graduate	Education	School Teacher	
2017	13	Surendranagar	Saurashtra-Kutch	WADHWAN	GEN	62	ZALA GIRIRAJSINH VIDURSINH	M	54	IND	15	0	210	269004	172450	0.12	64.11	24	0.01	18	2.27	TRUE	1						FALSE	FALSE	FALSE	AEGJ3808	Independents	10809	Post Graduate	Other		
2017	13	Surendranagar	Saurashtra-Kutch	WADHWAN	GEN	62	MAKWANA UKABHAI AMRABHAI	M	61	IND	16	0	186	269004	172450	0.11	64.11	21	0.01	18	2.27	TRUE	3	IND	10809	DASADA	FALSE	TRUE	FALSE	FALSE	TRUE	AEGJ101125	Independents	10809	Post Graduate	Liberal Profession or Professional	Lawyer	
2017	13	Surendranagar	Saurashtra-Kutch	WADHWAN	GEN	62	JAM SULEMAN HASANBHAI	M	53	IND	17	0	165	269004	172450	0.1	64.11	9	0.01	18	2.27	TRUE	2	IND	10809	WADHWAN	TRUE	TRUE	FALSE	FALSE	TRUE	AEGJ13318	Independents	10809	5th Pass	Other		
2017	13	Surendranagar	Saurashtra-Kutch	WADHWAN	GEN	62	MAKWANA JAGJIVANBHAI RAMJIBHAI	M	53	REALDP	18	0	156	269004	172450	0.09	64.11	25	0.01	18	2.27	TRUE	1						FALSE	FALSE	FALSE	AEGJ3787	Local Party	6905	Graduate Professional	Liberal Profession or Professional	Lawyer	
2017	13	Surendranagar	Saurashtra-Kutch	WADHWAN	GEN	62	BAKULBHAI MOHANBHAI VORA	M	37	LSPS	19	0	131	269004	172450	0.08	64.11	0	0	18	2.27	TRUE	1						FALSE	FALSE	FALSE	AEGJ3786	Local Party	5125				
2017	13	Surendranagar	Saurashtra-Kutch	CHOTILA	GEN	63	MAKWANA RUTVIKBHAI LAVJIBHAI	M	42	INC	1	1	79960	230427	152746	52.35	66.29	23887	15.64	12	2.5	TRUE	1						FALSE	FALSE	FALSE	AEGJ313	National Party	3482	Graduate	Agriculture		
2017	13	Surendranagar	Saurashtra-Kutch	CHOTILA	GEN	63	DERVALIYA ZINABHAI NAJABHAI	M	47	BJP	2	0	56073	230427	152746	36.71	66.29	52281	34.23	12	2.5	TRUE	1						FALSE	FALSE	FALSE	AEGJ310	National Party	1605	5th Pass	Business		
2017	13	Surendranagar	Saurashtra-Kutch	CHOTILA	GEN	63	DETHALIYA VERSHIBHAI NANJIBHAI	M	42	IND	3	0	3792	230427	152746	2.48	66.29	1124	0.74	12	2.5	TRUE	1						FALSE	FALSE	FALSE	AEGJ3858	Independents	10809				
2017	13	Surendranagar	Saurashtra-Kutch	CHOTILA	GEN	63	KHORANI AJITBHAI DEVABHAI	M	26	BSP	4	0	2668	230427	152746	1.75	66.29	87	0.06	12	2.5	TRUE	1						FALSE	FALSE	FALSE	AEGJ3833	State-based Party (Other State)	16651	8th Pass	Business	Contractor	
2017	13	Surendranagar	Saurashtra-Kutch	CHOTILA	GEN	63	None of the Above			NOTA	5		2581	230427	152746	1.69	66.29	954	0.62	12	2.5	TRUE											NOTA	5897				
2017	13	Surendranagar	Saurashtra-Kutch	CHOTILA	GEN	63	BHARATBHAI VITHALBHAI RANGPARA	M	33	IND	6	0	1627	230427	152746	1.07	66.29	58	0.04	12	2.5	TRUE	1						FALSE	FALSE	FALSE	AEGJ3864	Independents	10809	Graduate Professional	Agriculture		
2017	13	Surendranagar	Saurashtra-Kutch	CHOTILA	GEN	63	MALAKIYA ASHVINBHAI RANCHHODBHAI	M	27	VPP	7	0	1569	230427	152746	1.03	66.29	48	0.03	12	2.5	TRUE	1						FALSE	FALSE	FALSE	AEGJ3837	Local Party	8518				
2017	13	Surendranagar	Saurashtra-Kutch	CHOTILA	GEN	63	MER JIGNASHABEN RAJESHKUMAR	F	36	AINHCP	8	0	1521	230427	152746	1	66.29	361	0.24	12	2.5	TRUE	1						FALSE	FALSE	FALSE	AEGJ3848	Local Party	662	Literate	Agriculture		
2017	13	Surendranagar	Saurashtra-Kutch	CHOTILA	GEN	63	DHADHAL JAYRAJBHAI LAKHUBHAI	M	37	IND	9	0	1160	230427	152746	0.76	66.29	544	0.36	12	2.5	TRUE	1						FALSE	FALSE	FALSE	AEGJ3862	Independents	10809				
2017	13	Surendranagar	Saurashtra-Kutch	CHOTILA	GEN	63	VANANI KIRITKUMAR DHANJIBHAI	M	25	ISP	10	0	616	230427	152746	0.4	66.29	109	0.07	12	2.5	TRUE	1						FALSE	FALSE	FALSE	AEGJ3852	Local Party	3995				
2017	13	Surendranagar	Saurashtra-Kutch	CHOTILA	GEN	63	DABHI NARSINHBHAI SOMABHAI	M	42	IND	11	0	507	230427	152746	0.33	66.29	167	0.11	12	2.5	TRUE	1						FALSE	FALSE	FALSE	AEGJ3856	Independents	10809				
2017	13	Surendranagar	Saurashtra-Kutch	CHOTILA	GEN	63	OTRADI GORDHANBHAI CHHANABHAI	M	36	IND	12	0	340	230427	152746	0.22	66.29	8	0.01	12	2.5	TRUE	1						FALSE	FALSE	FALSE	AEGJ3853	Independents	10809				
2017	13	Surendranagar	Saurashtra-Kutch	CHOTILA	GEN	63	KHORANI VINUBHAI LALJIBHAI	M	44	IND	13	0	332	230427	152746	0.22	66.29	0	0	12	2.5	TRUE	1						FALSE	FALSE	FALSE	AEGJ3855	Independents	10809				
2017	13	Surendranagar	Saurashtra-Kutch	DHRANGADHRA	GEN	64	PARSOTAM UKABHAI SABARIYA	M	58	INC	1	1	97135	276586	193581	50.18	69.99	13916	7.19	11	2.33	FALSE	1						FALSE	FALSE	FALSE	AEGJ515	National Party	3482	5th Pass	Other		
2017	13	Surendranagar	Saurashtra-Kutch	DHRANGADHRA	GEN	64	SONAGRA JERAMBHAI DHANJIBHAI	M	60	BJP	2	0	83219	276586	193581	42.99	69.99	78751	40.68	11	2.33	FALSE	1						FALSE	FALSE	FALSE	AEGJ508	National Party	1605	10th Pass	Agriculture		
2017	13	Surendranagar	Saurashtra-Kutch	DHRANGADHRA	GEN	64	None of the Above			NOTA	3		4468	276586	193581	2.31	69.99	2408	1.24	11	2.33	FALSE											NOTA	5897				
2017	13	Surendranagar	Saurashtra-Kutch	DHRANGADHRA	GEN	64	MOBATKHAN ALAMKHAN MALEK	M	57	BSP	4	0	2060	276586	193581	1.06	69.99	186	0.1	11	2.33	FALSE	1						FALSE	FALSE	FALSE	AEGJ3866	State-based Party (Other State)	16651	8th Pass	Agriculture		
2017	13	Surendranagar	Saurashtra-Kutch	DHRANGADHRA	GEN	64	BHATTI ASLAM GAFARBHAI	M	28	IND	5	0	1874	276586	193581	0.97	69.99	783	0.4	11	2.33	FALSE	1						FALSE	FALSE	FALSE	AEGJ3911	Independents	10809				
2017	13	Surendranagar	Saurashtra-Kutch	DHRANGADHRA	GEN	64	MAKVANA SHANTILAL PAMABHAI	M	48	IND	6	0	1091	276586	193581	0.56	69.99	36	0.02	11	2.33	FALSE	1						FALSE	FALSE	FALSE	AEGJ3912	Independents	10809	10th Pass	Labourer or Daily Wage		
2017	13	Surendranagar	Saurashtra-Kutch	DHRANGADHRA	GEN	64	KAILA JAYKUMAR MAHENDRABHAI	M	26	AINHCP	7	0	1055	276586	193581	0.54	69.99	353	0.18	11	2.33	FALSE	1						FALSE	FALSE	FALSE	AEGJ3875	Local Party	662	8th Pass	Business		
2017	13	Surendranagar	Saurashtra-Kutch	DHRANGADHRA	GEN	64	DHANJIBHAI LAXMANBHAI CHANDURA	M	56	BMUP	8	0	702	276586	193581	0.36	69.99	170	0.09	11	2.33	FALSE	1						FALSE	FALSE	FALSE	AEGJ3890	Local Party	1074	12th Pass	Retired or Pension	Retired Teacher	
2017	13	Surendranagar	Saurashtra-Kutch	DHRANGADHRA	GEN	64	BOBADA NAZIRHUSEN GULABBHAI	M	47	IND	9	0	532	276586	193581	0.27	69.99	20	0.01	11	2.33	FALSE	1						FALSE	FALSE	FALSE	AEGJ3910	Independents	10809				
2017	13	Surendranagar	Saurashtra-Kutch	DHRANGADHRA	GEN	64	DADHANIYA KAMLESH MULJIBHAI	M	31	AAAP	10	0	512	276586	193581	0.26	69.99	13	0.01	11	2.33	FALSE	1						FALSE	FALSE	FALSE	AEGJ3888	State-based Party (Other State)	13				
2017	13	Surendranagar	Saurashtra-Kutch	DHRANGADHRA	GEN	64	KANTILAL DANJIBHAI CHHANSIYA	M	38	IND	11	0	499	276586	193581	0.26	69.99	65	0.03	11	2.33	FALSE	1						FALSE	FALSE	FALSE	AEGJ3892	Independents	10809	10th Pass	Agriculture		
2017	13	Surendranagar	Saurashtra-Kutch	DHRANGADHRA	GEN	64	GOHIL YASHPALSINH BATUKSINH	M	27	IND	12	0	434	276586	193581	0.22	69.99	0	0	11	2.33	FALSE	1						FALSE	FALSE	FALSE	AEGJ3899	Independents	10809				
2017	13	Morbi	Saurashtra-Kutch	MORVI	GEN	65	BRIJESH MERJA	M	59	INC	1	1	89396	255971	183481	48.72	71.68	3419	1.86	8	2.17	FALSE	3	INC	3482	MORVI	TRUE	TRUE	FALSE	FALSE	TRUE	AEGJ1541	National Party	3482	Graduate	Business		Agriculture
2017	13	Morbi	Saurashtra-Kutch	MORVI	GEN	65	AMRUTIYA KANTILAL SHIVLAL	M	55	BJP	2	5	85977	255971	183481	46.86	71.68	82908	45.19	8	2.17	FALSE	6	BJP	1605	MORVI	TRUE	TRUE	FALSE	TRUE	TRUE	AEGJ1540	National Party	1605	12th Pass	Politics	MLA	
2017	13	Morbi	Saurashtra-Kutch	MORVI	GEN	65	None of the Above			NOTA	3		3069	255971	183481	1.67	71.68	1682	0.92	8	2.17	FALSE											NOTA	5897				
2017	13	Morbi	Saurashtra-Kutch	MORVI	GEN	65	SUKHABHAI DAYABHAI KUMBHARAVADIYA	M	37	IND	4	0	1387	255971	183481	0.76	71.68	151	0.08	8	2.17	FALSE	1						FALSE	FALSE	FALSE	AEGJ3948	Independents	10809	5th Pass	Labourer or Daily Wage	Taxi Driver	
2017	13	Morbi	Saurashtra-Kutch	MORVI	GEN	65	GADHIYA DHARMENDRABHAI SHIVLAL	M	43	AINHCP	5	0	1236	255971	183481	0.67	71.68	468	0.26	8	2.17	FALSE	1						FALSE	FALSE	FALSE	AEGJ3929	Local Party	662	Others	Business		
2017	13	Morbi	Saurashtra-Kutch	MORVI	GEN	65	GOGARA DIPAKBHAI GANDUBHAI	M	45	SHS	6	0	768	255971	183481	0.42	71.68	78	0.04	8	2.17	FALSE	1						FALSE	FALSE	FALSE	AEGJ3933	State-based Party (Other State)	18691	8th Pass	Agriculture		
2017	13	Morbi	Saurashtra-Kutch	MORVI	GEN	65	MIRANI VIVEK JAYANTILAL (BABALU)	M	28	IND	7	0	690	255971	183481	0.38	71.68	152	0.08	8	2.17	FALSE	1						FALSE	FALSE	FALSE	AEGJ3947	Independents	10809				
2017	13	Morbi	Saurashtra-Kutch	MORVI	GEN	65	ARAJANBHAI PALABHAI RATHOD	M	60	IND	8	0	538	255971	183481	0.29	71.68	118	0.06	8	2.17	FALSE	1						FALSE	FALSE	FALSE	AEGJ3939	Independents	10809				
2017	13	Morbi	Saurashtra-Kutch	MORVI	GEN	65	ARVINDBHAI LALJIBHAI KAVAR	M	44	IND	9	0	420	255971	183481	0.23	71.68	0	0	8	2.17	FALSE	1						FALSE	FALSE	FALSE	AEGJ3945	Independents	10809	12th Pass	Business		
2017	13	Morbi	Saurashtra-Kutch	TANKARA	GEN	66	KAGATHARA LALITBHAI	M	60	INC	1	1	94090	224521	167162	56.29	74.45	29770	17.81	11	2.13	TRUE	3	IND	10809	TANKARA	TRUE	FALSE	FALSE	FALSE	FALSE	AEGJ10554	National Party	3482	Graduate	Business		
2017	13	Morbi	Saurashtra-Kutch	TANKARA	GEN	66	RAGHAVAJIBHAI JIVARAJBHAI GADARA	M	65	BJP	2	0	64320	224521	167162	38.48	74.45	61435	36.75	11	2.13	TRUE	1						FALSE	FALSE	FALSE	AEGJ1975	National Party	1605	5th Pass	Business		
2017	13	Morbi	Saurashtra-Kutch	TANKARA	GEN	66	None of the Above			NOTA	3		2885	224521	167162	1.73	74.45	914	0.55	11	2.13	TRUE											NOTA	5897				
2017	13	Morbi	Saurashtra-Kutch	TANKARA	GEN	66	SHEKHVA VELJIBHAI NATHUBHAI	M	53	BSP	4	0	1971	224521	167162	1.18	74.45	878	0.53	11	2.13	TRUE	1						FALSE	FALSE	FALSE	AEGJ3953	State-based Party (Other State)	16651		Business		
2017	13	Morbi	Saurashtra-Kutch	TANKARA	GEN	66	SADATIYA AMRUTLAL DEVSHIBHAI	M	44	IND	5	0	1093	224521	167162	0.65	74.45	431	0.26	11	2.13	TRUE	1						FALSE	FALSE	FALSE	AEGJ3982	Independents	10809	Graduate Professional	Liberal Profession or Professional	Lawyer	Agriculture
2017	13	Morbi	Saurashtra-Kutch	TANKARA	GEN	66	SATUBHA AMARSANG JADEJA	M	49	IND	6	0	662	224521	167162	0.4	74.45	116	0.07	11	2.13	TRUE	3	IND	10809	TANKARA	TRUE	TRUE	FALSE	FALSE	FALSE	AEGJ11584	Independents	10809	10th Pass	Salaried Work or Employed	Insurance Agent	
2017	13	Morbi	Saurashtra-Kutch	TANKARA	GEN	66	KHODABHAI JAGABHAI PANCHIYA	M	42	IND	7	0	546	224521	167162	0.33	74.45	138	0.08	11	2.13	TRUE	1						FALSE	FALSE	FALSE	AEGJ3978	Independents	10809	Literate	Business	Agricultural Business	
2017	13	Morbi	Saurashtra-Kutch	TANKARA	GEN	66	AATRESHA RAMESHBHAI SHIVABHAI	M	39	IND	8	0	408	224521	167162	0.24	74.45	22	0.01	11	2.13	TRUE	1						FALSE	FALSE	FALSE	AEGJ3977	Independents	10809				
2017	13	Morbi	Saurashtra-Kutch	TANKARA	GEN	66	PARAMAR NIRMLABEN KAMLESHBHAI	F	37	RPI	9	0	386	224521	167162	0.23	74.45	110	0.07	11	2.13	TRUE	1						FALSE	FALSE	FALSE	AEGJ3956	State-based Party (Other State)	6911	8th Pass	Social Work		
2017	13	Morbi	Saurashtra-Kutch	TANKARA	GEN	66	BAVARVA NARENDRA CHUNILAL	M	37	IND	10	0	276	224521	167162	0.17	74.45	0	0	11	2.13	TRUE	1						FALSE	FALSE	FALSE	AEGJ3961	Independents	10809				
2017	13	Morbi	Saurashtra-Kutch	TANKARA	GEN	66	AMRUTIYA HARSUKHBHAI RATNABHAI	M	28	AINHCP	11	0	276	224521	167162	0.17	74.45	27	0.02	11	2.13	TRUE	1						FALSE	FALSE	FALSE	AEGJ3970	Local Party	662	10th Pass	Business		
2017	13	Morbi	Saurashtra-Kutch	TANKARA	GEN	66	VANOL KESHARBEN VALJIBHAI	F	65	BBC	12	0	249	224521	167162	0.15	74.45	0	0	11	2.13	TRUE	1						FALSE	FALSE	FALSE	AEGJ3963	Local Party	15789	Illiterate	Other		
2017	13	Morbi	Saurashtra-Kutch	WANKANER	GEN	67	PIRZADA MAHAMADJAVID ABDULMUTALIB	M	69	INC	1	3	72588	244608	183226	39.62	74.91	1361	0.74	13	3.03	TRUE	4	INC	3482	WANKANER	TRUE	TRUE	FALSE	TRUE	TRUE	AEGJ10561	National Party	3482	Graduate Professional	Retired or Pension		
2017	13	Morbi	Saurashtra-Kutch	WANKANER	GEN	67	JITENDRA KANTILAL SOMANI (JITU SOMANI)	M	59	BJP	2	0	71227	244608	183226	38.87	74.91	45680	24.93	13	3.03	TRUE	3	BJP	1605	WANKANER	TRUE	TRUE	FALSE	FALSE	TRUE	AEGJ9439	National Party	1605	5th Pass	Business		
2017	13	Morbi	Saurashtra-Kutch	WANKANER	GEN	67	GORDHANBHAI POLABHAI SARAVAIYA	M	39	IND	3	0	25547	244608	183226	13.94	74.91	22276	12.16	13	3.03	TRUE	1						FALSE	FALSE	FALSE	AEGJ4002	Independents	10809	Post Graduate	Agriculture		
2017	13	Morbi	Saurashtra-Kutch	WANKANER	GEN	67	BLOCH MUSTAKBHAI GULMAHMADBHAI	M	39	BSP	4	0	3271	244608	183226	1.79	74.91	101	0.06	13	3.03	TRUE	1						FALSE	FALSE	FALSE	AEGJ3995	State-based Party (Other State)	16651	8th Pass	Agriculture		
2017	13	Morbi	Saurashtra-Kutch	WANKANER	GEN	67	None of the Above			NOTA	5		3170	244608	183226	1.73	74.91	362	0.2	13	3.03	TRUE											NOTA	5897				
2017	13	Morbi	Saurashtra-Kutch	WANKANER	GEN	67	SHERASIYA USMANGANI HUSHEN	M	39	AAAP	6	0	2808	244608	183226	1.53	74.91	1782	0.97	13	3.03	TRUE	1						FALSE	FALSE	FALSE	AEGJ3998	State-based Party (Other State)	13				
2017	13	Morbi	Saurashtra-Kutch	WANKANER	GEN	67	ZAPADIYA JAGABHAI VISABHAI	M	39	NCP	7	0	1026	244608	183226	0.56	74.91	273	0.15	13	3.03	TRUE	1						FALSE	FALSE	FALSE	AEGJ3989	State-based Party (Other State)	5792	5th Pass	Agriculture		
2017	13	Morbi	Saurashtra-Kutch	WANKANER	GEN	67	SHERASIYA HUSHENBHAI JALALBHAI	M	60	AINHCP	8	0	753	244608	183226	0.41	74.91	19	0.01	13	3.03	TRUE	1						FALSE	FALSE	FALSE	AEGJ4001	Local Party	662	5th Pass	Agriculture		
2017	13	Morbi	Saurashtra-Kutch	WANKANER	GEN	67	MAHEBUB JAMALBHAI PIPARVADIYA	M	39	IND	9	0	734	244608	183226	0.4	74.91	37	0.02	13	3.03	TRUE	1						FALSE	FALSE	FALSE	AEGJ4012	Independents	10809	8th Pass	Agriculture		
2017	13	Morbi	Saurashtra-Kutch	WANKANER	GEN	67	VALJIBHAI RAGHAVBHAI CHAUHAN	M	30	IND	10	0	697	244608	183226	0.38	74.91	228	0.12	13	3.03	TRUE	1						FALSE	FALSE	FALSE	AEGJ4013	Independents	10809	Literate	Labourer or Daily Wage	Truck Driver	
2017	13	Morbi	Saurashtra-Kutch	WANKANER	GEN	67	JITENDRABHAI PARSOTAMBHAI MANDANI	M	32	IND	11	0	469	244608	183226	0.26	74.91	52	0.03	13	3.03	TRUE	1						FALSE	FALSE	FALSE	AEGJ4005	Independents	10809				
2017	13	Morbi	Saurashtra-Kutch	WANKANER	GEN	67	BALAVANT GOVINDBHAI SINDHAV	M	33	IND	12	0	417	244608	183226	0.23	74.91	132	0.07	13	3.03	TRUE	1						FALSE	FALSE	FALSE	AEGJ4010	Independents	10809				
2017	13	Morbi	Saurashtra-Kutch	WANKANER	GEN	67	NARANBHAI MANJIBHAI AJADIYA	M	57	IND	13	0	285	244608	183226	0.16	74.91	51	0.03	13	3.03	TRUE	2	IND	10809	WANKANER	TRUE	TRUE	FALSE	FALSE	FALSE	AEGJ6993	Independents	10809	5th Pass	Labourer or Daily Wage	Taxi Driver	
2017	13	Morbi	Saurashtra-Kutch	WANKANER	GEN	67	MAMADBHAI MIRAJI MATHAKIYA	M	65	JD(U)	14	0	234	244608	183226	0.13	74.91	0	0	13	3.03	TRUE	1						FALSE	FALSE	FALSE	AEGJ3997	State-based Party (Other State)	11002	Literate	Agriculture		
2017	13	Rajkot	Saurashtra-Kutch	RAJKOT EAST	GEN	68	ARVIND RAIYANI	M	41	BJP	1	1	93087	259971	174869	53.23	67.26	22782	13.03	12	2.27	TRUE	1						FALSE	FALSE	FALSE	AEGJ1747	National Party	1605	8th Pass	Business		Agriculture
2017	13	Rajkot	Saurashtra-Kutch	RAJKOT EAST	GEN	68	MITUL DONGA	M	40	INC	2	0	70305	259971	174869	40.2	67.26	66718	38.15	12	2.27	TRUE	2	INC	3482	RAJKOT SOUTH	FALSE	TRUE	FALSE	FALSE	TRUE	AEGJ1751	National Party	3482	Post Graduate	Business		Agriculture
2017	13	Rajkot	Saurashtra-Kutch	RAJKOT EAST	GEN	68	None of the Above			NOTA	3		3587	259971	174869	2.05	67.26	1351	0.77	12	2.27	TRUE											NOTA	5897				
2017	13	Rajkot	Saurashtra-Kutch	RAJKOT EAST	GEN	68	GOHEL MADHUBHAI ARJANBHAI	M	61	BSP	4	0	2236	259971	174869	1.28	67.26	309	0.18	12	2.27	TRUE	1						FALSE	FALSE	FALSE	AEGJ4014	State-based Party (Other State)	16651	5th Pass	Salaried Work or Employed	Insurance Agent	
2017	13	Rajkot	Saurashtra-Kutch	RAJKOT EAST	GEN	68	AJIT GHUSABHAI LOKHIL	M	37	AAAP	5	0	1927	259971	174869	1.1	67.26	1100	0.63	12	2.27	TRUE	1						FALSE	FALSE	FALSE	AEGJ4025	State-based Party (Other State)	13				
2017	13	Rajkot	Saurashtra-Kutch	RAJKOT EAST	GEN	68	RANPARIYA JERAMBHAI HARJIBHAI	M	54	IND	6	0	827	259971	174869	0.47	67.26	209	0.12	12	2.27	TRUE	1						FALSE	FALSE	FALSE	AEGJ4047	Independents	10809	8th Pass	Labourer or Daily Wage		
2017	13	Rajkot	Saurashtra-Kutch	RAJKOT EAST	GEN	68	VAGHELA RAMDEVSINH BHURUBHA	M	45	IND	7	0	618	259971	174869	0.35	67.26	44	0.03	12	2.27	TRUE	1						FALSE	FALSE	FALSE	AEGJ4049	Independents	10809	12th Pass	Small Business or Self-employed		
2017	13	Rajkot	Saurashtra-Kutch	RAJKOT EAST	GEN	68	KARNABHAI MALDHARI	M	64	BTP	8	0	574	259971	174869	0.33	67.26	45	0.03	12	2.27	TRUE	1						FALSE	FALSE	FALSE	AEGJ4032	Local Party	2055	Literate	Small Business or Self-employed		
2017	13	Rajkot	Saurashtra-Kutch	RAJKOT EAST	GEN	68	RAUMA MOHSINBHAI AADAMBHAI	M	32	IND	9	0	529	259971	174869	0.3	67.26	98	0.06	12	2.27	TRUE	1						FALSE	FALSE	FALSE	AEGJ4046	Independents	10809	5th Pass	Labourer or Daily Wage	Mechanic	
2017	13	Rajkot	Saurashtra-Kutch	RAJKOT EAST	GEN	68	DHOLAKIYA JITESHBHAI NANJIBHAI	M	43	VPP	10	0	431	259971	174869	0.25	67.26	127	0.07	12	2.27	TRUE	1						FALSE	FALSE	FALSE	AEGJ4033	Local Party	8518				
2017	13	Rajkot	Saurashtra-Kutch	RAJKOT EAST	GEN	68	MUKESHBHAI KESHVJEEBHAI RAMANEE	M	46	IND	11	0	304	259971	174869	0.17	67.26	73	0.04	12	2.27	TRUE	1						FALSE	FALSE	FALSE	AEGJ4042	Independents	10809				
2017	13	Rajkot	Saurashtra-Kutch	RAJKOT EAST	GEN	68	PARMAR REKHABEN BHARATBHAI	F	39	IND	12	0	231	259971	174869	0.13	67.26	18	0.01	12	2.27	TRUE	1						FALSE	FALSE	FALSE	AEGJ4034	Independents	10809	Graduate	Other	Household	
2017	13	Rajkot	Saurashtra-Kutch	RAJKOT EAST	GEN	68	BHAVESHBHAI RAMNIKBHAI BHALARA	M	39	IND	13	0	213	259971	174869	0.12	67.26	0	0	12	2.27	TRUE	1						FALSE	FALSE	FALSE	AEGJ4038	Independents	10809	Graduate Professional	Liberal Profession or Professional	Lawyer	
2017	13	Rajkot	Saurashtra-Kutch	RAJKOT WEST	GEN	69	VIJAY RUPANI	M	61	BJP	1	1	131586	316665	216883	60.67	68.49	53755	24.79	15	2	TRUE	1						FALSE	FALSE	FALSE	AEGJ1777	National Party	1605	Graduate Professional	Other		
2017	13	Rajkot	Saurashtra-Kutch	RAJKOT WEST	GEN	69	INDRANIL RAJGURU	M	51	INC	2	0	77831	316665	216883	35.89	68.49	74522	34.36	15	2	TRUE	1						FALSE	FALSE	FALSE	AEGJ1787	National Party	3482	12th Pass	Other		
2017	13	Rajkot	Saurashtra-Kutch	RAJKOT WEST	GEN	69	None of the Above			NOTA	3		3309	316665	216883	1.53	68.49	2111	0.97	15	2	TRUE											NOTA	5897				
2017	13	Rajkot	Saurashtra-Kutch	RAJKOT WEST	GEN	69	PARMAR VIJAYBHAI SOMABHAI	M	47	BSP	4	0	1198	316665	216883	0.55	68.49	620	0.29	15	2	TRUE	1						FALSE	FALSE	FALSE	GEGJ69556	State-based Party (Other State)	16651	12th Pass	Other		
2017	13	Rajkot	Saurashtra-Kutch	RAJKOT WEST	GEN	69	KETAN MANSUKHBHAI CHANDARANA	M	36	SHS	5	0	578	316665	216883	0.27	68.49	69	0.03	15	2	TRUE	1						FALSE	FALSE	FALSE	AEGJ4052	State-based Party (Other State)	18691	Graduate	Other		
2017	13	Rajkot	Saurashtra-Kutch	RAJKOT WEST	GEN	69	RAJENDRAKUMAR SHAMJIBHAI CHAUHAN	M	61	IND	6	0	509	316665	216883	0.23	68.49	72	0.03	15	2	TRUE	1						FALSE	FALSE	FALSE	AEGJ4076	Independents	10809	Graduate	Retired or Pension		
2017	13	Rajkot	Saurashtra-Kutch	RAJKOT WEST	GEN	69	HARIBHAI PARMAR	M	39	IND	7	0	437	316665	216883	0.2	68.49	149	0.07	15	2	TRUE	1						FALSE	FALSE	FALSE	AEGJ4077	Independents	10809	8th Pass	Agriculture		
2017	13	Rajkot	Saurashtra-Kutch	RAJKOT WEST	GEN	69	MASHRU VALLABHBHAI VIJAYKUMAR	M	27	IND	8	0	288	316665	216883	0.13	68.49	46	0.02	15	2	TRUE	1						FALSE	FALSE	FALSE	AEGJ4075	Independents	10809				
2017	13	Rajkot	Saurashtra-Kutch	RAJKOT WEST	GEN	69	MAHESHBHAI KESHUBHAI BHUT	M	31	GJCP	9	0	242	316665	216883	0.11	68.49	32	0.01	15	2	TRUE	1						FALSE	FALSE	FALSE	AEGJ4053	Local Party	3163	12th Pass	Business		
2017	13	Rajkot	Saurashtra-Kutch	RAJKOT WEST	GEN	69	BINA DIPAKBHAI LADANI	F	31	IND	10	0	210	316665	216883	0.1	68.49	21	0.01	15	2	TRUE	1						FALSE	FALSE	FALSE	AEGJ4072	Independents	10809	8th Pass	Business		
2017	13	Rajkot	Saurashtra-Kutch	RAJKOT WEST	GEN	69	JADEJA SIDDHRAJSINH SANJAYSINH	M	26	IND	11	0	189	316665	216883	0.09	68.49	70	0.03	15	2	TRUE	1						FALSE	FALSE	FALSE	AEGJ4066	Independents	10809				
2017	13	Rajkot	Saurashtra-Kutch	RAJKOT WEST	GEN	69	NARAN M. VAKATAR	M	45	IND	12	0	119	316665	216883	0.05	68.49	3	0	15	2	TRUE	1						FALSE	FALSE	FALSE	AEGJ4071	Independents	10809				
2017	13	Rajkot	Saurashtra-Kutch	RAJKOT WEST	GEN	69	DHANRAJSINH H CHAUHAN	M	25	IND	13	0	116	316665	216883	0.05	68.49	20	0.01	15	2	TRUE	1						FALSE	FALSE	FALSE	AEGJ4068	Independents	10809				
2017	13	Rajkot	Saurashtra-Kutch	RAJKOT WEST	GEN	69	CHIMANLAL KURJIBHAI BHUVA	M	68	IND	14	0	96	316665	216883	0.04	68.49	7	0	15	2	TRUE	1						FALSE	FALSE	FALSE	AEGJ4062	Independents	10809				
2017	13	Rajkot	Saurashtra-Kutch	RAJKOT WEST	GEN	69	VIRANI BHARATBHAI NAGAJIBHAI	M	45	RMNMP	15	0	89	316665	216883	0.04	68.49	3	0	15	2	TRUE	1						FALSE	FALSE	FALSE	AEGJ4054	Local Party	6342	8th Pass	Business	Real Estate or Builder or Developer or Construction	
2017	13	Rajkot	Saurashtra-Kutch	RAJKOT WEST	GEN	69	UPADDHYAY DHARMESH HASMUKHRAI	M	49	IND	16	0	86	316665	216883	0.04	68.49	0	0	15	2	TRUE	1						FALSE	FALSE	FALSE	AEGJ4056	Independents	10809				
2017	13	Rajkot	Saurashtra-Kutch	RAJKOT SOUTH	GEN	70	GOVINDBHAI PATEL	M	68	BJP	1	3	98951	242482	156612	63.18	64.59	47121	30.09	10	1.96	TRUE	4	BJP	1605	RAJKOT SOUTH	TRUE	TRUE	FALSE	TRUE	TRUE	AEGJ13397	National Party	1605	Graduate	Business		Agriculture
2017	13	Rajkot	Saurashtra-Kutch	RAJKOT SOUTH	GEN	70	DR. DINESH CHOVATIYA	M	46	INC	2	0	51830	242482	156612	33.09	64.59	49579	31.66	10	1.96	TRUE	1						FALSE	FALSE	FALSE	AEGJ1771	National Party	3482	Doctorate	Other		
2017	13	Rajkot	Saurashtra-Kutch	RAJKOT SOUTH	GEN	70	None of the Above			NOTA	3		2251	242482	156612	1.44	64.59	723	0.46	10	1.96	TRUE											NOTA	5897				
2017	13	Rajkot	Saurashtra-Kutch	RAJKOT SOUTH	GEN	70	ANJU PADALIYA	F	38	BSP	4	0	1528	242482	156612	0.98	64.59	1011	0.65	10	1.96	TRUE	1						FALSE	FALSE	FALSE	AEGJ4087	State-based Party (Other State)	16651	10th Pass	Small Business or Self-employed		
2017	13	Rajkot	Saurashtra-Kutch	RAJKOT SOUTH	GEN	70	DESAI VINODBHAI NANJIBHAI	M	42	NCP	5	0	517	242482	156612	0.33	64.59	128	0.08	10	1.96	TRUE	1						FALSE	FALSE	FALSE	AEGJ4088	State-based Party (Other State)	5792	10th Pass	Business		
2017	13	Rajkot	Saurashtra-Kutch	RAJKOT SOUTH	GEN	70	VINODBHAI NANALAL MAKVANA	M	63	IND	6	0	389	242482	156612	0.25	64.59	105	0.07	10	1.96	TRUE	1						FALSE	FALSE	FALSE	AEGJ4104	Independents	10809	10th Pass	Labourer or Daily Wage		
2017	13	Rajkot	Saurashtra-Kutch	RAJKOT SOUTH	GEN	70	GIRISHBHAI VALLABHABHAI MARAVIYA (PATEL)	M	39	AAAP	7	0	284	242482	156612	0.18	64.59	1	0	10	1.96	TRUE	1						FALSE	FALSE	FALSE	AEGJ4090	State-based Party (Other State)	13				
2017	13	Rajkot	Saurashtra-Kutch	RAJKOT SOUTH	GEN	70	JASPALSINH MAHAVIRSINH TOMAR	M	33	IND	8	0	283	242482	156612	0.18	64.59	53	0.03	10	1.96	TRUE	1						FALSE	FALSE	FALSE	AEGJ4097	Independents	10809	Others	Salaried Work or Employed		Small Business or Self-employed
2017	13	Rajkot	Saurashtra-Kutch	RAJKOT SOUTH	GEN	70	NISHANTBHAI PATEL	M	32	SHS	9	0	230	242482	156612	0.15	64.59	44	0.03	10	1.96	TRUE	1						FALSE	FALSE	FALSE	AEGJ4094	State-based Party (Other State)	18691	10th Pass	Social Work		
2017	13	Rajkot	Saurashtra-Kutch	RAJKOT SOUTH	GEN	70	KUBAVAT ATULBHAI KANUBHAI	M	49	IND	10	0	186	242482	156612	0.12	64.59	23	0.01	10	1.96	TRUE	2	JD(U)	11002	TANKARA	FALSE	FALSE	FALSE	FALSE	FALSE	AEGJ4096	Independents	10809	Others	Education	School Teacher	
2017	13	Rajkot	Saurashtra-Kutch	RAJKOT SOUTH	GEN	70	AZIZ IQBALBHAI VIRANI	M	37	IND	11	0	163	242482	156612	0.1	64.59	0	0	10	1.96	TRUE	1						FALSE	FALSE	FALSE	AEGJ4095	Independents	10809				
2017	13	Rajkot	Saurashtra-Kutch	RAJKOT RURAL	SC	71	LAKHABHAI SAGATHIYA	M	49	BJP	1	1	92114	300047	193199	47.68	64.39	2179	1.13	14	2.22	TRUE	1						FALSE	FALSE	FALSE	AEGJ1759	National Party	1605	8th Pass	Agriculture		
2017	13	Rajkot	Saurashtra-Kutch	RAJKOT RURAL	SC	71	VASHRAMBHAI ALABHAI SAGATHIYA	M	52	INC	2	0	89935	300047	193199	46.55	64.39	86612	44.83	14	2.22	TRUE	1						FALSE	FALSE	FALSE	AEGJ1763	National Party	3482	Graduate Professional	Agriculture		Social Work
2017	13	Rajkot	Saurashtra-Kutch	RAJKOT RURAL	SC	71	KIRANBHAI DHANJIBHAI MAKWANA	M	35	BSP	3	0	3323	300047	193199	1.72	64.39	764	0.4	14	2.22	TRUE	1						FALSE	FALSE	FALSE	AEGJ4115	State-based Party (Other State)	16651	10th Pass	Other		
2017	13	Rajkot	Saurashtra-Kutch	RAJKOT RURAL	SC	71	None of the Above			NOTA	4		2559	300047	193199	1.32	64.39	1637	0.85	14	2.22	TRUE											NOTA	5897				
2017	13	Rajkot	Saurashtra-Kutch	RAJKOT RURAL	SC	71	SAGATHIYA JAYESH DINESHBHAI	M	26	IND	5	0	922	300047	193199	0.48	64.39	42	0.02	14	2.22	TRUE	1						FALSE	FALSE	FALSE	AEGJ4146	Independents	10809	5th Pass	Labourer or Daily Wage	Painter	
2017	13	Rajkot	Saurashtra-Kutch	RAJKOT RURAL	SC	71	HARSHAD RAGHUBHAI MAKWANA	M	40	NCP	6	0	880	300047	193199	0.46	64.39	60	0.03	14	2.22	TRUE	1						FALSE	FALSE	FALSE	AEGJ4118	State-based Party (Other State)	5792	Graduate Professional	Liberal Profession or Professional	Lawyer	
2017	13	Rajkot	Saurashtra-Kutch	RAJKOT RURAL	SC	71	SATISHBHAI MULJIBHAI SAGATHIYA	M	31	IND	7	0	820	300047	193199	0.42	64.39	227	0.12	14	2.22	TRUE	1						FALSE	FALSE	FALSE	AEGJ4145	Independents	10809				
2017	13	Rajkot	Saurashtra-Kutch	RAJKOT RURAL	SC	71	MAKWANA KAUSHIKBHAI MULAJIBHAI	M	31	IND	8	0	593	300047	193199	0.31	64.39	224	0.12	14	2.22	TRUE	1						FALSE	FALSE	FALSE	AEGJ4142	Independents	10809				
2017	13	Rajkot	Saurashtra-Kutch	RAJKOT RURAL	SC	71	DR. DEGDA JAYESHBHAI SOMABHAI	M	30	IND	9	0	369	300047	193199	0.19	64.39	6	0	14	2.22	TRUE	1						FALSE	FALSE	FALSE	AEGJ4134	Independents	10809	Graduate Professional	Other		
2017	13	Rajkot	Saurashtra-Kutch	RAJKOT RURAL	SC	71	DANGAR RAMESHBHAI LALJIBHAI	M	40	IND	10	0	363	300047	193199	0.19	64.39	3	0	14	2.22	TRUE	1						FALSE	FALSE	FALSE	AEGJ4130	Independents	10809	5th Pass	Labourer or Daily Wage	Taxi Driver	
2017	13	Rajkot	Saurashtra-Kutch	RAJKOT RURAL	SC	71	PUNJABHAI ARJANBHAI SOLANKI	M	57	IND	11	0	360	300047	193199	0.19	64.39	79	0.04	14	2.22	TRUE	1						FALSE	FALSE	FALSE	AEGJ4137	Independents	10809				
2017	13	Rajkot	Saurashtra-Kutch	RAJKOT RURAL	SC	71	DENGADA PRAVINBHAI MEGHJIBHAI	M	55	IND	12	0	281	300047	193199	0.15	64.39	28	0.01	14	2.22	TRUE	3	IND	10809	RAJKOT WEST | RAJKOT RURAL	TRUE	TRUE	FALSE	FALSE	TRUE	AEGJ10591	Independents	10809	Literate	Social Work		
2017	13	Rajkot	Saurashtra-Kutch	RAJKOT RURAL	SC	71	DINESHBHAI BABUBHAI PARMAR	M	37	IND	13	0	253	300047	193199	0.13	64.39	26	0.01	14	2.22	TRUE	1						FALSE	FALSE	FALSE	AEGJ4132	Independents	10809	5th Pass	Other		
2017	13	Rajkot	Saurashtra-Kutch	RAJKOT RURAL	SC	71	HARSHADBHAI NATHABHAI DHAMMAR	M	42	SVPP	14	0	227	300047	193199	0.12	64.39	27	0.01	14	2.22	TRUE	1						FALSE	FALSE	FALSE	AEGJ4121	Local Party	7682	10th Pass	Business	Contractor	
2017	13	Rajkot	Saurashtra-Kutch	RAJKOT RURAL	SC	71	KISHANBHAI KHIMJIBHAI PARMAR	M	34	IND	15	0	200	300047	193199	0.1	64.39	0	0	14	2.22	TRUE	1						FALSE	FALSE	FALSE	AEGJ4123	Independents	10809	8th Pass	Labourer or Daily Wage		
2017	13	Rajkot	Saurashtra-Kutch	JASDAN	GEN	72	BAVALIYA KUNVARJIBHAI MOHANBHAI	M	62	INC	1	5	84321	228733	168991	49.9	73.88	9277	5.49	15	2.22	FALSE	7	INC	3482	BOTAD	FALSE	TRUE	FALSE	FALSE	TRUE	AEGJ101142	National Party	3482	Graduate Professional	Agriculture		
2017	13	Rajkot	Saurashtra-Kutch	JASDAN	GEN	72	DR.BHARAT KHODABHAI BOGHARA	M	39	BJP	2	0	75044	228733	168991	44.41	73.88	72540	42.93	15	2.22	FALSE	2	BJP	1605	JASDAN	TRUE	TRUE	FALSE	FALSE	TRUE	AEGJ13421	National Party	1605	Graduate Professional	Other		
2017	13	Rajkot	Saurashtra-Kutch	JASDAN	GEN	72	None of the Above			NOTA	3		2504	228733	168991	1.48	73.88	1012	0.6	15	2.22	FALSE											NOTA	5897				
2017	13	Rajkot	Saurashtra-Kutch	JASDAN	GEN	72	RAJPARA MAGANBHAI JADAVBHAI	M	58	IND	4	0	1492	228733	168991	0.88	73.88	548	0.32	15	2.22	FALSE	1						FALSE	FALSE	FALSE	AEGJ4212	Independents	10809	5th Pass	Agriculture		
2017	13	Rajkot	Saurashtra-Kutch	JASDAN	GEN	72	RATHOD VIRDASBHAI NANJIBHAI	M	54	BSP	5	0	944	228733	168991	0.56	73.88	103	0.06	15	2.22	FALSE	1						FALSE	FALSE	FALSE	AEGJ4151	State-based Party (Other State)	16651	10th Pass	Agriculture		
2017	13	Rajkot	Saurashtra-Kutch	JASDAN	GEN	72	RAJPARA MANUBHAI SAVSIBHAI	M	48	AINHCP	6	0	841	228733	168991	0.5	73.88	158	0.09	15	2.22	FALSE	1						FALSE	FALSE	FALSE	AEGJ4165	Local Party	662	Literate	Agriculture		
2017	13	Rajkot	Saurashtra-Kutch	JASDAN	GEN	72	PARMAR VALLABHBHAI MITHABHAI	M	46	GJCP	7	0	683	228733	168991	0.4	73.88	68	0.04	15	2.22	FALSE	1						FALSE	FALSE	FALSE	AEGJ4152	Local Party	3163	5th Pass	Business		
2017	13	Rajkot	Saurashtra-Kutch	JASDAN	GEN	72	MOTIBHAI GOKALBHAI RAJPARA	M	46	IND	8	0	615	228733	168991	0.36	73.88	209	0.12	15	2.22	FALSE	1						FALSE	FALSE	FALSE	AEGJ4207	Independents	10809	Literate	Agriculture		
2017	13	Rajkot	Saurashtra-Kutch	JASDAN	GEN	72	MANKOLIYA BHARATBHAI JESABHAI	M	42	IND	9	0	406	228733	168991	0.24	73.88	38	0.02	15	2.22	FALSE	1						FALSE	FALSE	FALSE	AEGJ4204	Independents	10809	Graduate	Other		
2017	13	Rajkot	Saurashtra-Kutch	JASDAN	GEN	72	SARIYA HARJIBHAI PUNABHAI	M	51	VPP	10	0	368	228733	168991	0.22	73.88	8	0	15	2.22	FALSE	1						FALSE	FALSE	FALSE	AEGJ4175	Local Party	8518				
2017	13	Rajkot	Saurashtra-Kutch	JASDAN	GEN	72	SHAKORIYA HASMUKHBHAI NARANBHAI	M	29	SHS	11	0	360	228733	168991	0.21	73.88	22	0.01	15	2.22	FALSE	1						FALSE	FALSE	FALSE	AEGJ4167	State-based Party (Other State)	18691	10th Pass	Business		
2017	13	Rajkot	Saurashtra-Kutch	JASDAN	GEN	72	DINESHBHAI KHIMJIBHAI RATHOD	M	37	IND	12	0	338	228733	168991	0.2	73.88	26	0.02	15	2.22	FALSE	1						FALSE	FALSE	FALSE	AEGJ4192	Independents	10809				
2017	13	Rajkot	Saurashtra-Kutch	JASDAN	GEN	72	KANUBHAI ALABHAI RATHOD	M	35	IND	13	0	312	228733	168991	0.18	73.88	38	0.02	15	2.22	FALSE	1						FALSE	FALSE	FALSE	AEGJ4176	Independents	10809	10th Pass	Labourer or Daily Wage		
2017	13	Rajkot	Saurashtra-Kutch	JASDAN	GEN	72	PARESHBHAI KURAJIBHAI ROJASARA	M	29	IND	14	0	274	228733	168991	0.16	73.88	18	0.01	15	2.22	FALSE	1						FALSE	FALSE	FALSE	AEGJ4201	Independents	10809	Post Graduate	Agriculture		
2017	13	Rajkot	Saurashtra-Kutch	JASDAN	GEN	72	GORADHANBHAI AMARASHIBHAI TAVIYA	M	49	IND	15	0	256	228733	168991	0.15	73.88	23	0.01	15	2.22	FALSE	1						FALSE	FALSE	FALSE	AEGJ4181	Independents	10809	5th Pass	Small Business or Self-employed	Self-employed	
2017	13	Rajkot	Saurashtra-Kutch	JASDAN	GEN	72	TAVIYA RANCHHODBHAI DHARAMSHIBHAI	M	46	IND	16	0	233	228733	168991	0.14	73.88	0	0	15	2.22	FALSE	1						FALSE	FALSE	FALSE	AEGJ4186	Independents	10809	Literate	Agriculture		
2017	13	Rajkot	Saurashtra-Kutch	GONDAL	GEN	73	JADEJA GEETABA JAYRAJSINH	F	49	BJP	1	1	70506	213031	139875	50.41	65.66	15397	11.01	12	2.44	TRUE	1						FALSE	FALSE	FALSE	AEGJ777	National Party	1605	10th Pass	Agriculture		
2017	13	Rajkot	Saurashtra-Kutch	GONDAL	GEN	73	KHATARIYA ARJUNBHAI GHANSHYAMBHAI	M	41	INC	2	0	55109	213031	139875	39.4	65.66	49105	35.11	12	2.44	TRUE	1						FALSE	FALSE	FALSE	AEGJ804	National Party	3482	Graduate	Agriculture		
2017	13	Rajkot	Saurashtra-Kutch	GONDAL	GEN	73	JADEJA OMDEVSINH PRABHATSINH	M	41	NCP	3	0	6004	213031	139875	4.29	65.66	3409	2.44	12	2.44	TRUE	1						FALSE	FALSE	FALSE	AEGJ4215	State-based Party (Other State)	5792	Graduate Professional	Other		
2017	13	Rajkot	Saurashtra-Kutch	GONDAL	GEN	73	None of the Above			NOTA	4		2595	213031	139875	1.86	65.66	416	0.3	12	2.44	TRUE											NOTA	5897				
2017	13	Rajkot	Saurashtra-Kutch	GONDAL	GEN	73	KHUNT NIMISHABEN DHIRAJLAL	F	38	AAAP	5	0	2179	213031	139875	1.56	65.66	969	0.69	12	2.44	TRUE	1						FALSE	FALSE	FALSE	AEGJ4228	State-based Party (Other State)	13				
2017	13	Rajkot	Saurashtra-Kutch	GONDAL	GEN	73	SAKHIYA RAJESHBHAI LALJIBHAI	M	39	BSP	6	0	1210	213031	139875	0.87	65.66	419	0.3	12	2.44	TRUE	1						FALSE	FALSE	FALSE	AEGJ4216	State-based Party (Other State)	16651	10th Pass	Business	Rent	Agriculture
2017	13	Rajkot	Saurashtra-Kutch	GONDAL	GEN	73	LAVADIYA UGABHAI GHUSABHAI	M	37	IND	7	0	791	213031	139875	0.57	65.66	310	0.22	12	2.44	TRUE	1						FALSE	FALSE	FALSE	AEGJ4270	Independents	10809	10th Pass	Labourer or Daily Wage		
2017	13	Rajkot	Saurashtra-Kutch	GONDAL	GEN	73	VARDHANI MUKESHBHAI DHOLUMAL	M	47	IND	8	0	481	213031	139875	0.34	65.66	197	0.14	12	2.44	TRUE	2	IND	10809	GONDAL	TRUE	TRUE	FALSE	FALSE	TRUE	AEGJ13426	Independents	10809	Graduate Professional	Liberal Profession or Professional	Lawyer	
2017	13	Rajkot	Saurashtra-Kutch	GONDAL	GEN	73	RADADIYA CHIRAGBHAI CHANDUBHAI	M	27	IND	9	0	284	213031	139875	0.2	65.66	76	0.05	12	2.44	TRUE	1						FALSE	FALSE	FALSE	AEGJ4266	Independents	10809	10th Pass	Labourer or Daily Wage	Construction	Agriculture
2017	13	Rajkot	Saurashtra-Kutch	GONDAL	GEN	73	CHANDUBHAI BACHUBHAI VAGHASIYA	M	54	BNJD	10	1	208	213031	139875	0.15	65.66	27	0.02	12	2.44	TRUE	3	NCP	5792	GONDAL	TRUE	FALSE	TRUE	FALSE	TRUE	AEGJ11625	Local Party	9441	5th Pass	Business		
2017	13	Rajkot	Saurashtra-Kutch	GONDAL	GEN	73	KHATARIYA DHARMESHBHAI BHUPATBHAI	M	32	IND	11	0	181	213031	139875	0.13	65.66	9	0.01	12	2.44	TRUE	1						FALSE	FALSE	FALSE	AEGJ4261	Independents	10809	10th Pass	Labourer or Daily Wage		
2017	13	Rajkot	Saurashtra-Kutch	GONDAL	GEN	73	JAYESHKUMAR GHOGHABHAI VADODARIYA	M	34	AINHCP	12	0	172	213031	139875	0.12	65.66	17	0.01	12	2.44	TRUE	1						FALSE	FALSE	FALSE	AEGJ4236	Local Party	662	8th Pass	Business		
2017	13	Rajkot	Saurashtra-Kutch	GONDAL	GEN	73	PANDYA RUSHIKESHBHAI MANSUKHBHAI	M	41	BRP	13	0	155	213031	139875	0.11	65.66	0	0	12	2.44	TRUE	1						FALSE	FALSE	FALSE	AEGJ4242	Local Party	2018				
2017	13	Rajkot	Saurashtra-Kutch	JETPUR	GEN	74	RADADIYA JAYESHBHAI VITTHALBHAI	M	35	BJP	1	2	98948	253374	179726	55.05	70.93	25581	14.23	9	2.13	TRUE	3	INC	3482	JETPUR	TRUE	FALSE	TRUE	FALSE	FALSE	AEGJ13442	National Party	1605	Graduate Professional	Agriculture		Social Work
2017	13	Rajkot	Saurashtra-Kutch	JETPUR	GEN	74	AMBALIYA RAVIBHAI JAMANADAS	M	40	INC	2	0	73367	253374	179726	40.82	70.93	70231	39.08	9	2.13	TRUE	1						FALSE	FALSE	FALSE	AEGJ1181	National Party	3482	10th Pass	Other		
2017	13	Rajkot	Saurashtra-Kutch	JETPUR	GEN	74	None of the Above			NOTA	3		3136	253374	179726	1.74	70.93	2071	1.15	9	2.13	TRUE											NOTA	5897				
2017	13	Rajkot	Saurashtra-Kutch	JETPUR	GEN	74	CHAVDA DINESHKUMAR MENANDBHAI	M	40	BSP	4	0	1065	253374	179726	0.59	70.93	360	0.2	9	2.13	TRUE	1						FALSE	FALSE	FALSE	AEGJ4284	State-based Party (Other State)	16651	5th Pass	Labourer or Daily Wage		
2017	13	Rajkot	Saurashtra-Kutch	JETPUR	GEN	74	ALPESH VALLABHBHAI VADOLIYA (108)	M	32	IND	5	0	705	253374	179726	0.39	70.93	75	0.04	9	2.13	TRUE	1						FALSE	FALSE	FALSE	AEGJ4287	Independents	10809				
2017	13	Rajkot	Saurashtra-Kutch	JETPUR	GEN	74	SONDARVA ASHOK NANJI	M	51	IND	6	0	630	253374	179726	0.35	70.93	22	0.01	9	2.13	TRUE	2	IND	10809	DHORAJI	FALSE	TRUE	FALSE	FALSE	FALSE	AEGJ13460	Independents	10809	Graduate Professional	Liberal Profession or Professional	Lawyer	
2017	13	Rajkot	Saurashtra-Kutch	JETPUR	GEN	74	RADADIYA VIMAL VRAJLAL	M	27	IND	7	0	608	253374	179726	0.34	70.93	8	0	9	2.13	TRUE	1						FALSE	FALSE	FALSE	AEGJ4292	Independents	10809				
2017	13	Rajkot	Saurashtra-Kutch	JETPUR	GEN	74	PATEL MAYUR CHANDULAL	M	28	NCP	8	0	600	253374	179726	0.33	70.93	253	0.14	9	2.13	TRUE	1						FALSE	FALSE	FALSE	AEGJ4285	State-based Party (Other State)	5792	Post Graduate	Business	Real Estate or Builder or Developer or Construction	
2017	13	Rajkot	Saurashtra-Kutch	JETPUR	GEN	74	RADADIYA MAHESH MANSUKHLAL	M	29	IND	9	0	347	253374	179726	0.19	70.93	27	0.02	9	2.13	TRUE	1						FALSE	FALSE	FALSE	AEGJ4290	Independents	10809	8th Pass	Agriculture		
2017	13	Rajkot	Saurashtra-Kutch	JETPUR	GEN	74	SAVALIYA VIJAYBHAI JAGDISHBHAI	M	28	IND	10	0	320	253374	179726	0.18	70.93	0	0	9	2.13	TRUE	1						FALSE	FALSE	FALSE	AEGJ4295	Independents	10809	8th Pass	Labourer or Daily Wage		
2017	13	Rajkot	Saurashtra-Kutch	DHORAJI	GEN	75	LALIT VASOYA	M	55	INC	1	1	85070	250456	158217	53.77	63.17	25085	15.85	17	2.33	TRUE	1						FALSE	FALSE	FALSE	AEGJ500	National Party	3482	12th Pass	Agriculture		
2017	13	Rajkot	Saurashtra-Kutch	DHORAJI	GEN	75	PATEL HARIBHAI	M	64	BJP	2	0	59985	250456	158217	37.91	63.17	57786	36.52	17	2.33	TRUE	2	BJP	1605	DHORAJI	TRUE	TRUE	FALSE	FALSE	FALSE	AEGJ13458	National Party	1605	8th Pass	Agriculture		
2017	13	Rajkot	Saurashtra-Kutch	DHORAJI	GEN	75	CHUDASAMA HARPALSINH RANJITSINH	M	31	AINHCP	3	0	2199	250456	158217	1.39	63.17	173	0.11	17	2.33	TRUE	1						FALSE	FALSE	FALSE	AEGJ4320	Local Party	662	10th Pass	Agriculture		Social Work
2017	13	Rajkot	Saurashtra-Kutch	DHORAJI	GEN	75	SONDARAVA ASHOK NANJI	M	51	IND	4	0	2026	250456	158217	1.28	63.17	100	0.06	17	2.33	TRUE	2	IND	10809	DHORAJI	TRUE	TRUE	FALSE	FALSE	FALSE	AEGJ13460	Independents	10809				
2017	13	Rajkot	Saurashtra-Kutch	DHORAJI	GEN	75	BHASKER MANHARLAL KARSANJI	M	47	BSP	5	0	1926	250456	158217	1.22	63.17	702	0.44	17	2.33	TRUE	1						FALSE	FALSE	FALSE	AEGJ4313	State-based Party (Other State)	16651	Graduate Professional	Liberal Profession or Professional	Lawyer	
2017	13	Rajkot	Saurashtra-Kutch	DHORAJI	GEN	75	PARMAR SAHID ABDULBHAI (HEDLI)	M	31	IND	6	0	1224	250456	158217	0.77	63.17	20	0.01	17	2.33	TRUE	1						FALSE	FALSE	FALSE	AEGJ4380	Independents	10809				
2017	13	Rajkot	Saurashtra-Kutch	DHORAJI	GEN	75	None of the Above			NOTA	7		1204	250456	158217	0.76	63.17	21	0.01	17	2.33	TRUE											NOTA	5897				
2017	13	Rajkot	Saurashtra-Kutch	DHORAJI	GEN	75	SONDARVA VASHRAMBHAI BACHUBHAI	M	41	IND	8	0	1183	250456	158217	0.75	63.17	289	0.18	17	2.33	TRUE	1						FALSE	FALSE	FALSE	AEGJ4395	Independents	10809	5th Pass	Labourer or Daily Wage		
2017	13	Rajkot	Saurashtra-Kutch	DHORAJI	GEN	75	DER JETHABHAI FOGALBHAI	M	73	SP	9	0	894	250456	158217	0.57	63.17	358	0.23	17	2.33	TRUE	6	IND	10809	DHORAJI	TRUE	FALSE	FALSE	FALSE	FALSE	AEGJ13465	State-based Party (Other State)	7425	12th Pass	Agriculture		
2017	13	Rajkot	Saurashtra-Kutch	DHORAJI	GEN	75	SAMA AMINBHAI ISHAKBHAI	M	37	IND	10	0	536	250456	158217	0.34	63.17	142	0.09	17	2.33	TRUE	2	IND	10809	DHORAJI	TRUE	TRUE	FALSE	FALSE	FALSE	AEGJ13453	Independents	10809	10th Pass	Labourer or Daily Wage	Truck Driver	
2017	13	Rajkot	Saurashtra-Kutch	DHORAJI	GEN	75	CHAVDA PARESHKUMAR GIRDHARLAL	M	40	IND	11	0	394	250456	158217	0.25	63.17	45	0.03	17	2.33	TRUE	1						FALSE	FALSE	FALSE	AEGJ4377	Independents	10809				
2017	13	Rajkot	Saurashtra-Kutch	DHORAJI	GEN	75	KIRTIKUMAR BAVANJIBHAI MARVANIYA	M	56	IND	12	0	349	250456	158217	0.22	63.17	10	0.01	17	2.33	TRUE	2	IND	10809	DHORAJI	TRUE	TRUE	FALSE	FALSE	FALSE	AEGJ13456	Independents	10809				
2017	13	Rajkot	Saurashtra-Kutch	DHORAJI	GEN	75	HARDIKKUMAR HARSHADBHAI VACHHANI	M	27	AAAP	13	0	339	250456	158217	0.21	63.17	70	0.04	17	2.33	TRUE	1						FALSE	FALSE	FALSE	AEGJ4373	State-based Party (Other State)	13				
2017	13	Rajkot	Saurashtra-Kutch	DHORAJI	GEN	75	MONABEN DUSHYANTKUMAR BALDANIYA	F	27	GJCP	14	0	269	250456	158217	0.17	63.17	99	0.06	17	2.33	TRUE	1						FALSE	FALSE	FALSE	AEGJ4334	Local Party	3163	Others	Other	Household	
2017	13	Rajkot	Saurashtra-Kutch	DHORAJI	GEN	75	SUTARIYA MANISHABEN NILESHBHAI	F	42	JD(U)	15	0	170	250456	158217	0.11	63.17	2	0	17	2.33	TRUE	1						FALSE	FALSE	FALSE	AEGJ4366	State-based Party (Other State)	11002	12th Pass	Labourer or Daily Wage		
2017	13	Rajkot	Saurashtra-Kutch	DHORAJI	GEN	75	VAGHAMSHI VIPULBHAI HASMUKHBHAI	M	33	SVPP	16	0	168	250456	158217	0.11	63.17	13	0.01	17	2.33	TRUE	1						FALSE	FALSE	FALSE	AEGJ4357	Local Party	7682	Graduate	Business		
2017	13	Rajkot	Saurashtra-Kutch	DHORAJI	GEN	75	VAKIL VINZUDA RANJIT NARANBHAI	M	59	NBNM	17	0	155	250456	158217	0.1	63.17	29	0.02	17	2.33	TRUE	4	IND	10809	DHORAJI	TRUE	FALSE	FALSE	FALSE	FALSE	AEGJ13452	Local Party	5835	Graduate Professional	Liberal Profession or Professional	Lawyer	
2017	13	Rajkot	Saurashtra-Kutch	DHORAJI	GEN	75	DHARAR JAHIRBHAI JAVIDBHAI	M	30	RAJPA	18	0	126	250456	158217	0.08	63.17	0	0	17	2.33	TRUE	1						FALSE	FALSE	FALSE	AEGJ4327	Local Party	6567	8th Pass	Other		
2017	13	Jamnagar	Saurashtra-Kutch	KALAWAD	SC	76	MUSADIYA PRAVINBHAI NARASHIBHAI	M	46	INC	1	1	78085	215045	131351	59.45	61.08	32951	25.09	9	2.13	TRUE	1						FALSE	FALSE	FALSE	AEGJ1216	National Party	3482	Graduate	Social Work		
2017	13	Jamnagar	Saurashtra-Kutch	KALAWAD	SC	76	GHAIYADA MULJIBHAI DAYABHAI	M	53	BJP	2	0	45134	215045	131351	34.36	61.08	42398	32.28	9	2.13	TRUE	1						FALSE	FALSE	FALSE	AEGJ1215	National Party	1605	10th Pass	Agriculture		
2017	13	Jamnagar	Saurashtra-Kutch	KALAWAD	SC	76	None of the Above			NOTA	3		2736	215045	131351	2.08	61.08	551	0.42	9	2.13	TRUE											NOTA	5897				
2017	13	Jamnagar	Saurashtra-Kutch	KALAWAD	SC	76	SONDARVA DAMJIBHAI NAJABHAI	M	37	BSP	4	0	2185	215045	131351	1.66	61.08	777	0.59	9	2.13	TRUE	1						FALSE	FALSE	FALSE	AEGJ4397	State-based Party (Other State)	16651	10th Pass	Business	Contractor	
2017	13	Jamnagar	Saurashtra-Kutch	KALAWAD	SC	76	SINGAL MAVJIBHAI MANJIBHAI	M	52	IND	5	0	1408	215045	131351	1.07	61.08	963	0.73	9	2.13	TRUE	1						FALSE	FALSE	FALSE	AEGJ4412	Independents	10809				
2017	13	Jamnagar	Saurashtra-Kutch	KALAWAD	SC	76	VAGHELA GAUTAMBHAI MANGABHAI	M	32	IND	6	0	445	215045	131351	0.34	61.08	37	0.03	9	2.13	TRUE	1						FALSE	FALSE	FALSE	AEGJ4411	Independents	10809				
2017	13	Jamnagar	Saurashtra-Kutch	KALAWAD	SC	76	MAKWANA ASHOKBHAI (KALI) PINAKINBHAI	M	48	AINHCP	7	0	408	215045	131351	0.31	61.08	74	0.06	9	2.13	TRUE	1						FALSE	FALSE	FALSE	AEGJ4405	Local Party	662	Graduate	Labourer or Daily Wage	Truck Driver	
2017	13	Jamnagar	Saurashtra-Kutch	KALAWAD	SC	76	KHARA DEVJIBHAI ALABHAI	M	43	IND	8	0	334	215045	131351	0.25	61.08	2	0	9	2.13	TRUE	1						FALSE	FALSE	FALSE	AEGJ4449	Independents	10809				
2017	13	Jamnagar	Saurashtra-Kutch	KALAWAD	SC	76	PADHIYAR LALJIBHAI KARABHAI	M	75	RPI	9	0	332	215045	131351	0.25	61.08	48	0.04	9	2.13	TRUE	2	IND	10809	KALAWAD	TRUE	FALSE	FALSE	FALSE	TRUE	AEGJ4399	State-based Party (Other State)	6911	Literate	Social Work		
2017	13	Jamnagar	Saurashtra-Kutch	KALAWAD	SC	76	DIPAKBHAI NATHABHAI VAGHELA	M	41	IND	10	0	284	215045	131351	0.22	61.08	0	0	9	2.13	TRUE	1						FALSE	FALSE	FALSE	AEGJ4410	Independents	10809	8th Pass	Labourer or Daily Wage		
2017	13	Jamnagar	Saurashtra-Kutch	JAMNAGAR RURAL	GEN	77	DHARAVIYA VALLABHBHAI VELJIBHAI	M	48	INC	1	1	70750	223389	148056	47.79	66.28	6397	4.32	27	2.38	FALSE	1						FALSE	FALSE	FALSE	AEGJ1141	National Party	3482	5th Pass	Agriculture		
2017	13	Jamnagar	Saurashtra-Kutch	JAMNAGAR RURAL	GEN	77	PATEL RAGHAVJIBHAI HANSARAJBHAI	M	58	BJP	2	4	64353	223389	148056	43.47	66.28	61930	41.83	27	2.38	FALSE	8	INC	3482	JAMNAGAR RURAL	TRUE	FALSE	TRUE	TRUE	TRUE	AEGJ13474	National Party	1605	Graduate Professional	Agriculture		
2017	13	Jamnagar	Saurashtra-Kutch	JAMNAGAR RURAL	GEN	77	GORI ALI MAMADBHAI	M	34	IND	3	0	2423	223389	148056	1.64	66.28	900	0.61	27	2.38	FALSE	1						FALSE	FALSE	FALSE	AEGJ4459	Independents	10809	5th Pass	Other		
2017	13	Jamnagar	Saurashtra-Kutch	JAMNAGAR RURAL	GEN	77	None of the Above			NOTA	4		1523	223389	148056	1.03	66.28	35	0.02	27	2.38	FALSE											NOTA	5897				
2017	13	Jamnagar	Saurashtra-Kutch	JAMNAGAR RURAL	GEN	77	GANDHA ISMAILBHAI JUMABHAI	M	45	IND	5	0	1488	223389	148056	1.01	66.28	671	0.45	27	2.38	FALSE	1						FALSE	FALSE	FALSE	AEGJ4460	Independents	10809				
2017	13	Jamnagar	Saurashtra-Kutch	JAMNAGAR RURAL	GEN	77	KHOL RAJAKBHAI ALIBHAI	M	30	IND	6	0	817	223389	148056	0.55	66.28	96	0.06	27	2.38	FALSE	1						FALSE	FALSE	FALSE	AEGJ4458	Independents	10809				
2017	13	Jamnagar	Saurashtra-Kutch	JAMNAGAR RURAL	GEN	77	CHINTAN JAGJIVANBHAI KALAVADIYA	M	34	IND	7	0	721	223389	148056	0.49	66.28	40	0.03	27	2.38	FALSE	1						FALSE	FALSE	FALSE	AEGJ4462	Independents	10809				
2017	13	Jamnagar	Saurashtra-Kutch	JAMNAGAR RURAL	GEN	77	MARAKANA JAYESH HARJIBHAI	M	30	NCP	8	0	681	223389	148056	0.46	66.28	42	0.03	27	2.38	FALSE	1						FALSE	FALSE	FALSE	AEGJ4413	State-based Party (Other State)	5792	12th Pass	Business		
2017	13	Jamnagar	Saurashtra-Kutch	JAMNAGAR RURAL	GEN	77	SUMBHANIYA JAVIDBHAI AHEMADBHAI	M	33	IND	9	0	639	223389	148056	0.43	66.28	270	0.18	27	2.38	FALSE	1						FALSE	FALSE	FALSE	AEGJ4511	Independents	10809				
2017	13	Jamnagar	Saurashtra-Kutch	JAMNAGAR RURAL	GEN	77	JADEJA ASHOKSINH VAJESANG	M	47	LOGAP	10	0	369	223389	148056	0.25	66.28	11	0.01	27	2.38	FALSE	1						FALSE	FALSE	FALSE	AEGJ4425	Local Party	5013				
2017	13	Jamnagar	Saurashtra-Kutch	JAMNAGAR RURAL	GEN	77	KHOD ABDULKARIMBHAI NURMAMADBHAI	M	42	IND	11	0	358	223389	148056	0.24	66.28	26	0.02	27	2.38	FALSE	1						FALSE	FALSE	FALSE	AEGJ4450	Independents	10809	5th Pass	Other		
2017	13	Jamnagar	Saurashtra-Kutch	JAMNAGAR RURAL	GEN	77	LOKHIL MANUBHAI RANABHAI AHIR	M	46	IND	12	0	332	223389	148056	0.22	66.28	5	0	27	2.38	FALSE	2	IND	10809	JAMNAGAR RURAL	TRUE	TRUE	FALSE	FALSE	TRUE	AEGJ13485	Independents	10809	10th Pass	Agriculture		
2017	13	Jamnagar	Saurashtra-Kutch	JAMNAGAR RURAL	GEN	77	PARESHKUMAR BHANUBHAI BHANDERI	M	39	AAAP	13	0	327	223389	148056	0.22	66.28	8	0.01	27	2.38	FALSE	1						FALSE	FALSE	FALSE	AEGJ4426	State-based Party (Other State)	13				
2017	13	Jamnagar	Saurashtra-Kutch	JAMNAGAR RURAL	GEN	77	KHARA DEVJIBHAI ALABHAI	M	43	IND	14	0	319	223389	148056	0.22	66.28	32	0.02	27	2.38	FALSE	1						FALSE	FALSE	FALSE	AEGJ4449	Independents	10809	12th Pass	Business	Real Estate or Builder or Developer or Construction	
2017	13	Jamnagar	Saurashtra-Kutch	JAMNAGAR RURAL	GEN	77	HARANIA OTAMCHAND RAISHI	M	67	SHS	15	0	287	223389	148056	0.19	66.28	7	0	27	2.38	FALSE	1						FALSE	FALSE	FALSE	AEGJ4430	State-based Party (Other State)	18691	10th Pass	Agriculture		
2017	13	Jamnagar	Saurashtra-Kutch	JAMNAGAR RURAL	GEN	77	KADRI ABDULKADAR GULAM	M	36	IND	16	0	280	223389	148056	0.19	66.28	5	0	27	2.38	FALSE	1						FALSE	FALSE	FALSE	AEGJ4433	Independents	10809				
2017	13	Jamnagar	Saurashtra-Kutch	JAMNAGAR RURAL	GEN	77	KHAFI MAMADBHAI JUMABHAI	M	40	IND	17	0	275	223389	148056	0.19	66.28	8	0.01	27	2.38	FALSE	1						FALSE	FALSE	FALSE	AEGJ4438	Independents	10809	Illiterate	Labourer or Daily Wage		
2017	13	Jamnagar	Saurashtra-Kutch	JAMNAGAR RURAL	GEN	77	SATAVARA DAYALBHAI AMBABHAI (DHARVIYA)	M	40	IND	18	0	267	223389	148056	0.18	66.28	49	0.03	27	2.38	FALSE	1						FALSE	FALSE	FALSE	AEGJ4508	Independents	10809				
2017	13	Jamnagar	Saurashtra-Kutch	JAMNAGAR RURAL	GEN	77	SACHDA AKHATAR AADAM	M	43	BSAP	19	0	218	223389	148056	0.15	66.28	0	0	27	2.38	FALSE	1						FALSE	FALSE	FALSE	AEGJ4505	Local Party	2033	Literate	Business	Real Estate or Builder or Developer or Construction	
2017	13	Jamnagar	Saurashtra-Kutch	JAMNAGAR RURAL	GEN	77	BAMBHAVA VEJA DANA	M	29	IND	20	0	218	223389	148056	0.15	66.28	5	0	27	2.38	FALSE	1						FALSE	FALSE	FALSE	AEGJ4429	Independents	10809				
2017	13	Jamnagar	Saurashtra-Kutch	JAMNAGAR RURAL	GEN	77	BHAMBHI DIPAK JIVABHAI	M	26	IND	21	0	213	223389	148056	0.14	66.28	15	0.01	27	2.38	FALSE	1						FALSE	FALSE	FALSE	AEGJ4470	Independents	10809				
2017	13	Jamnagar	Saurashtra-Kutch	JAMNAGAR RURAL	GEN	77	GOSWAMI VINODGIRI RAMESHGIRI	M	40	RKEP	22	0	198	223389	148056	0.13	66.28	8	0.01	27	2.38	FALSE	1						FALSE	FALSE	FALSE	AEGJ4414	Local Party	6616	8th Pass	Small Business or Self-employed		
2017	13	Jamnagar	Saurashtra-Kutch	JAMNAGAR RURAL	GEN	77	L.B.PRAJAPATI	M	26	AINHCP	23	0	190	223389	148056	0.13	66.28	3	0	27	2.38	FALSE	1						FALSE	FALSE	FALSE	AEGJ4427	Local Party	662	12th Pass	Business	Contractor	
2017	13	Jamnagar	Saurashtra-Kutch	JAMNAGAR RURAL	GEN	77	PATARA GANI ISMAIL	M	51	IND	24	0	187	223389	148056	0.13	66.28	11	0.01	27	2.38	FALSE	1						FALSE	FALSE	FALSE	AEGJ4466	Independents	10809	Literate	Small Business or Self-employed		
2017	13	Jamnagar	Saurashtra-Kutch	JAMNAGAR RURAL	GEN	77	MANDAVIYA VITTHAL NANJIBHAI	M	54	IND	25	0	176	223389	148056	0.12	66.28	3	0	27	2.38	FALSE	1						FALSE	FALSE	FALSE	AEGJ4488	Independents	10809				
2017	13	Jamnagar	Saurashtra-Kutch	JAMNAGAR RURAL	GEN	77	KAKAL NURMAMAD MUSABHAI	M	62	IND	26	0	173	223389	148056	0.12	66.28	9	0.01	27	2.38	FALSE	1						FALSE	FALSE	FALSE	AEGJ4432	Independents	10809	Literate	Business		
2017	13	Jamnagar	Saurashtra-Kutch	JAMNAGAR RURAL	GEN	77	PARMAR BHURALAL MEGHJIBHAI	M	63	IND	27	0	164	223389	148056	0.11	66.28	54	0.04	27	2.38	FALSE	4	IND	10809	JAMNAGAR RURAL	TRUE	TRUE	FALSE	FALSE	TRUE	AEGJ13473	Independents	10809				
2017	13	Jamnagar	Saurashtra-Kutch	JAMNAGAR RURAL	GEN	77	MALEK ABEDABEN HUSHENBHAI	F	67	IND	28	0	110	223389	148056	0.07	66.28	0	0	27	2.38	FALSE	1						FALSE	FALSE	FALSE	AEGJ4472	Independents	10809				
2017	13	Jamnagar	Saurashtra-Kutch	JAMNAGAR NORTH	GEN	78	JADEJA DHARMENDRASINH MERUBHA (HAKUBHA)	M	45	BJP	1	2	84327	218669	143054	58.95	65.42	40963	28.63	24	2.27	TRUE	2	INC	3482	JAMNAGAR NORTH	TRUE	FALSE	TRUE	TRUE	TRUE	AEGJ13492	National Party	1605	12th Pass	Business		
2017	13	Jamnagar	Saurashtra-Kutch	JAMNAGAR NORTH	GEN	78	AHIR JIVANBHAI KARUBHAI KUMBHARVADIYA	M	47	INC	2	0	43364	218669	143054	30.31	65.42	39317	27.48	24	2.27	TRUE	1						FALSE	FALSE	FALSE	AEGJ1131	National Party	3482	Graduate	Business	Petrol Pumps	Small Business or Self-employed
2017	13	Jamnagar	Saurashtra-Kutch	JAMNAGAR NORTH	GEN	78	GUJARATISURYA KAMLESHBHAI LAXMANBHAI	M	37	IND	3	0	4047	218669	143054	2.83	65.42	2090	1.46	24	2.27	TRUE	1						FALSE	FALSE	FALSE	AEGJ4542	Independents	10809				
2017	13	Jamnagar	Saurashtra-Kutch	JAMNAGAR NORTH	GEN	78	GOTAM ALABHAI VAGHELA	M	46	BSP	4	0	1957	218669	143054	1.37	65.42	389	0.27	24	2.27	TRUE	1						FALSE	FALSE	FALSE	AEGJ4512	State-based Party (Other State)	16651	12th Pass	Business	Contractor	
2017	13	Jamnagar	Saurashtra-Kutch	JAMNAGAR NORTH	GEN	78	JOGAL ARJAN	M	35	IND	5	0	1568	218669	143054	1.1	65.42	30	0.02	24	2.27	TRUE	1						FALSE	FALSE	FALSE	AEGJ4550	Independents	10809				
2017	13	Jamnagar	Saurashtra-Kutch	JAMNAGAR NORTH	GEN	78	None of the Above			NOTA	6		1538	218669	143054	1.08	65.42	707	0.49	24	2.27	TRUE											NOTA	5897				
2017	13	Jamnagar	Saurashtra-Kutch	JAMNAGAR NORTH	GEN	78	JAFARBHAI JUSABBHAI DODEPAUTRA	M	31	NCP	7	0	831	218669	143054	0.58	65.42	102	0.07	24	2.27	TRUE	2	BSP	16651	KHAMBHALIA	FALSE	FALSE	TRUE	FALSE	FALSE	AEGJ4517	State-based Party (Other State)	5792	Literate	Business	Contractor	
2017	13	Jamnagar	Saurashtra-Kutch	JAMNAGAR NORTH	GEN	78	PARMAR JAGDISHBHAI DEVSIBHAI	M	54	IND	8	0	729	218669	143054	0.51	65.42	63	0.04	24	2.27	TRUE	1						FALSE	FALSE	FALSE	AEGJ4551	Independents	10809				
2017	13	Jamnagar	Saurashtra-Kutch	JAMNAGAR NORTH	GEN	78	PARMAR DEVJI	M	53	IND	9	0	666	218669	143054	0.47	65.42	41	0.03	24	2.27	TRUE	1						FALSE	FALSE	FALSE	AEGJ4553	Independents	10809				
2017	13	Jamnagar	Saurashtra-Kutch	JAMNAGAR NORTH	GEN	78	CHAUHAN HAMIDABEN	F	52	IND	10	0	625	218669	143054	0.44	65.42	188	0.13	24	2.27	TRUE	1						FALSE	FALSE	FALSE	AEGJ4546	Independents	10809				
2017	13	Jamnagar	Saurashtra-Kutch	JAMNAGAR NORTH	GEN	78	KHAFI ARIF JUMABHAI	M	41	IND	11	0	437	218669	143054	0.31	65.42	83	0.06	24	2.27	TRUE	1						FALSE	FALSE	FALSE	AEGJ4540	Independents	10809	5th Pass	Labourer or Daily Wage		
2017	13	Jamnagar	Saurashtra-Kutch	JAMNAGAR NORTH	GEN	78	KURESHI MAHAMADSIDIK HASAMBHAI	M	44	IND	12	0	354	218669	143054	0.25	65.42	70	0.05	24	2.27	TRUE	1						FALSE	FALSE	FALSE	AEGJ4535	Independents	10809				
2017	13	Jamnagar	Saurashtra-Kutch	JAMNAGAR NORTH	GEN	78	JADAV DINESH DEVSIBHAI	M	39	IND	13	0	284	218669	143054	0.2	65.42	13	0.01	24	2.27	TRUE	1						FALSE	FALSE	FALSE	AEGJ4548	Independents	10809				
2017	13	Jamnagar	Saurashtra-Kutch	JAMNAGAR NORTH	GEN	78	CHAVDA JUNAS MAMAD	M	46	IND	14	0	271	218669	143054	0.19	65.42	13	0.01	24	2.27	TRUE	1						FALSE	FALSE	FALSE	AEGJ4544	Independents	10809	8th Pass	Other		
2017	13	Jamnagar	Saurashtra-Kutch	JAMNAGAR NORTH	GEN	78	VAGHELA KANJI JETHABHAI (K. J. VAGHELA)	M	62	IND	15	0	258	218669	143054	0.18	65.42	9	0.01	24	2.27	TRUE	1						FALSE	FALSE	FALSE	AEGJ4565	Independents	10809				
2017	13	Jamnagar	Saurashtra-Kutch	JAMNAGAR NORTH	GEN	78	RAYJADA SIRAJBHAI DOSTMAMADBHAI	M	38	IND	16	0	249	218669	143054	0.17	65.42	4	0	24	2.27	TRUE	1						FALSE	FALSE	FALSE	AEGJ4564	Independents	10809	5th Pass	Labourer or Daily Wage		
2017	13	Jamnagar	Saurashtra-Kutch	JAMNAGAR NORTH	GEN	78	AHIR CHAVDA DIPAK DEVATBHAI	M	27	SHS	17	0	245	218669	143054	0.17	65.42	45	0.03	24	2.27	TRUE	1						FALSE	FALSE	FALSE	AEGJ4530	State-based Party (Other State)	18691	5th Pass	Agriculture		
2017	13	Jamnagar	Saurashtra-Kutch	JAMNAGAR NORTH	GEN	78	PARMAR DINESH BHARATBHAI	M	31	IND	18	0	200	218669	143054	0.14	65.42	16	0.01	24	2.27	TRUE	1						FALSE	FALSE	FALSE	AEGJ4552	Independents	10809	8th Pass	Labourer or Daily Wage		
2017	13	Jamnagar	Saurashtra-Kutch	JAMNAGAR NORTH	GEN	78	BHAMBHI ASHOK KARABHAI	M	36	IND	19	0	184	218669	143054	0.13	65.42	1	0	24	2.27	TRUE	1						FALSE	FALSE	FALSE	AEGJ4559	Independents	10809	8th Pass	Business	Real Estate or Builder or Developer or Construction	
2017	13	Jamnagar	Saurashtra-Kutch	JAMNAGAR NORTH	GEN	78	ARTHIYA ASHOKBHAI	M	42	AINHCP	20	0	183	218669	143054	0.13	65.42	18	0.01	24	2.27	TRUE	1						FALSE	FALSE	FALSE	AEGJ4521	Local Party	662	Literate	Other		
2017	13	Jamnagar	Saurashtra-Kutch	JAMNAGAR NORTH	GEN	78	SANGHANI CHANDRESH	M	31	IND	21	0	165	218669	143054	0.12	65.42	9	0.01	24	2.27	TRUE	1						FALSE	FALSE	FALSE	AEGJ4572	Independents	10809				
2017	13	Jamnagar	Saurashtra-Kutch	JAMNAGAR NORTH	GEN	78	KURESHI HANIF ABDULKARIM	M	48	IND	22	0	156	218669	143054	0.11	65.42	1	0	24	2.27	TRUE	1						FALSE	FALSE	FALSE	AEGJ4536	Independents	10809	8th Pass	Labourer or Daily Wage		
2017	13	Jamnagar	Saurashtra-Kutch	JAMNAGAR NORTH	GEN	78	MAKWANA RAMESH AMARABHAI	M	46	IND	23	0	155	218669	143054	0.11	65.42	17	0.01	24	2.27	TRUE	1						FALSE	FALSE	FALSE	AEGJ4563	Independents	10809				
2017	13	Jamnagar	Saurashtra-Kutch	JAMNAGAR NORTH	GEN	78	AMRONIYA INUS MAMAD	M	59	IND	24	0	138	218669	143054	0.1	65.42	15	0.01	24	2.27	TRUE	1						FALSE	FALSE	FALSE	AEGJ4534	Independents	10809				
2017	13	Jamnagar	Saurashtra-Kutch	JAMNAGAR NORTH	GEN	78	SAMEJA MAMAD KASAMBHAI	M	42	BRP	25	0	123	218669	143054	0.09	65.42	0	0	24	2.27	TRUE	1						FALSE	FALSE	FALSE	AEGJ4531	Local Party	2018				
2017	13	Jamnagar	Saurashtra-Kutch	JAMNAGAR SOUTH	GEN	79	RANCHHODBHAI CHANABHAI FALDU (R.C.FALDU)	M	60	BJP	1	4	71718	206526	133203	53.84	64.5	16349	12.27	10	2.17	TRUE	5	BJP	1605	JAMNAGAR RURAL	FALSE	TRUE	FALSE	FALSE	TRUE	AEGJ13482	National Party	1605	10th Pass	Agriculture		
2017	13	Jamnagar	Saurashtra-Kutch	JAMNAGAR SOUTH	GEN	79	ASHOK LAL	M	56	INC	2	0	55369	206526	133203	41.57	64.5	53043	39.82	10	2.17	TRUE	1						FALSE	FALSE	FALSE	AEGJ1165	National Party	3482	10th Pass	Agriculture		
2017	13	Jamnagar	Saurashtra-Kutch	JAMNAGAR SOUTH	GEN	79	None of the Above			NOTA	3		2326	206526	133203	1.75	64.5	699	0.52	10	2.17	TRUE											NOTA	5897				
2017	13	Jamnagar	Saurashtra-Kutch	JAMNAGAR SOUTH	GEN	79	ASHVINBHAI NATHABHAI CHAVDA	M	31	BSP	4	0	1627	206526	133203	1.22	64.5	1138	0.85	10	2.17	TRUE	1						FALSE	FALSE	FALSE	AEGJ4573	State-based Party (Other State)	16651	12th Pass	Labourer or Daily Wage		
2017	13	Jamnagar	Saurashtra-Kutch	JAMNAGAR SOUTH	GEN	79	KHAFI BODUBHAI ISMAIL	M	46	JD(U)	5	0	489	206526	133203	0.37	64.5	74	0.06	10	2.17	TRUE	1						FALSE	FALSE	FALSE	AEGJ4575	State-based Party (Other State)	11002	5th Pass	Business		
2017	13	Jamnagar	Saurashtra-Kutch	JAMNAGAR SOUTH	GEN	79	BRIJESH VIJAYBHAI NANDA (MUNNABHAI)	M	31	SHS	6	0	415	206526	133203	0.31	64.5	55	0.04	10	2.17	TRUE	1						FALSE	FALSE	FALSE	AEGJ4587	State-based Party (Other State)	18691	8th Pass	Other		
2017	13	Jamnagar	Saurashtra-Kutch	JAMNAGAR SOUTH	GEN	79	ZALA JAYDIP SUBHASHBHAI	M	38	IND	7	0	360	206526	133203	0.27	64.5	24	0.02	10	2.17	TRUE	1						FALSE	FALSE	FALSE	AEGJ4600	Independents	10809				
2017	13	Jamnagar	Saurashtra-Kutch	JAMNAGAR SOUTH	GEN	79	PARMAR DEVJI JETHABHAI	M	53	IND	8	0	336	206526	133203	0.25	64.5	60	0.05	10	2.17	TRUE	1						FALSE	FALSE	FALSE	AEGJ4605	Independents	10809	12th Pass	Business		
2017	13	Jamnagar	Saurashtra-Kutch	JAMNAGAR SOUTH	GEN	79	KU. JAGRUTIBEN NAUTAMLAL VYAS (ADVOCATE)	F	59	AINHCP	9	0	276	206526	133203	0.21	64.5	131	0.1	10	2.17	TRUE	1						FALSE	FALSE	FALSE	AEGJ4576	Local Party	662	Graduate	Other		
2017	13	Jamnagar	Saurashtra-Kutch	JAMNAGAR SOUTH	GEN	79	CHANDRA HEMLATABEN JAVAHARBHAI	F	46	IND	10	0	145	206526	133203	0.11	64.5	3	0	10	2.17	TRUE	1						FALSE	FALSE	FALSE	AEGJ4597	Independents	10809	8th Pass	Business		
2017	13	Jamnagar	Saurashtra-Kutch	JAMNAGAR SOUTH	GEN	79	JAYDEVSINH JILUBHA CHAUHAN	M	34	IND	11	0	142	206526	133203	0.11	64.5	0	0	10	2.17	TRUE	1						FALSE	FALSE	FALSE	AEGJ4599	Independents	10809				
2017	13	Jamnagar	Saurashtra-Kutch	JAMJODHPUR	GEN	80	KALARIYA CHIRAGBHAI RAMESHBHAI	M	40	INC	1	1	64212	205126	135466	47.4	66.04	2518	1.86	12	2.33	TRUE	1						FALSE	FALSE	FALSE	AEGJ1108	National Party	3482	Graduate	Business		Agriculture
2017	13	Jamnagar	Saurashtra-Kutch	JAMJODHPUR	GEN	80	CHIMANBHAI DHARAMSHIBHAI SAPARIYA	M	62	BJP	2	4	61694	205126	135466	45.54	66.04	58480	43.17	12	2.33	TRUE	6	BJP	1605	JAMJODHPUR	TRUE	TRUE	FALSE	TRUE	TRUE	AEGJ7198	National Party	1605	Graduate	Business		Agriculture
2017	13	Jamnagar	Saurashtra-Kutch	JAMJODHPUR	GEN	80	None of the Above			NOTA	3		3214	205126	135466	2.37	66.04	1859	1.37	12	2.33	TRUE											NOTA	5897				
2017	13	Jamnagar	Saurashtra-Kutch	JAMJODHPUR	GEN	80	HAMIRANI SALIMBHAI HUSHENBHAI	M	47	IND	4	0	1355	205126	135466	1	66.04	195	0.14	12	2.33	TRUE	1						FALSE	FALSE	FALSE	AEGJ4642	Independents	10809				
2017	13	Jamnagar	Saurashtra-Kutch	JAMJODHPUR	GEN	80	PRAVINBHAI VALLABHBHAI NARIYA	M	49	BSP	5	0	1160	205126	135466	0.86	66.04	125	0.09	12	2.33	TRUE	2	IND	10809	JAMJODHPUR	TRUE	FALSE	FALSE	FALSE	TRUE	AEGJ13522	State-based Party (Other State)	16651	5th Pass	Agriculture		
2017	13	Jamnagar	Saurashtra-Kutch	JAMJODHPUR	GEN	80	DANGAR RAMESHBHAI VARVABHAI	M	40	IND	6	0	1035	205126	135466	0.76	66.04	98	0.07	12	2.33	TRUE	1						FALSE	FALSE	FALSE	AEGJ4626	Independents	10809	8th Pass	Agriculture		
2017	13	Jamnagar	Saurashtra-Kutch	JAMJODHPUR	GEN	80	RABADIYA MOHANLAL HIRJIBHAI	M	65	SP	7	0	937	205126	135466	0.69	66.04	474	0.35	12	2.33	TRUE	1						FALSE	FALSE	FALSE	AEGJ4616	State-based Party (Other State)	7425	Graduate Professional	Liberal Profession or Professional	Doctor	Agriculture
2017	13	Jamnagar	Saurashtra-Kutch	JAMJODHPUR	GEN	80	SAFIYA MAMADBHAI HAJIBHAI	M	57	IND	8	0	463	205126	135466	0.34	66.04	41	0.03	12	2.33	TRUE	1						FALSE	FALSE	FALSE	AEGJ4637	Independents	10809				
2017	13	Jamnagar	Saurashtra-Kutch	JAMJODHPUR	GEN	80	KARSHANBHAI LAKHABHAI HARALAJANI	M	45	IND	9	0	422	205126	135466	0.31	66.04	50	0.04	12	2.33	TRUE	1						FALSE	FALSE	FALSE	AEGJ4621	Independents	10809				
2017	13	Jamnagar	Saurashtra-Kutch	JAMJODHPUR	GEN	80	CHUDASAMA GAMBHIRSINH JILUBHA	M	40	IND	10	0	372	205126	135466	0.27	66.04	116	0.09	12	2.33	TRUE	1						FALSE	FALSE	FALSE	AEGJ4623	Independents	10809	10th Pass	Agriculture		
2017	13	Jamnagar	Saurashtra-Kutch	JAMJODHPUR	GEN	80	SHIDA ABU UMAR	M	55	IND	11	0	256	205126	135466	0.19	66.04	63	0.05	12	2.33	TRUE	1						FALSE	FALSE	FALSE	AEGJ4634	Independents	10809	10th Pass	Agriculture		
2017	13	Jamnagar	Saurashtra-Kutch	JAMJODHPUR	GEN	80	LADANI CHANDRIKABEN DILIPBHAI	F	48	IND	12	0	193	205126	135466	0.14	66.04	40	0.03	12	2.33	TRUE	1						FALSE	FALSE	FALSE	AEGJ4629	Independents	10809	10th Pass	Other	Household	
2017	13	Jamnagar	Saurashtra-Kutch	JAMJODHPUR	GEN	80	JADEJA VIJAYSINH ANOPSINH	M	33	IND	13	0	153	205126	135466	0.11	66.04	0	0	12	2.33	TRUE	1						FALSE	FALSE	FALSE	AEGJ4624	Independents	10809	Post Graduate	Education	School Teacher	
2017	13	Devbhumi Dwarka	Saurashtra-Kutch	KHAMBHALIA	GEN	81	AHIR VIKRAMBHAI ARJANBHAI MADAM	M	59	INC	1	2	79779	264679	159606	49.98	60.3	11046	6.92	20	2.27	TRUE	3	INC	3482	BHANVAD	FALSE	TRUE	FALSE	FALSE	FALSE	AEGJ9523	National Party	3482	Graduate	Business	Real Estate or Builder or Developer or Construction	Agriculture
2017	13	Devbhumi Dwarka	Saurashtra-Kutch	KHAMBHALIA	GEN	81	KALUBHAI NARANBHAI CHAVDA	M	59	BJP	2	0	68733	264679	159606	43.06	60.3	66220	41.49	20	2.27	TRUE	1						FALSE	FALSE	FALSE	AEGJ1334	National Party	1605	8th Pass	Agriculture		
2017	13	Devbhumi Dwarka	Saurashtra-Kutch	KHAMBHALIA	GEN	81	NAGASH KARSHANBHAI JESHABHAI	M	46	IND	3	0	2513	264679	159606	1.57	60.3	1080	0.68	20	2.27	TRUE	1						FALSE	FALSE	FALSE	AEGJ4672	Independents	10809	10th Pass	Small Business or Self-employed		
2017	13	Devbhumi Dwarka	Saurashtra-Kutch	KHAMBHALIA	GEN	81	PARMAR GIRISHBHAI MULJIBHAI	M	29	IND	4	0	1433	264679	159606	0.9	60.3	471	0.3	20	2.27	TRUE	1						FALSE	FALSE	FALSE	AEGJ4674	Independents	10809				
2017	13	Devbhumi Dwarka	Saurashtra-Kutch	KHAMBHALIA	GEN	81	None of the Above			NOTA	5		962	264679	159606	0.6	60.3	80	0.05	20	2.27	TRUE											NOTA	5897				
2017	13	Devbhumi Dwarka	Saurashtra-Kutch	KHAMBHALIA	GEN	81	GAJJAN ABBAS UMAR	M	30	NCP	6	0	882	264679	159606	0.55	60.3	39	0.02	20	2.27	TRUE	1						FALSE	FALSE	FALSE	AEGJ4643	State-based Party (Other State)	5792	Illiterate	Agricultural Labour		
2017	13	Devbhumi Dwarka	Saurashtra-Kutch	KHAMBHALIA	GEN	81	DALIT CHAVDA ASHOK NATHABHAI	M	34	IND	7	0	843	264679	159606	0.53	60.3	124	0.08	20	2.27	TRUE	1						FALSE	FALSE	FALSE	AEGJ4671	Independents	10809				
2017	13	Devbhumi Dwarka	Saurashtra-Kutch	KHAMBHALIA	GEN	81	PARMAR JAMANBHAI KESHABHAI	M	58	IND	8	0	719	264679	159606	0.45	60.3	135	0.08	20	2.27	TRUE	1						FALSE	FALSE	FALSE	AEGJ4677	Independents	10809	5th Pass	Agriculture		
2017	13	Devbhumi Dwarka	Saurashtra-Kutch	KHAMBHALIA	GEN	81	VAGHELA KIRITSINH KESHUBHA	M	35	AINHCP	9	0	584	264679	159606	0.37	60.3	135	0.08	20	2.27	TRUE	1						FALSE	FALSE	FALSE	AEGJ4651	Local Party	662	8th Pass	Agriculture		
2017	13	Devbhumi Dwarka	Saurashtra-Kutch	KHAMBHALIA	GEN	81	KETANBHAI SAVJIBHAI PARMAR	M	31	AAAP	10	0	449	264679	159606	0.28	60.3	62	0.04	20	2.27	TRUE	1						FALSE	FALSE	FALSE	AEGJ4645	State-based Party (Other State)	13				
2017	13	Devbhumi Dwarka	Saurashtra-Kutch	KHAMBHALIA	GEN	81	PIPROTAR DILIP NAGABHAI	M	32	RKEP	11	0	387	264679	159606	0.24	60.3	52	0.03	20	2.27	TRUE	1						FALSE	FALSE	FALSE	AEGJ4646	Local Party	6616	10th Pass	Small Business or Self-employed		
2017	13	Devbhumi Dwarka	Saurashtra-Kutch	KHAMBHALIA	GEN	81	SUMBHANIYA ISMAIL OSMAN	M	54	IND	12	0	335	264679	159606	0.21	60.3	27	0.02	20	2.27	TRUE	1						FALSE	FALSE	FALSE	AEGJ4678	Independents	10809				
2017	13	Devbhumi Dwarka	Saurashtra-Kutch	KHAMBHALIA	GEN	81	POSTARIYA MALDE NATHUBHAI	M	30	SHS	13	0	308	264679	159606	0.19	60.3	9	0.01	20	2.27	TRUE	1						FALSE	FALSE	FALSE	AEGJ4648	State-based Party (Other State)	18691	12th Pass	Other		
2017	13	Devbhumi Dwarka	Saurashtra-Kutch	KHAMBHALIA	GEN	81	JOKHIYA ANVARBHAI UMARBHAI	M	50	IND	14	0	299	264679	159606	0.19	60.3	15	0.01	20	2.27	TRUE	4	IND	10809	KHAMBHALIA	TRUE	TRUE	FALSE	FALSE	FALSE	AEGJ7231	Independents	10809				
2017	13	Devbhumi Dwarka	Saurashtra-Kutch	KHAMBHALIA	GEN	81	GANDHAR HANIFBHAI HARUNBHAI	M	46	IND	15	0	284	264679	159606	0.18	60.3	31	0.02	20	2.27	TRUE	1						FALSE	FALSE	FALSE	AEGJ4654	Independents	10809	Literate	Agricultural Labour		
2017	13	Devbhumi Dwarka	Saurashtra-Kutch	KHAMBHALIA	GEN	81	SUMBHANIYA SULTAN VAHAB	M	36	IND	16	0	253	264679	159606	0.16	60.3	52	0.03	20	2.27	TRUE	1						FALSE	FALSE	FALSE	AEGJ4684	Independents	10809				
2017	13	Devbhumi Dwarka	Saurashtra-Kutch	KHAMBHALIA	GEN	81	JUNEJA RAJAK BAUDINBHAI	M	44	IND	17	0	201	264679	159606	0.13	60.3	12	0.01	20	2.27	TRUE	1						FALSE	FALSE	FALSE	AEGJ4668	Independents	10809	Literate	Other		
2017	13	Devbhumi Dwarka	Saurashtra-Kutch	KHAMBHALIA	GEN	81	CHOPDA RENUKABEN NARENDRABHAI	F	37	IND	18	0	189	264679	159606	0.12	60.3	10	0.01	20	2.27	TRUE	1						FALSE	FALSE	FALSE	AEGJ4656	Independents	10809				
2017	13	Devbhumi Dwarka	Saurashtra-Kutch	KHAMBHALIA	GEN	81	JADEJA RAJENDRASINH JILUBHA	M	60	IND	19	0	179	264679	159606	0.11	60.3	41	0.03	20	2.27	TRUE	1						FALSE	FALSE	FALSE	AEGJ4665	Independents	10809	Graduate	Agriculture		
2017	13	Devbhumi Dwarka	Saurashtra-Kutch	KHAMBHALIA	GEN	81	JASHRAYA JAVED HUSENBHAI	M	28	IND	20	0	138	264679	159606	0.09	60.3	2	0	20	2.27	TRUE	1						FALSE	FALSE	FALSE	AEGJ4660	Independents	10809				
2017	13	Devbhumi Dwarka	Saurashtra-Kutch	KHAMBHALIA	GEN	81	JADEJA DILIPSINH PRATAPSINH	M	30	IND	21	0	136	264679	159606	0.09	60.3	0	0	20	2.27	TRUE	1						FALSE	FALSE	FALSE	AEGJ4662	Independents	10809	Graduate	Business		
2017	13	Devbhumi Dwarka	Saurashtra-Kutch	DWARKA	GEN	82	PABUBHA VIRAMBHA MANEK	M	61	BJP	1	7	73431	262130	155418	47.25	59.29	5739	3.69	13	2.44	TRUE	7	BJP	1605	DWARKA	TRUE	TRUE	FALSE	TRUE	TRUE	AEGJ531	National Party	1605	Literate	Business	Real Estate or Builder or Developer or Construction	
2017	13	Devbhumi Dwarka	Saurashtra-Kutch	DWARKA	GEN	82	AHIR MERAMAN MARKHI	M	59	INC	2	0	67692	262130	155418	43.55	59.29	64479	41.49	13	2.44	TRUE	2	IND	10809	DWARKA	TRUE	FALSE	FALSE	FALSE	FALSE	AEGJ564	National Party	3482	8th Pass	Business		Agriculture
2017	13	Devbhumi Dwarka	Saurashtra-Kutch	DWARKA	GEN	82	None of the Above			NOTA	3		3213	262130	155418	2.07	59.29	384	0.25	13	2.44	TRUE											NOTA	5897				
2017	13	Devbhumi Dwarka	Saurashtra-Kutch	DWARKA	GEN	82	MADAM RANMALBHAI LAKHUBHAI	M	50	NCP	4	0	2829	262130	155418	1.82	59.29	918	0.59	13	2.44	TRUE	1						FALSE	FALSE	FALSE	AEGJ4692	State-based Party (Other State)	5792	8th Pass	Agriculture		
2017	13	Devbhumi Dwarka	Saurashtra-Kutch	DWARKA	GEN	82	CHETARIYA RAMBHAI KARSHANBHAI	M	26	BSP	5	0	1911	262130	155418	1.23	59.29	327	0.21	13	2.44	TRUE	1						FALSE	FALSE	FALSE	AEGJ4689	State-based Party (Other State)	16651	8th Pass	Labourer or Daily Wage		
2017	13	Devbhumi Dwarka	Saurashtra-Kutch	DWARKA	GEN	82	KANJARIYA ARJAN KESHA	M	57	IND	6	0	1584	262130	155418	1.02	59.29	19	0.01	13	2.44	TRUE	1						FALSE	FALSE	FALSE	AEGJ4703	Independents	10809				
2017	13	Devbhumi Dwarka	Saurashtra-Kutch	DWARKA	GEN	82	ASHOKBHAI JIVABHAI VAGHELA	M	49	IND	7	0	1565	262130	155418	1.01	59.29	479	0.31	13	2.44	TRUE	1						FALSE	FALSE	FALSE	AEGJ4702	Independents	10809	12th Pass	Salaried Work or Employed	Insurance Agent	
2017	13	Devbhumi Dwarka	Saurashtra-Kutch	DWARKA	GEN	82	BHAGAVANJIBHAI HEMRAJBHAI THOBHANI	M	51	IND	8	0	1086	262130	155418	0.7	59.29	426	0.27	13	2.44	TRUE	2	IND	10809	DWARKA	TRUE	TRUE	FALSE	FALSE	TRUE	AEGJ13556	Independents	10809				
2017	13	Devbhumi Dwarka	Saurashtra-Kutch	DWARKA	GEN	82	MAKAVANA SHAILESHBHAI LAKHABHAI	M	35	IND	9	0	660	262130	155418	0.42	59.29	301	0.19	13	2.44	TRUE	1						FALSE	FALSE	FALSE	AEGJ4725	Independents	10809				
2017	13	Devbhumi Dwarka	Saurashtra-Kutch	DWARKA	GEN	82	BOLIM HAJIBHAI ABHARAMBHAI	M	55	IND	10	0	359	262130	155418	0.23	59.29	29	0.02	13	2.44	TRUE	1						FALSE	FALSE	FALSE	AEGJ4720	Independents	10809	Illiterate	Business	Real Estate or Builder or Developer or Construction	
2017	13	Devbhumi Dwarka	Saurashtra-Kutch	DWARKA	GEN	82	BOLIM MAMAD KASAMBHAI	M	38	IND	11	0	330	262130	155418	0.21	59.29	35	0.02	13	2.44	TRUE	1						FALSE	FALSE	FALSE	AEGJ4716	Independents	10809	5th Pass	Labourer or Daily Wage		
2017	13	Devbhumi Dwarka	Saurashtra-Kutch	DWARKA	GEN	82	RANMALBHAI ARJANBHAI GODHAM	M	27	SHS	12	0	295	262130	155418	0.19	59.29	43	0.03	13	2.44	TRUE	1						FALSE	FALSE	FALSE	AEGJ4693	State-based Party (Other State)	18691	Post Graduate	Agriculture		
2017	13	Devbhumi Dwarka	Saurashtra-Kutch	DWARKA	GEN	82	CHETARIYA VAJSHIBHAI KANABHAI	M	50	IND	13	0	252	262130	155418	0.16	59.29	41	0.03	13	2.44	TRUE	1						FALSE	FALSE	FALSE	AEGJ4715	Independents	10809				
2017	13	Devbhumi Dwarka	Saurashtra-Kutch	DWARKA	GEN	82	SONAGARA CHANDUBHAI BHIKHABHAI	M	42	AINHCP	14	0	211	262130	155418	0.14	59.29	0	0	13	2.44	TRUE	1						FALSE	FALSE	FALSE	AEGJ4699	Local Party	662				
2017	13	Porbandar	Saurashtra-Kutch	PORBANDAR	GEN	83	BABUBHAI BHIMABHAI BOKHIRIYA	M	64	BJP	1	4	72430	237843	154014	47.03	64.75	1855	1.2	11	2.33	TRUE	5	BJP	1605	PORBANDAR	TRUE	TRUE	FALSE	TRUE	TRUE	AEGJ7267	National Party	1605	Graduate	Agriculture		
2017	13	Porbandar	Saurashtra-Kutch	PORBANDAR	GEN	83	ARJUNBHAI DEVABHAI MODHVADIYA	M	61	INC	2	2	70575	237843	154014	45.82	64.75	66238	43.01	11	2.33	TRUE	5	INC	3482	PORBANDAR	TRUE	TRUE	FALSE	FALSE	TRUE	AEGJ9560	National Party	3482	Graduate Professional	Agriculture		
2017	13	Porbandar	Saurashtra-Kutch	PORBANDAR	GEN	83	AANANDBHAI HAJABHAI MARU	M	40	BSP	3	0	4337	237843	154014	2.82	64.75	904	0.59	11	2.33	TRUE	1						FALSE	FALSE	FALSE	AEGJ4726	State-based Party (Other State)	16651	12th Pass	Business	Contractor	
2017	13	Porbandar	Saurashtra-Kutch	PORBANDAR	GEN	83	None of the Above			NOTA	4		3433	237843	154014	2.23	64.75	2597	1.69	11	2.33	TRUE											NOTA	5897				
2017	13	Porbandar	Saurashtra-Kutch	PORBANDAR	GEN	83	MODHVADIYA ARJANBHAI VIRAMBHAI	M	27	IND	5	0	836	237843	154014	0.54	64.75	180	0.12	11	2.33	TRUE	1						FALSE	FALSE	FALSE	AEGJ4742	Independents	10809	8th Pass	Small Business or Self-employed	Self-employed	
2017	13	Porbandar	Saurashtra-Kutch	PORBANDAR	GEN	83	ODEDARA GANGABHAI MALDEBHAI	M	35	JD(U)	6	0	656	237843	154014	0.43	64.75	161	0.1	11	2.33	TRUE	1						FALSE	FALSE	FALSE	AEGJ4731	State-based Party (Other State)	11002				
2017	13	Porbandar	Saurashtra-Kutch	PORBANDAR	GEN	83	SUNIL MODHA	M	41	IND	7	0	495	237843	154014	0.32	64.75	165	0.11	11	2.33	TRUE	2	IND	10809	PORBANDAR	TRUE	TRUE	FALSE	FALSE	FALSE	AEGJ11736	Independents	10809				
2017	13	Porbandar	Saurashtra-Kutch	PORBANDAR	GEN	83	BOKHIRIYA VASTABHAI ARJANBHAI	M	57	IND	8	0	330	237843	154014	0.21	64.75	43	0.03	11	2.33	TRUE	1						FALSE	FALSE	FALSE	AEGJ4738	Independents	10809	Graduate	Other		
2017	13	Porbandar	Saurashtra-Kutch	PORBANDAR	GEN	83	DASA RAMA LAKHMANBHAI	M	36	AINHCP	9	0	287	237843	154014	0.19	64.75	15	0.01	11	2.33	TRUE	1						FALSE	FALSE	FALSE	AEGJ4733	Local Party	662	8th Pass	Other		
2017	13	Porbandar	Saurashtra-Kutch	PORBANDAR	GEN	83	BHADRECHA PINTUBHAI RAMJI	M	39	IND	10	0	272	237843	154014	0.18	64.75	63	0.04	11	2.33	TRUE	2	IND	10809	PORBANDAR	TRUE	TRUE	FALSE	FALSE	FALSE	AEGJ11737	Independents	10809	5th Pass	Small Business or Self-employed	Self-employed	
2017	13	Porbandar	Saurashtra-Kutch	PORBANDAR	GEN	83	RAJESH GAURISHANKAR PANDYA	M	48	SHS	11	0	209	237843	154014	0.14	64.75	55	0.04	11	2.33	TRUE	2	GPP	3167	PORBANDAR	TRUE	FALSE	TRUE	FALSE	TRUE	AEGJ13561	State-based Party (Other State)	18691	10th Pass	Business		
2017	13	Porbandar	Saurashtra-Kutch	PORBANDAR	GEN	83	UNADKAT PRAKASHBHAI VALLABHDAS	M	56	IND	12	0	154	237843	154014	0.1	64.75	0	0	11	2.33	TRUE	2	IND	10809	PORBANDAR	TRUE	TRUE	FALSE	FALSE	FALSE	AEGJ11726	Independents	10809		Business	Real Estate or Builder or Developer or Construction	
2017	13	Porbandar	Saurashtra-Kutch	KUTIYANA	GEN	84	JADEJA KANDHALBHAI SARMANBHAI	M	45	NCP	1	2	59406	199185	117895	50.39	59.19	23709	20.11	12	2.86	TRUE	2	NCP	5792	KUTIYANA	TRUE	TRUE	FALSE	FALSE	FALSE	AEGJ13571	State-based Party (Other State)	5792	8th Pass	Other		
2017	13	Porbandar	Saurashtra-Kutch	KUTIYANA	GEN	84	ODEDRA LAKHAMANBHAI BHIMABHAI	M	33	BJP	2	0	35697	199185	117895	30.28	59.19	24027	20.38	12	2.86	TRUE	1						FALSE	FALSE	FALSE	AEGJ1368	National Party	1605	Graduate	Business		Agriculture
2017	13	Porbandar	Saurashtra-Kutch	KUTIYANA	GEN	84	MODEDRA VEJABHAI LILABHAI	M	67	INC	3	0	11670	199185	117895	9.9	59.19	8195	6.95	12	2.86	TRUE	1						FALSE	FALSE	FALSE	AEGJ1370	National Party	3482				
2017	13	Porbandar	Saurashtra-Kutch	KUTIYANA	GEN	84	None of the Above			NOTA	4		3475	199185	117895	2.95	59.19	306	0.26	12	2.86	TRUE											NOTA	5897				
2017	13	Porbandar	Saurashtra-Kutch	KUTIYANA	GEN	84	VRAJLAL PABABHAI SADIYA	M	47	BSP	5	0	3169	199185	117895	2.69	59.19	1256	1.07	12	2.86	TRUE	1						FALSE	FALSE	FALSE	AEGJ4749	State-based Party (Other State)	16651	Post Graduate	Salaried Work or Employed	Insurance Agent	
2017	13	Porbandar	Saurashtra-Kutch	KUTIYANA	GEN	84	SHAMLA RAMABHAI GOGANBHAI	M	46	IND	6	0	1913	199185	117895	1.62	59.19	1029	0.87	12	2.86	TRUE	1						FALSE	FALSE	FALSE	AEGJ4770	Independents	10809				
2017	13	Porbandar	Saurashtra-Kutch	KUTIYANA	GEN	84	VAGHELA LALJIBHAI SOMABHAI	M	45	IND	7	0	884	199185	117895	0.75	59.19	431	0.37	12	2.86	TRUE	1						FALSE	FALSE	FALSE	AEGJ4769	Independents	10809	12th Pass	Labourer or Daily Wage		
2017	13	Porbandar	Saurashtra-Kutch	KUTIYANA	GEN	84	KHUNTI KANABHAI JAKHRABHAI	M	51	IND	8	0	453	199185	117895	0.38	59.19	35	0.03	12	2.86	TRUE	1						FALSE	FALSE	FALSE	AEGJ4756	Independents	10809				
2017	13	Porbandar	Saurashtra-Kutch	KUTIYANA	GEN	84	RATHOD CHANDULAL MOHANBHAI	M	49	IND	9	0	418	199185	117895	0.35	59.19	173	0.15	12	2.86	TRUE	1						FALSE	FALSE	FALSE	AEGJ4766	Independents	10809				
2017	13	Porbandar	Saurashtra-Kutch	KUTIYANA	GEN	84	BHATT NITINBHAI VRAJLAL	M	53	IND	10	0	245	199185	117895	0.21	59.19	44	0.04	12	2.86	TRUE	2	IND	10809	KUTIYANA	TRUE	TRUE	FALSE	FALSE	FALSE	AEGJ11744	Independents	10809				
2017	13	Porbandar	Saurashtra-Kutch	KUTIYANA	GEN	84	ODEDARA BALUBHAI RAMABHAI	M	45	IND	11	0	201	199185	117895	0.17	59.19	2	0	12	2.86	TRUE	1						FALSE	FALSE	FALSE	AEGJ4750	Independents	10809				
2017	13	Porbandar	Saurashtra-Kutch	KUTIYANA	GEN	84	JOSHI HARISH LILADHAR	M	39	IND	12	0	199	199185	117895	0.17	59.19	34	0.03	12	2.86	TRUE	2	IND	10809	KUTIYANA	TRUE	TRUE	FALSE	FALSE	FALSE	GEGJ2931	Independents	10809	8th Pass	Other		
2017	13	Porbandar	Saurashtra-Kutch	KUTIYANA	GEN	84	KADEGIYA GANGABHAI KANABHAI	M	49	IND	13	0	165	199185	117895	0.14	59.19	0	0	12	2.86	TRUE	2	IND	10809	KUTIYANA	TRUE	TRUE	FALSE	FALSE	FALSE	AEGJ13568	Independents	10809	Graduate	Agriculture		
2017	13	Junagadh	Saurashtra-Kutch	MANAVADAR	GEN	85	CHAVDA JAWAHARBHAI PETHALJIBHAI	M	53	INC	1	4	88570	234634	154322	57.39	65.77	29763	19.29	9	2.08	FALSE	6	INC	3482	MANAVADAR	TRUE	TRUE	FALSE	TRUE	TRUE	AEGJ5297	National Party	3482	10th Pass	Business		Agriculture
2017	13	Junagadh	Saurashtra-Kutch	MANAVADAR	GEN	85	NITINKUMAR (TINUBHAI) VALJIBHAI FADADU	M	46	BJP	2	0	58807	234634	154322	38.11	65.77	56481	36.6	9	2.08	FALSE	1						FALSE	FALSE	FALSE	AEGJ1444	National Party	1605	12th Pass	Business		Agriculture
2017	13	Junagadh	Saurashtra-Kutch	MANAVADAR	GEN	85	None of the Above			NOTA	3		2326	234634	154322	1.51	65.77	777	0.5	9	2.08	FALSE											NOTA	5897				
2017	13	Junagadh	Saurashtra-Kutch	MANAVADAR	GEN	85	CHANDANI YUNUSBHAI ADREMANBHAI	M	54	BSP	4	0	1549	234634	154322	1	65.77	614	0.4	9	2.08	FALSE	2	LJP	5029	MANAVADAR	TRUE	FALSE	TRUE	FALSE	TRUE	AEGJ13581	State-based Party (Other State)	16651	5th Pass	Business		
2017	13	Junagadh	Saurashtra-Kutch	MANAVADAR	GEN	85	SODHA HUSHENABEN HUSHENBHAI	F	42	IND	5	0	935	234634	154322	0.61	65.77	323	0.21	9	2.08	FALSE	1						FALSE	FALSE	FALSE	AEGJ4785	Independents	10809				
2017	13	Junagadh	Saurashtra-Kutch	MANAVADAR	GEN	85	VANAVI HITENDRABHAI DEVJIBHAI	M	44	IND	6	0	612	234634	154322	0.4	65.77	37	0.02	9	2.08	FALSE	2	IND	10809	MANAVADAR	TRUE	TRUE	FALSE	FALSE	TRUE	AEGJ13584	Independents	10809				
2017	13	Junagadh	Saurashtra-Kutch	MANAVADAR	GEN	85	GADHIYA SHARDABEN RAVAJIBHAI	F	43	BNJD	7	0	575	234634	154322	0.37	65.77	224	0.15	9	2.08	FALSE	1						FALSE	FALSE	FALSE	AEGJ4773	Local Party	9441	10th Pass	Other	Household	
2017	13	Junagadh	Saurashtra-Kutch	MANAVADAR	GEN	85	MADHUKANT KANJI GAJERA	M	63	REALDP	8	0	351	234634	154322	0.23	65.77	36	0.02	9	2.08	FALSE	1						FALSE	FALSE	FALSE	AEGJ4776	Local Party	6905	Post Graduate	Other		
2017	13	Junagadh	Saurashtra-Kutch	MANAVADAR	GEN	85	TANK AMRUTLAL NARAN	M	52	IND	9	0	315	234634	154322	0.2	65.77	33	0.02	9	2.08	FALSE	1						FALSE	FALSE	FALSE	AEGJ4782	Independents	10809	8th Pass	Agriculture		
2017	13	Junagadh	Saurashtra-Kutch	MANAVADAR	GEN	85	JIVANI RAJUBHAI DAYALAL	M	49	SVPP	10	0	282	234634	154322	0.18	65.77	0	0	9	2.08	FALSE	1						FALSE	FALSE	FALSE	AEGJ4774	Local Party	7682	Graduate	Other		
2017	13	Junagadh	Saurashtra-Kutch	JUNAGADH	GEN	86	JOSHI BHIKHABHAI GALABHAI	M	72	INC	1	3	76850	256249	154936	49.6	60.46	6084	3.93	14	2.17	TRUE	5	INC	3482	JUNAGADH	TRUE	TRUE	FALSE	FALSE	TRUE	AEGJ13592	National Party	3482	10th Pass	Agriculture		
2017	13	Junagadh	Saurashtra-Kutch	JUNAGADH	GEN	86	MASHRU MAHENDRABHAI LILADHARBHAI	M	72	BJP	2	6	70766	256249	154936	45.67	60.46	68786	44.4	14	2.17	TRUE	7	BJP	1605	JUNAGADH	TRUE	TRUE	FALSE	TRUE	TRUE	AEGJ5362	National Party	1605	Graduate Professional	Business		Retired or Pension
2017	13	Junagadh	Saurashtra-Kutch	JUNAGADH	GEN	86	None of the Above			NOTA	3		1980	256249	154936	1.28	60.46	786	0.51	14	2.17	TRUE											NOTA	5897				
2017	13	Junagadh	Saurashtra-Kutch	JUNAGADH	GEN	86	CHOVATIYA DHANAJIBHAI JASMATBHAI	M	46	BSP	4	0	1194	256249	154936	0.77	60.46	142	0.09	14	2.17	TRUE	1						FALSE	FALSE	FALSE	AEGJ4793	State-based Party (Other State)	16651	5th Pass	Agriculture		
2017	13	Junagadh	Saurashtra-Kutch	JUNAGADH	GEN	86	HARESHKUMAR MANUBHAI SARDHARA	M	37	IND	5	0	1052	256249	154936	0.68	60.46	355	0.23	14	2.17	TRUE	1						FALSE	FALSE	FALSE	AEGJ4828	Independents	10809	Graduate	Salaried Work or Employed	"Insurance Agent, Qualified Professional"	
2017	13	Junagadh	Saurashtra-Kutch	JUNAGADH	GEN	86	CHAVADA DHARMENDRABHAI GOKALBHAI	M	45	PPS	6	0	697	256249	154936	0.45	60.46	183	0.12	14	2.17	TRUE	2	IND	10809	JUNAGADH	TRUE	FALSE	FALSE	FALSE	FALSE	AEGJ11810	Local Party	6180	10th Pass	Other		
2017	13	Junagadh	Saurashtra-Kutch	JUNAGADH	GEN	86	VASOYA RAMESHBHAI GOKALBHAI	M	67	IND	7	0	514	256249	154936	0.33	60.46	212	0.14	14	2.17	TRUE	1						FALSE	FALSE	FALSE	AEGJ4826	Independents	10809				
2017	13	Junagadh	Saurashtra-Kutch	JUNAGADH	GEN	86	NOYADA ABUBHAI TARMAMDBHAI	M	52	IND	8	0	302	256249	154936	0.19	60.46	3	0	14	2.17	TRUE	1						FALSE	FALSE	FALSE	AEGJ4813	Independents	10809	8th Pass	Business		
2017	13	Junagadh	Saurashtra-Kutch	JUNAGADH	GEN	86	VAGHERA KIRIT NANJIBHAI	M	27	BMUP	9	0	299	256249	154936	0.19	60.46	48	0.03	14	2.17	TRUE	1						FALSE	FALSE	FALSE	AEGJ4809	Local Party	1074		Student		
2017	13	Junagadh	Saurashtra-Kutch	JUNAGADH	GEN	86	RANINGA BHARAT PRAGAJIBHAI	M	35	AINHCP	10	0	251	256249	154936	0.16	60.46	13	0.01	14	2.17	TRUE	1						FALSE	FALSE	FALSE	AEGJ4802	Local Party	662	8th Pass	Small Business or Self-employed		
2017	13	Junagadh	Saurashtra-Kutch	JUNAGADH	GEN	86	DHIVARE DAXABEN SUBHASHBHAI	F	35	AKHP	11	0	238	256249	154936	0.15	60.46	2	0	14	2.17	TRUE	1						FALSE	FALSE	FALSE	AEGJ4798	Local Party	139	Graduate Professional	Liberal Profession or Professional	Lawyer	
2017	13	Junagadh	Saurashtra-Kutch	JUNAGADH	GEN	86	JIGNESHBHAI BABUBHAI RAKHOLIYA	M	36	SVPP	12	0	236	256249	154936	0.15	60.46	13	0.01	14	2.17	TRUE	1						FALSE	FALSE	FALSE	AEGJ4797	Local Party	7682	12th Pass	Other		
2017	13	Junagadh	Saurashtra-Kutch	JUNAGADH	GEN	86	DALASANIYA BHARATBHAI MULJIBHAI	M	51	IND	13	0	223	256249	154936	0.14	60.46	46	0.03	14	2.17	TRUE	1						FALSE	FALSE	FALSE	AEGJ4811	Independents	10809	10th Pass	Agriculture		
2017	13	Junagadh	Saurashtra-Kutch	JUNAGADH	GEN	86	PATHAR SANJAYBHAI VALLABHBHAI	M	41	RKEP	14	0	177	256249	154936	0.11	60.46	20	0.01	14	2.17	TRUE	1						FALSE	FALSE	FALSE	AEGJ4800	Local Party	6616	8th Pass	Other		
2017	13	Junagadh	Saurashtra-Kutch	JUNAGADH	GEN	86	INDRAJITSINH SURENDRASINH RATHOD	M	46	IND	15	0	157	256249	154936	0.1	60.46	0	0	14	2.17	TRUE	1						FALSE	FALSE	FALSE	AEGJ4810	Independents	10809	Graduate Professional	Liberal Profession or Professional	Lawyer	Agriculture
2017	13	Junagadh	Saurashtra-Kutch	VISAVADAR	GEN	87	RIBADIYA HARSHADKUMAR MADHAVAJIBHAI	M	46	INC	1	1	81882	240495	149709	54.69	62.25	23101	15.43	10	2.22	TRUE	2	INC	3482	VISAVADAR	TRUE	TRUE	FALSE	FALSE	FALSE	AEGJ11788	National Party	3482	10th Pass	Agriculture		
2017	13	Junagadh	Saurashtra-Kutch	VISAVADAR	GEN	87	PATEL KIRIT BALUBHAI	M	35	BJP	2	0	58781	240495	149709	39.26	62.25	56193	37.53	10	2.22	TRUE	1						FALSE	FALSE	FALSE	AEGJ2148	National Party	1605	Graduate	Business		Agriculture
2017	13	Junagadh	Saurashtra-Kutch	VISAVADAR	GEN	87	JAGUBHAI RANINGBHAI VANK	M	66	BSP	3	0	2588	240495	149709	1.73	62.25	830	0.55	10	2.22	TRUE	1						FALSE	FALSE	FALSE	AEGJ4835	State-based Party (Other State)	16651	Literate	Agriculture		
2017	13	Junagadh	Saurashtra-Kutch	VISAVADAR	GEN	87	None of the Above			NOTA	4		1758	240495	149709	1.17	62.25	665	0.44	10	2.22	TRUE											NOTA	5897				
2017	13	Junagadh	Saurashtra-Kutch	VISAVADAR	GEN	87	HARUNBHAI HUSENBHAI SUMARA	M	52	IND	5	0	1093	240495	149709	0.73	62.25	127	0.08	10	2.22	TRUE	1						FALSE	FALSE	FALSE	AEGJ4856	Independents	10809				
2017	13	Junagadh	Saurashtra-Kutch	VISAVADAR	GEN	87	BLOCH RAHIMBHAI ALIBHAI	M	35	INCP	6	0	966	240495	149709	0.65	62.25	81	0.05	10	2.22	TRUE	1						FALSE	FALSE	FALSE	AEGJ4837	Local Party	3875	10th Pass	Agriculture		
2017	13	Junagadh	Saurashtra-Kutch	VISAVADAR	GEN	87	MAKWANA DHARMENDRA VAJUBHAI	M	32	IND	7	0	885	240495	149709	0.59	62.25	253	0.17	10	2.22	TRUE	1						FALSE	FALSE	FALSE	AEGJ4855	Independents	10809				
2017	13	Junagadh	Saurashtra-Kutch	VISAVADAR	GEN	87	RAMOLIYA BHUPATBHAI BHIKHABHAI	M	45	SVPP	8	0	632	240495	149709	0.42	62.25	224	0.15	10	2.22	TRUE	1						FALSE	FALSE	FALSE	AEGJ4840	Local Party	7682	10th Pass	Labourer or Daily Wage		
2017	13	Junagadh	Saurashtra-Kutch	VISAVADAR	GEN	87	AGAVAN SADIK KARIM	M	28	IND	9	0	408	240495	149709	0.27	62.25	48	0.03	10	2.22	TRUE	1						FALSE	FALSE	FALSE	AEGJ4845	Independents	10809	8th Pass	Agriculture		
2017	13	Junagadh	Saurashtra-Kutch	VISAVADAR	GEN	87	RUPAPARA PANKAJ RAMESHBHAI	M	28	REALDP	10	0	360	240495	149709	0.24	62.25	4	0	10	2.22	TRUE	1						FALSE	FALSE	FALSE	AEGJ4841	Local Party	6905	Graduate Professional	Liberal Profession or Professional	Lawyer	
2017	13	Junagadh	Saurashtra-Kutch	VISAVADAR	GEN	87	HARESHBHAI KARAMSHIBHAI DOBARIA	M	39	AINHCP	11	0	356	240495	149709	0.24	62.25	0	0	10	2.22	TRUE	1						FALSE	FALSE	FALSE	AEGJ4842	Local Party	662	10th Pass	Agriculture		
2017	13	Junagadh	Saurashtra-Kutch	KESHOD	GEN	88	DEVABHAI PUNJABHAI MALAM	M	59	BJP	1	1	71425	224971	138777	51.47	61.69	10806	7.79	12	2.22	TRUE	1						FALSE	FALSE	FALSE	AEGJ1331	National Party	1605	Literate	Business		Agriculture
2017	13	Junagadh	Saurashtra-Kutch	KESHOD	GEN	88	JAYESHKUMAR VALJIBHAI LADANI	M	49	INC	2	0	60619	224971	138777	43.68	61.69	59135	42.61	12	2.22	TRUE	1						FALSE	FALSE	FALSE	AEGJ1333	National Party	3482	12th Pass	Business		Agriculture
2017	13	Junagadh	Saurashtra-Kutch	KESHOD	GEN	88	None of the Above			NOTA	3		1484	224971	138777	1.07	61.69	329	0.24	12	2.22	TRUE											NOTA	5897				
2017	13	Junagadh	Saurashtra-Kutch	KESHOD	GEN	88	KHIMANANDBHAI GOVINDBHAI JARER	M	53	NCP	4	0	1155	224971	138777	0.83	61.69	296	0.21	12	2.22	TRUE	1						FALSE	FALSE	FALSE	AEGJ4859	State-based Party (Other State)	5792	8th Pass	Agriculture		
2017	13	Junagadh	Saurashtra-Kutch	KESHOD	GEN	88	SHAILESHKUMAR NAUTTAMLAL PANDYA	M	35	IND	5	0	859	224971	138777	0.62	61.69	85	0.06	12	2.22	TRUE	1						FALSE	FALSE	FALSE	AEGJ4879	Independents	10809				
2017	13	Junagadh	Saurashtra-Kutch	KESHOD	GEN	88	JADAVBHAI BACHUBHAI CHUDASAMA	M	52	GJCP	6	0	774	224971	138777	0.56	61.69	15	0.01	12	2.22	TRUE	1						FALSE	FALSE	FALSE	AEGJ4860	Local Party	3163	Literate	Agriculture		
2017	13	Junagadh	Saurashtra-Kutch	KESHOD	GEN	88	LALITKUMAR LALJIBHAI DEDANIA	M	31	IND	7	0	759	224971	138777	0.55	61.69	347	0.25	12	2.22	TRUE	1						FALSE	FALSE	FALSE	AEGJ4878	Independents	10809				
2017	13	Junagadh	Saurashtra-Kutch	KESHOD	GEN	88	DHARMESHBHAI KIRTIBHAI PARMAR	M	32	BMUP	8	0	412	224971	138777	0.3	61.69	3	0	12	2.22	TRUE	1						FALSE	FALSE	FALSE	AEGJ4861	Local Party	1074	Post Graduate	Liberal Profession or Professional	Lawyer	
2017	13	Junagadh	Saurashtra-Kutch	KESHOD	GEN	88	MAHESHBHAI DEVSHIBHAI MAKWANA	M	40	IND	9	0	409	224971	138777	0.29	61.69	92	0.07	12	2.22	TRUE	1						FALSE	FALSE	FALSE	AEGJ4876	Independents	10809				
2017	13	Junagadh	Saurashtra-Kutch	KESHOD	GEN	88	PRAVINBHAI BALUBHAI VANPARIYA	M	44	IND	10	0	317	224971	138777	0.23	61.69	108	0.08	12	2.22	TRUE	1						FALSE	FALSE	FALSE	AEGJ4874	Independents	10809				
2017	13	Junagadh	Saurashtra-Kutch	KESHOD	GEN	88	ASHOK PALA	M	48	IND	11	0	209	224971	138777	0.15	61.69	17	0.01	12	2.22	TRUE	1						FALSE	FALSE	FALSE	AEGJ4871	Independents	10809				
2017	13	Junagadh	Saurashtra-Kutch	KESHOD	GEN	88	KAPIL RAMESHCHANDRA DAVE	M	35	IND	12	0	192	224971	138777	0.14	61.69	29	0.02	12	2.22	TRUE	1						FALSE	FALSE	FALSE	AEGJ4872	Independents	10809	Post Graduate	Other		
2017	13	Junagadh	Saurashtra-Kutch	KESHOD	GEN	88	NATHABHAI VASHRAMBHAI RATHOD	M	67	AINHCP	13	0	163	224971	138777	0.12	61.69	0	0	12	2.22	TRUE	1						FALSE	FALSE	FALSE	AEGJ4863	Local Party	662	8th Pass	Retired or Pension		
2017	13	Junagadh	Saurashtra-Kutch	MANGROL	GEN	89	VAJA BABUBHAI KALABHAI	M	64	INC	1	1	71654	206117	135042	53.06	65.52	13914	10.3	5	2.17	TRUE	2	IND	10809	MALIYA	FALSE	FALSE	FALSE	FALSE	FALSE	AEGJ11797	National Party	3482	10th Pass	Agriculture		
2017	13	Junagadh	Saurashtra-Kutch	MANGROL	GEN	89	KARGATIYA BHAGVANJIBHAI LAKHABHAI	M	60	BJP	2	2	57740	206117	135042	42.76	65.52	55802	41.32	5	2.17	TRUE	3	BJP	1605	MANGROL	TRUE	TRUE	FALSE	FALSE	FALSE	AEGJ9574	National Party	1605	10th Pass	Agriculture		
2017	13	Junagadh	Saurashtra-Kutch	MANGROL	GEN	89	CHANDEGARA SANJAYKUMAR KANTIBHAI	M	37	IND	3	0	1938	206117	135042	1.44	65.52	91	0.07	5	2.17	TRUE	1						FALSE	FALSE	FALSE	AEGJ4890	Independents	10809				
2017	13	Junagadh	Saurashtra-Kutch	MANGROL	GEN	89	None of the Above			NOTA	4		1847	206117	135042	1.37	65.52	609	0.45	5	2.17	TRUE											NOTA	5897				
2017	13	Junagadh	Saurashtra-Kutch	MANGROL	GEN	89	SATBHAYA ASHWINLAL KANTILAL	M	48	IND	5	0	1238	206117	135042	0.92	65.52	613	0.45	5	2.17	TRUE	1						FALSE	FALSE	FALSE	AEGJ4896	Independents	10809				
2017	13	Junagadh	Saurashtra-Kutch	MANGROL	GEN	89	DAL IKBALBHAI HASANBHAI	M	37	IND	6	0	625	206117	135042	0.46	65.52	0	0	5	2.17	TRUE	1						FALSE	FALSE	FALSE	AEGJ4891	Independents	10809				
2017	13	Gir Somnath	Saurashtra-Kutch	SOMNATH	GEN	90	CHUDASAMA VIMALBHAI KANABHAI	M	37	INC	1	1	94914	234979	178377	53.21	75.91	20450	11.46	14	2.22	TRUE	1						FALSE	FALSE	FALSE	AEGJ1928	National Party	3482	Graduate	Business		Agriculture
2017	13	Gir Somnath	Saurashtra-Kutch	SOMNATH	GEN	90	JASHABHAI BHANABHAI BARAD	M	65	BJP	2	6	74464	234979	178377	41.75	75.91	70608	39.58	14	2.22	TRUE	7	INC	3482	SOMNATH | TALALA	TRUE	FALSE	TRUE	FALSE	FALSE	AEGJ9599	National Party	1605	Graduate	Business		Agriculture
2017	13	Gir Somnath	Saurashtra-Kutch	SOMNATH	GEN	90	None of the Above			NOTA	3		3856	234979	178377	2.16	75.91	2244	1.26	14	2.22	TRUE											NOTA	5897				
2017	13	Gir Somnath	Saurashtra-Kutch	SOMNATH	GEN	90	SHAHMADAR HANIFSHA REMANSHA	M	44	BSP	4	0	1612	234979	178377	0.9	75.91	108	0.06	14	2.22	TRUE	1						FALSE	FALSE	FALSE	AEGJ4898	State-based Party (Other State)	16651	Literate	Small Business or Self-employed		
2017	13	Gir Somnath	Saurashtra-Kutch	SOMNATH	GEN	90	BHADARKA HASAN KASAM	M	49	IND	5	0	1504	234979	178377	0.84	75.91	1057	0.59	14	2.22	TRUE	1						FALSE	FALSE	FALSE	AEGJ4921	Independents	10809	10th Pass	Business		
2017	13	Gir Somnath	Saurashtra-Kutch	SOMNATH	GEN	90	DHEKA MAHMADFARUK HARUNBHAI	M	32	IND	6	0	447	234979	178377	0.25	75.91	107	0.06	14	2.22	TRUE	1						FALSE	FALSE	FALSE	AEGJ4919	Independents	10809	8th Pass	Labourer or Daily Wage	Truck Driver	
2017	13	Gir Somnath	Saurashtra-Kutch	SOMNATH	GEN	90	CHANDAPA KISHAN HAJABHAI	M	37	IND	7	0	340	234979	178377	0.19	75.91	102	0.06	14	2.22	TRUE	1						FALSE	FALSE	FALSE	AEGJ4908	Independents	10809		Agriculture		
2017	13	Gir Somnath	Saurashtra-Kutch	SOMNATH	GEN	90	TANK YUSUFBHAI REMAN	M	46	IND	8	0	238	234979	178377	0.13	75.91	11	0.01	14	2.22	TRUE	1						FALSE	FALSE	FALSE	AEGJ4915	Independents	10809	8th Pass	Labourer or Daily Wage		
2017	13	Gir Somnath	Saurashtra-Kutch	SOMNATH	GEN	90	JUNGI PRATAPBHAI CHUNILAL	M	61	IND	9	0	227	234979	178377	0.13	75.91	11	0.01	14	2.22	TRUE	1						FALSE	FALSE	FALSE	AEGJ4912	Independents	10809	Literate	Business		
2017	13	Gir Somnath	Saurashtra-Kutch	SOMNATH	GEN	90	IMRAN NURMAHMAD SIMARI	M	37	IND	10	0	216	234979	178377	0.12	75.91	84	0.05	14	2.22	TRUE	1						FALSE	FALSE	FALSE	AEGJ4901	Independents	10809	10th Pass	Business		
2017	13	Gir Somnath	Saurashtra-Kutch	SOMNATH	GEN	90	CHANCHIYA GAFARBHAI ALIBHAI	M	45	IND	11	0	132	234979	178377	0.07	75.91	6	0	14	2.22	TRUE	1						FALSE	FALSE	FALSE	AEGJ4906	Independents	10809				
2017	13	Gir Somnath	Saurashtra-Kutch	SOMNATH	GEN	90	CHAUHAN RAFIK HUSEN	M	47	IND	12	0	126	234979	178377	0.07	75.91	16	0.01	14	2.22	TRUE	1						FALSE	FALSE	FALSE	AEGJ4911	Independents	10809	Literate	Other		
2017	13	Gir Somnath	Saurashtra-Kutch	SOMNATH	GEN	90	OZA RAHULBHAI MANSUKHLAL	M	38	IND	13	0	110	234979	178377	0.06	75.91	3	0	14	2.22	TRUE	1						FALSE	FALSE	FALSE	AEGJ4902	Independents	10809	8th Pass	Business		
2017	13	Gir Somnath	Saurashtra-Kutch	SOMNATH	GEN	90	GOHEL MULJIBHAI NARANBHAI	M	38	IND	14	0	107	234979	178377	0.06	75.91	23	0.01	14	2.22	TRUE	1						FALSE	FALSE	FALSE	AEGJ4904	Independents	10809	5th Pass	Labourer or Daily Wage	Taxi Driver	Agriculture
2017	13	Gir Somnath	Saurashtra-Kutch	SOMNATH	GEN	90	GOHEL HARUN ALI	M	49	IND	15	0	84	234979	178377	0.05	75.91	0	0	14	2.22	TRUE	2	IND	10809	SOMNATH	TRUE	TRUE	FALSE	FALSE	TRUE	AEGJ100699	Independents	10809	5th Pass	Business		
2017	13	Gir Somnath	Saurashtra-Kutch	TALALA	GEN	91	AHIR BHAGABHAI DHANABHAI BARAD	M	58	INC	1	1	85897	208081	146041	58.82	70.18	31730	21.73	6	2.04	TRUE	1						FALSE	FALSE	FALSE	AEGJ1974	National Party	3482	Graduate	Other		
2017	13	Gir Somnath	Saurashtra-Kutch	TALALA	GEN	91	PARMAR GOVINDBHAI VARJANGBHAI	M	63	BJP	2	1	54167	208081	146041	37.09	70.18	51996	35.6	6	2.04	TRUE	4	BJP	1605	TALALA	TRUE	TRUE	FALSE	FALSE	FALSE	AEGJ10728	National Party	1605	12th Pass	Agriculture		
2017	13	Gir Somnath	Saurashtra-Kutch	TALALA	GEN	91	THUMAR VRUJLAL KHIMABHAI	M	54	BSP	3	0	2171	208081	146041	1.49	70.18	944	0.65	6	2.04	TRUE	1						FALSE	FALSE	FALSE	AEGJ4940	State-based Party (Other State)	16651	Graduate	Agriculture		
2017	13	Gir Somnath	Saurashtra-Kutch	TALALA	GEN	91	None of the Above			NOTA	4		1227	208081	146041	0.84	70.18	122	0.08	6	2.04	TRUE											NOTA	5897				
2017	13	Gir Somnath	Saurashtra-Kutch	TALALA	GEN	91	DAKI JAYSUKHLAL JADAVBHAI	M	60	IND	5	0	1105	208081	146041	0.76	70.18	263	0.18	6	2.04	TRUE	3	IND	10809	TALALA	TRUE	TRUE	FALSE	FALSE	FALSE	AEGJ10733	Independents	10809	10th Pass	Other		
2017	13	Gir Somnath	Saurashtra-Kutch	TALALA	GEN	91	PARMAR RAMJIBHAI MANANDBHAI	M	39	IND	6	0	842	208081	146041	0.58	70.18	210	0.14	6	2.04	TRUE	1						FALSE	FALSE	FALSE	AEGJ4944	Independents	10809	10th Pass	Labourer or Daily Wage	Taxi Driver	
2017	13	Gir Somnath	Saurashtra-Kutch	TALALA	GEN	91	BHARATHI ASHOKKUMAR REVUBHAI	M	34	IND	7	0	632	208081	146041	0.43	70.18	0	0	6	2.04	TRUE	1						FALSE	FALSE	FALSE	AEGJ4945	Independents	10809				
2017	13	Gir Somnath	Saurashtra-Kutch	KODINAR	SC	92	MOHANLAL MALABHAI VALA	M	52	INC	1	1	72408	207118	137465	52.67	66.37	14535	10.57	6	2.17	TRUE	2	INC	3482	KODINAR	TRUE	TRUE	FALSE	FALSE	TRUE	AEGJ13648	National Party	3482	Others	Business		
2017	13	Gir Somnath	Saurashtra-Kutch	KODINAR	SC	92	VADHER RAMBHAI MEPABHAI	M	56	BJP	2	0	57873	207118	137465	42.1	66.37	55488	40.37	6	2.17	TRUE	1						FALSE	FALSE	FALSE	AEGJ1363	National Party	1605	Doctorate	Other		
2017	13	Gir Somnath	Saurashtra-Kutch	KODINAR	SC	92	None of the Above			NOTA	3		2385	207118	137465	1.73	66.37	605	0.44	6	2.17	TRUE											NOTA	5897				
2017	13	Gir Somnath	Saurashtra-Kutch	KODINAR	SC	92	VINODBHAI KHIMABHAI SOLANKI	M	43	BMUP	4	0	1780	207118	137465	1.29	66.37	569	0.41	6	2.17	TRUE	1						FALSE	FALSE	FALSE	AEGJ4968	Local Party	1074	5th Pass	Business	Contractor	
2017	13	Gir Somnath	Saurashtra-Kutch	KODINAR	SC	92	VALA LALITKUMAR MADHUBHAI	M	36	NCP	5	0	1211	207118	137465	0.88	66.37	35	0.03	6	2.17	TRUE	1						FALSE	FALSE	FALSE	AEGJ4958	State-based Party (Other State)	5792	Graduate Professional	Liberal Profession or Professional	Journalist or Editor	
2017	13	Gir Somnath	Saurashtra-Kutch	KODINAR	SC	92	VADHEL MALABHAI TEJABHAI	M	57	IND	6	0	1176	207118	137465	0.86	66.37	544	0.4	6	2.17	TRUE	2	IND	10809	KODINAR	TRUE	TRUE	FALSE	FALSE	TRUE	AEGJ13652	Independents	10809	5th Pass	Labourer or Daily Wage		
2017	13	Gir Somnath	Saurashtra-Kutch	KODINAR	SC	92	VADHEL JAGDISHBHAI NATHABHAI	M	27	AINHCP	7	0	632	207118	137465	0.46	66.37	0	0	6	2.17	TRUE	1						FALSE	FALSE	FALSE	AEGJ4967	Local Party	662	10th Pass	Agriculture		
2017	13	Gir Somnath	Saurashtra-Kutch	UNA	GEN	93	VANSH PUNJABHAI BHIMABHAI	M	53	INC	1	6	72775	233334	149879	48.56	64.23	4928	3.29	8	2.27	TRUE	7	INC	3482	UNA	TRUE	TRUE	FALSE	TRUE	TRUE	AEGJ5336	National Party	3482	12th Pass	Business		Agriculture
2017	13	Gir Somnath	Saurashtra-Kutch	UNA	GEN	93	HARIBHAI BOGHABHAI SOLANKI	M	47	BJP	2	0	67847	233334	149879	45.27	64.23	65361	43.61	8	2.27	TRUE	1						FALSE	FALSE	FALSE	AEGJ1800	National Party	1605	10th Pass	Business		Agriculture
2017	13	Gir Somnath	Saurashtra-Kutch	UNA	GEN	93	PARMAR JENTIBHAI KANABHAI	M	37	BSP	3	0	2486	233334	149879	1.66	64.23	625	0.42	8	2.27	TRUE	1						FALSE	FALSE	FALSE	AEGJ4993	State-based Party (Other State)	16651	5th Pass	Unemployed		
2017	13	Gir Somnath	Saurashtra-Kutch	UNA	GEN	93	None of the Above			NOTA	4		1861	233334	149879	1.24	64.23	286	0.19	8	2.27	TRUE											NOTA	5897				
2017	13	Gir Somnath	Saurashtra-Kutch	UNA	GEN	93	HARSHADBHAI CHHAGANBHAI BAMBHANIYA	M	28	IND	5	0	1575	233334	149879	1.05	64.23	384	0.26	8	2.27	TRUE	1						FALSE	FALSE	FALSE	AEGJ5014	Independents	10809	8th Pass	Small Business or Self-employed	Self-employed	
2017	13	Gir Somnath	Saurashtra-Kutch	UNA	GEN	93	BARIA BABUBHAI BHIMABHAI	M	54	IND	6	0	1191	233334	149879	0.79	64.23	223	0.15	8	2.27	TRUE	1						FALSE	FALSE	FALSE	AEGJ5012	Independents	10809	10th Pass	Business		
2017	13	Gir Somnath	Saurashtra-Kutch	UNA	GEN	93	JESING SHAMJI RATHOD	M	34	RPIR	7	0	968	233334	149879	0.65	64.23	249	0.17	8	2.27	TRUE	1						FALSE	FALSE	FALSE	AEGJ4994	Local Party	7160				
2017	13	Gir Somnath	Saurashtra-Kutch	UNA	GEN	93	SHANTILAL DANABHAI KIDECHA	M	42	GJCP	8	0	719	233334	149879	0.48	64.23	262	0.17	8	2.27	TRUE	1						FALSE	FALSE	FALSE	AEGJ5003	Local Party	3163	5th Pass	Small Business or Self-employed	Workshop or Small Manufacturer	
2017	13	Gir Somnath	Saurashtra-Kutch	UNA	GEN	93	RATHOD DAYABHAI LAKHABHAI	M	42	BMUP	9	0	457	233334	149879	0.3	64.23	0	0	8	2.27	TRUE	1						FALSE	FALSE	FALSE	AEGJ5000	Local Party	1074	8th Pass	Business		
2017	13	Amreli	Saurashtra-Kutch	DHARI	GEN	94	J V KAKADIYA	M	53	INC	1	1	66644	211845	126943	52.5	59.92	15336	12.08	11	2.27	FALSE	2	IND	10809	DHARI	TRUE	FALSE	FALSE	FALSE	FALSE	AEGJ475	National Party	3482	Graduate	Agriculture		
2017	13	Amreli	Saurashtra-Kutch	DHARI	GEN	94	DILIP SANGHANI	M	63	BJP	2	3	51308	211845	126943	40.42	59.92	48377	38.11	11	2.27	FALSE	6	BJP	1605	AMRELI	FALSE	TRUE	FALSE	FALSE	TRUE	AEGJ14411	National Party	1605	Graduate	Liberal Profession or Professional	Lawyer	Agriculture
2017	13	Amreli	Saurashtra-Kutch	DHARI	GEN	94	None of the Above			NOTA	3		2931	211845	126943	2.31	59.92	989	0.78	11	2.27	FALSE											NOTA	5897				
2017	13	Amreli	Saurashtra-Kutch	DHARI	GEN	94	KHATARIYA HAMIRBHAI LAKHABHAI	M	47	IND	4	0	1942	211845	126943	1.53	59.92	726	0.57	11	2.27	FALSE	1						FALSE	FALSE	FALSE	AEGJ5047	Independents	10809	10th Pass	Other		
2017	13	Amreli	Saurashtra-Kutch	DHARI	GEN	94	SURESHBHAI DHIRUBHAI RAMANI	M	42	IND	5	0	1216	211845	126943	0.96	59.92	326	0.26	11	2.27	FALSE	2	IND	10809	DHARI	TRUE	TRUE	FALSE	FALSE	FALSE	AEGJ11835	Independents	10809	10th Pass	Business		
2017	13	Amreli	Saurashtra-Kutch	DHARI	GEN	94	KOLADIYA DHARMENDRABHAI KALUBHAI	M	37	AINHCP	6	0	890	211845	126943	0.7	59.92	436	0.34	11	2.27	FALSE	1						FALSE	FALSE	FALSE	AEGJ5023	Local Party	662	12th Pass	Agriculture		
2017	13	Amreli	Saurashtra-Kutch	DHARI	GEN	94	PARMAR JAYSUKHBHAI MOHANBHAI	M	48	IND	7	0	454	211845	126943	0.36	59.92	18	0.01	11	2.27	FALSE	2	BSP	16651	DHARI	TRUE	FALSE	FALSE	FALSE	FALSE	AEGJ7498	Independents	10809	10th Pass	Retired or Pension		
2017	13	Amreli	Saurashtra-Kutch	DHARI	GEN	94	KATIYA RAVJIBHAI KHIMJIBHAI	M	64	IND	8	0	436	211845	126943	0.34	59.92	55	0.04	11	2.27	FALSE	1						FALSE	FALSE	FALSE	AEGJ5040	Independents	10809	5th Pass	Social Work		
2017	13	Amreli	Saurashtra-Kutch	DHARI	GEN	94	VALA JASHUBHAI NANKABHAI	M	42	IND	9	0	381	211845	126943	0.3	59.92	99	0.08	11	2.27	FALSE	1						FALSE	FALSE	FALSE	AEGJ5080	Independents	10809	8th Pass	Agriculture		
2017	13	Amreli	Saurashtra-Kutch	DHARI	GEN	94	CHIRAGKUMAR SURESHBHAI PARMAR	M	26	IND	10	0	282	211845	126943	0.22	59.92	12	0.01	11	2.27	FALSE	1						FALSE	FALSE	FALSE	AEGJ5063	Independents	10809	10th Pass	Other		
2017	13	Amreli	Saurashtra-Kutch	DHARI	GEN	94	VALA JAYDIPBHAI BAVKUBHAI	M	27	SHS	11	0	270	211845	126943	0.21	59.92	81	0.06	11	2.27	FALSE	1						FALSE	FALSE	FALSE	AEGJ5024	State-based Party (Other State)	18691	Graduate Professional	Agricultural Labour		
2017	13	Amreli	Saurashtra-Kutch	DHARI	GEN	94	IMRANBHAI VALIBHAI PARMAR	M	32	IND	12	0	189	211845	126943	0.15	59.92	0	0	11	2.27	FALSE	1						FALSE	FALSE	FALSE	AEGJ5032	Independents	10809	10th Pass	Labourer or Daily Wage	Truck Driver	
2017	13	Amreli	Saurashtra-Kutch	AMRELI	GEN	95	PARESH DHANANI	M	41	INC	1	3	87032	268018	169808	51.25	63.36	12029	7.08	9	2.17	TRUE	4	INC	3482	AMRELI	TRUE	TRUE	FALSE	TRUE	TRUE	AEGJ10777	National Party	3482	Graduate	Agriculture		Social Work
2017	13	Amreli	Saurashtra-Kutch	AMRELI	GEN	95	BAVKUBHAI UNDHAD	M	59	BJP	2	0	75003	268018	169808	44.17	63.36	72134	42.48	9	2.17	TRUE	1						FALSE	FALSE	FALSE	AEGJ27	National Party	1605	12th Pass	Business		Agriculture
2017	13	Amreli	Saurashtra-Kutch	AMRELI	GEN	95	None of the Above			NOTA	3		2869	268018	169808	1.69	63.36	1386	0.82	9	2.17	TRUE											NOTA	5897				
2017	13	Amreli	Saurashtra-Kutch	AMRELI	GEN	95	SHUKLA BHARGAVKUMAR	M	29	IND	4	0	1483	268018	169808	0.87	63.36	316	0.19	9	2.17	TRUE	1						FALSE	FALSE	FALSE	AEGJ5124	Independents	10809	Graduate	Labourer or Daily Wage	Truck Driver	
2017	13	Amreli	Saurashtra-Kutch	AMRELI	GEN	95	MADHAD RAVAJIBHAI DANABHAI	M	47	BSP	5	0	1167	268018	169808	0.69	63.36	361	0.21	9	2.17	TRUE	1						FALSE	FALSE	FALSE	AEGJ5095	State-based Party (Other State)	16651	Graduate Professional	Liberal Profession or Professional	Lawyer	
2017	13	Amreli	Saurashtra-Kutch	AMRELI	GEN	95	LALBHAI BODAR	M	47	NCP	6	0	806	268018	169808	0.47	63.36	207	0.12	9	2.17	TRUE	1						FALSE	FALSE	FALSE	AEGJ000088	State-based Party (Other State)	5792	12th Pass	Business	Real Estate or Builder or Developer or Construction	Agriculture
2017	13	Amreli	Saurashtra-Kutch	AMRELI	GEN	95	RAJESH MADHVANI	M	46	IND	7	0	599	268018	169808	0.35	63.36	277	0.16	9	2.17	TRUE	1						FALSE	FALSE	FALSE	AEGJ5114	Independents	10809	12th Pass	Business	Agricultural Business	
2017	13	Amreli	Saurashtra-Kutch	AMRELI	GEN	95	VITTHALBHAI MAVJIBHAI GAJERA (V.M.GAJERA)	M	60	BNJD	8	0	322	268018	169808	0.19	63.36	37	0.02	9	2.17	TRUE	1						FALSE	FALSE	FALSE	AEGJ5106	Local Party	9441	Graduate	Agriculture		Social Work
2017	13	Amreli	Saurashtra-Kutch	AMRELI	GEN	95	PAGHDAL JAYANTILAL BAVABHAI	M	48	YUS	9	0	285	268018	169808	0.17	63.36	43	0.03	9	2.17	TRUE	1						FALSE	FALSE	FALSE	AEGJ5103	Local Party	8603				
2017	13	Amreli	Saurashtra-Kutch	AMRELI	GEN	95	ADIYESA RUTIL	M	34	IND	10	0	242	268018	169808	0.14	63.36	0	0	9	2.17	TRUE	1						FALSE	FALSE	FALSE	AEGJ5110	Independents	10809				
2017	13	Amreli	Saurashtra-Kutch	LATHI	GEN	96	VIRAJIBHAI THUMMAR	M	54	INC	1	3	64743	209433	129647	49.94	61.9	9343	7.21	12	2.33	TRUE	5	INC	3482	BABRA	FALSE	TRUE	FALSE	FALSE	FALSE	AEGJ7445	National Party	3482	Graduate	Business		Agriculture
2017	13	Amreli	Saurashtra-Kutch	LATHI	GEN	96	GOPALBHAI (CHAMARDI)	M	53	BJP	2	0	55400	209433	129647	42.73	61.9	52823	40.74	12	2.33	TRUE	1						FALSE	FALSE	FALSE	AEGJ1373	National Party	1605	Literate	Business		Agriculture
2017	13	Amreli	Saurashtra-Kutch	LATHI	GEN	96	None of the Above			NOTA	3		2577	209433	129647	1.99	61.9	1118	0.86	12	2.33	TRUE											NOTA	5897				
2017	13	Amreli	Saurashtra-Kutch	LATHI	GEN	96	DHARAJIYA KAUSHIKBHAI NANKUBHAI	M	39	VPP	4	0	1459	209433	129647	1.13	61.9	413	0.32	12	2.33	TRUE	1						FALSE	FALSE	FALSE	AEGJ5168	Local Party	8518				
2017	13	Amreli	Saurashtra-Kutch	LATHI	GEN	96	DABASARA VINUBHAI VALJIBHAI	M	59	NCP	5	0	1046	209433	129647	0.81	61.9	108	0.08	12	2.33	TRUE	1						FALSE	FALSE	FALSE	AEGJ5137	State-based Party (Other State)	5792		Liberal Profession or Professional	Lawyer	
2017	13	Amreli	Saurashtra-Kutch	LATHI	GEN	96	PRADIPBHAI VITHALBHAI SOJITRA	M	46	IND	6	0	938	209433	129647	0.72	61.9	60	0.05	12	2.33	TRUE	1						FALSE	FALSE	FALSE	AEGJ5205	Independents	10809	10th Pass	Agriculture		
2017	13	Amreli	Saurashtra-Kutch	LATHI	GEN	96	SOLANKI DHIRUBHAI MEGHAJIBHAI	M	44	BSP	7	0	878	209433	129647	0.68	61.9	81	0.06	12	2.33	TRUE	1						FALSE	FALSE	FALSE	AEGJ5142	State-based Party (Other State)	16651	12th Pass	Agriculture		Social Work
2017	13	Amreli	Saurashtra-Kutch	LATHI	GEN	96	M.D.(BHANUBHAI) MANJARIYA	M	65	AAAP	8	0	797	209433	129647	0.61	61.9	121	0.09	12	2.33	TRUE	2	IND	10809	LATHI	TRUE	FALSE	FALSE	FALSE	FALSE	AEGJ13690	State-based Party (Other State)	13				
2017	13	Amreli	Saurashtra-Kutch	LATHI	GEN	96	HITESH NAROLA (ROBERT)	M	30	IND	9	0	676	209433	129647	0.52	61.9	286	0.22	12	2.33	TRUE	1						FALSE	FALSE	FALSE	AEGJ5209	Independents	10809	8th Pass	Small Business or Self-employed		
2017	13	Amreli	Saurashtra-Kutch	LATHI	GEN	96	J.R.PARMAR	M	55	IND	10	0	390	209433	129647	0.3	61.9	65	0.05	12	2.33	TRUE	3	IND	10809	LATHI	TRUE	TRUE	FALSE	FALSE	TRUE	AEGJ13686	Independents	10809	5th Pass	Agriculture		
2017	13	Amreli	Saurashtra-Kutch	LATHI	GEN	96	KOTHIYA DHIRUBHAI SHAMBHUBHAI (PATEL)	M	56	SVPP	11	0	325	209433	129647	0.25	61.9	91	0.07	12	2.33	TRUE	1						FALSE	FALSE	FALSE	AEGJ5178	Local Party	7682	10th Pass	Business		
2017	13	Amreli	Saurashtra-Kutch	LATHI	GEN	96	J.D.VAVDIYA	M	33	REALDP	12	0	234	209433	129647	0.18	61.9	50	0.04	12	2.33	TRUE	1						FALSE	FALSE	FALSE	AEGJ5159	Local Party	6905	8th Pass	Business	Trader	
2017	13	Amreli	Saurashtra-Kutch	LATHI	GEN	96	ASVINBHAI BATUKBHAI LIMBASIYA	M	34	BNJD	13	0	184	209433	129647	0.14	61.9	0	0	12	2.33	TRUE	1						FALSE	FALSE	FALSE	AEGJ5147	Local Party	9441	12th Pass	Business	Real Estate or Builder or Developer or Construction	
2017	13	Amreli	Saurashtra-Kutch	SAVARKUNDLA	GEN	97	PRATAP DUDHAT	M	37	INC	1	1	66366	238315	134472	49.35	56.43	8531	6.34	11	2.38	TRUE	2	INC	3482	SAVARKUNDLA	TRUE	TRUE	FALSE	FALSE	TRUE	AEGJ13694	National Party	3482	10th Pass	Business	Real Estate or Builder or Developer or Construction	Agriculture
2017	13	Amreli	Saurashtra-Kutch	SAVARKUNDLA	GEN	97	KAMLESH RASIKBHAI KANANI	M	46	BJP	2	0	57835	238315	134472	43.01	56.43	54846	40.79	11	2.38	TRUE	1						FALSE	FALSE	FALSE	AEGJ1873	National Party	1605	10th Pass	Agriculture		
2017	13	Amreli	Saurashtra-Kutch	SAVARKUNDLA	GEN	97	None of the Above			NOTA	3		2989	238315	134472	2.22	56.43	1484	1.1	11	2.38	TRUE											NOTA	5897				
2017	13	Amreli	Saurashtra-Kutch	SAVARKUNDLA	GEN	97	KHIMASURIYA RAMESHKUMAR SHAMJIBHAI	M	41	BSP	4	0	1505	238315	134472	1.12	56.43	14	0.01	11	2.38	TRUE	1						FALSE	FALSE	FALSE	AEGJ5211	State-based Party (Other State)	16651	Graduate Professional	Liberal Profession or Professional	Lawyer	
2017	13	Amreli	Saurashtra-Kutch	SAVARKUNDLA	GEN	97	VALA HAKUBHAI MULUBHAI ( HAKU VALA )	M	38	IND	5	0	1491	238315	134472	1.11	56.43	501	0.37	11	2.38	TRUE	1						FALSE	FALSE	FALSE	AEGJ5254	Independents	10809				
2017	13	Amreli	Saurashtra-Kutch	SAVARKUNDLA	GEN	97	TOTA NATHABHAI DAYABHAI (BHARVAD)	M	35	NBNM	6	0	990	238315	134472	0.74	56.43	8	0.01	11	2.38	TRUE	2	RKSP	12157	GARIADHAR	FALSE	FALSE	TRUE	FALSE	TRUE	AEGJ13735	Local Party	5835	5th Pass	Labourer or Daily Wage		
2017	13	Amreli	Saurashtra-Kutch	SAVARKUNDLA	GEN	97	VALODRA VRAJLAL JIVABHAI	M	75	IND	7	0	982	238315	134472	0.73	56.43	53	0.04	11	2.38	TRUE	1						FALSE	FALSE	FALSE	AEGJ5261	Independents	10809	Literate	Retired or Pension		
2017	13	Amreli	Saurashtra-Kutch	SAVARKUNDLA	GEN	97	BHARATBHAI MANUBHAI CHUDASAMA	M	44	IND	8	0	929	238315	134472	0.69	56.43	489	0.36	11	2.38	TRUE	1						FALSE	FALSE	FALSE	AEGJ5249	Independents	10809	8th Pass	Other		
2017	13	Amreli	Saurashtra-Kutch	SAVARKUNDLA	GEN	97	HIMMAT BAGDA	M	45	IND	9	0	440	238315	134472	0.33	56.43	51	0.04	11	2.38	TRUE	1						FALSE	FALSE	FALSE	AEGJ5235	Independents	10809				
2017	13	Amreli	Saurashtra-Kutch	SAVARKUNDLA	GEN	97	KHACHAR VIJAYBHA RANINGBHAI	M	31	IND	10	0	389	238315	134472	0.29	56.43	41	0.03	11	2.38	TRUE	1						FALSE	FALSE	FALSE	AEGJ5226	Independents	10809	Graduate	Labourer or Daily Wage		
2017	13	Amreli	Saurashtra-Kutch	SAVARKUNDLA	GEN	97	BORAD RUPESHBHAI RAMESHBHAI	M	35	IND	11	0	348	238315	134472	0.26	56.43	140	0.1	11	2.38	TRUE	1						FALSE	FALSE	FALSE	AEGJ5240	Independents	10809	5th Pass	Agriculture		
2017	13	Amreli	Saurashtra-Kutch	SAVARKUNDLA	GEN	97	NANABHAI KALIDAS MEHTA	M	60	IND	12	0	208	238315	134472	0.15	56.43	0	0	11	2.38	TRUE	1						FALSE	FALSE	FALSE	AEGJ5232	Independents	10809	8th Pass	Agriculture		
2017	13	Amreli	Saurashtra-Kutch	RAJULA	GEN	98	DER AMARISHBHAI JIVABHAI	M	39	INC	1	1	83818	246783	164803	50.86	66.78	12719	7.72	7	2.22	TRUE	1						FALSE	FALSE	FALSE	AEGJ1802	National Party	3482	Others	Business		
2017	13	Amreli	Saurashtra-Kutch	RAJULA	GEN	98	SOLANKI HIRABHAI ODHAVJIBHAI	M	54	BJP	2	4	71099	246783	164803	43.14	66.78	68342	41.47	7	2.22	TRUE	5	BJP	1605	RAJULA	TRUE	TRUE	FALSE	TRUE	TRUE	AEGJ9652	National Party	1605	10th Pass	Business	Transport	Agriculture
2017	13	Amreli	Saurashtra-Kutch	RAJULA	GEN	98	None of the Above			NOTA	3		2757	246783	164803	1.67	66.78	788	0.48	7	2.22	TRUE											NOTA	5897				
2017	13	Amreli	Saurashtra-Kutch	RAJULA	GEN	98	SHANTUBHAI BABABHAI VARU	M	36	IND	4	0	1969	246783	164803	1.19	66.78	202	0.12	7	2.22	TRUE	1						FALSE	FALSE	FALSE	AEGJ5278	Independents	10809	Graduate	Labourer or Daily Wage	Truck Driver	
2017	13	Amreli	Saurashtra-Kutch	RAJULA	GEN	98	KATARIYA MANUBHAI MATHURBHAI	M	50	BSP	5	0	1767	246783	164803	1.07	66.78	304	0.18	7	2.22	TRUE	1						FALSE	FALSE	FALSE	AEGJ5263	State-based Party (Other State)	16651	5th Pass	Agriculture		
2017	13	Amreli	Saurashtra-Kutch	RAJULA	GEN	98	VAGHELA BHAVESHBHAI MOHANBHAI	M	37	IND	6	0	1463	246783	164803	0.89	66.78	194	0.12	7	2.22	TRUE	1						FALSE	FALSE	FALSE	AEGJ5277	Independents	10809	Graduate Professional	Liberal Profession or Professional	Lawyer	
2017	13	Amreli	Saurashtra-Kutch	RAJULA	GEN	98	VARU KESHUBHAI BAVKUBHAI	M	35	AINHCP	7	0	1269	246783	164803	0.77	66.78	608	0.37	7	2.22	TRUE	1						FALSE	FALSE	FALSE	AEGJ5264	Local Party	662	10th Pass	Agriculture		
2017	13	Amreli	Saurashtra-Kutch	RAJULA	GEN	98	LADUMOR ARVINDBHAI KARSHANBHAI	M	44	IND	8	0	661	246783	164803	0.4	66.78	0	0	7	2.22	TRUE	2	IND	10809	RAJULA	TRUE	TRUE	FALSE	FALSE	TRUE	AEGJ13707	Independents	10809	12th Pass	Agriculture		
2017	13	Bhavnagar	Saurashtra-Kutch	MAHUVA	GEN	99	MAKWANA RAGHAVBHAI CHONDABHAI	M	47	BJP	1	1	44410	208927	134636	32.99	64.44	5009	3.72	8	3.85	TRUE	1						FALSE	FALSE	FALSE	AEGJ000129	National Party	1605	10th Pass	Business	Transport	Agriculture
2017	13	Bhavnagar	Saurashtra-Kutch	MAHUVA	GEN	99	DR. KANUBHAI V. KALSARIA	M	62	IND	2	1	39401	208927	134636	29.26	64.44	8825	6.55	8	3.85	TRUE	4	IND	10809	GARIADHAR	FALSE	TRUE	FALSE	FALSE	TRUE	AEGJ13741	Independents	10809				
2017	13	Bhavnagar	Saurashtra-Kutch	MAHUVA	GEN	99	BARAIYA VIJAYBHAI RAVJIBHAI	M	32	INC	3	0	30576	208927	134636	22.71	64.44	17162	12.75	8	3.85	TRUE	1						FALSE	FALSE	FALSE	AEGJ1418	National Party	3482	10th Pass	Business		Salaried Work or Employed
2017	13	Bhavnagar	Saurashtra-Kutch	MAHUVA	GEN	99	BIPINKUMAR BHUPATRAY SANGHAVI	M	62	IND	4	0	13414	208927	134636	9.96	64.44	10761	7.99	8	3.85	TRUE	1						FALSE	FALSE	FALSE	AEGJ5299	Independents	10809				
2017	13	Bhavnagar	Saurashtra-Kutch	MAHUVA	GEN	99	None of the Above			NOTA	5		2653	208927	134636	1.97	64.44	1419	1.05	8	3.85	TRUE											NOTA	5897				
2017	13	Bhavnagar	Saurashtra-Kutch	MAHUVA	GEN	99	CHHAGANBHAI BACHUBHAI PARMAR	M	44	VPP	6	0	1234	208927	134636	0.92	64.44	213	0.16	8	3.85	TRUE	1						FALSE	FALSE	FALSE	AEGJ5285	Local Party	8518				
2017	13	Bhavnagar	Saurashtra-Kutch	MAHUVA	GEN	99	BHALIYA CHANDUBHAI BABUBHAI	M	34	GJCP	7	0	1021	208927	134636	0.76	64.44	32	0.02	8	3.85	TRUE	1						FALSE	FALSE	FALSE	AEGJ5291	Local Party	3163	8th Pass	Business		
2017	13	Bhavnagar	Saurashtra-Kutch	MAHUVA	GEN	99	GOHIL PRATAPBHAI NANJIBHAI	M	51	AINHCP	8	0	989	208927	134636	0.73	64.44	51	0.04	8	3.85	TRUE	1						FALSE	FALSE	FALSE	AEGJ5280	Local Party	662	10th Pass	Labourer or Daily Wage		Social Work
2017	13	Bhavnagar	Saurashtra-Kutch	MAHUVA	GEN	99	KALSARIYA RANCHHODBHAI JADAVBHAI	M	59	IND	9	0	938	208927	134636	0.7	64.44	0	0	8	3.85	TRUE	1						FALSE	FALSE	FALSE	AEGJ5298	Independents	10809	5th Pass	Agriculture		
2017	13	Bhavnagar	Saurashtra-Kutch	TALAJA	GEN	100	KANUBHAI MATHURAMBHAI BARAIYA	M	53	INC	1	1	66862	221907	141762	47.16	63.88	1779	1.25	12	2.33	TRUE	1						FALSE	FALSE	FALSE	AEGJ1961	National Party	3482	12th Pass	Business		
2017	13	Bhavnagar	Saurashtra-Kutch	TALAJA	GEN	100	CHAUHAN GAUTAMBHAI GOPABHAI	M	43	BJP	2	0	65083	221907	141762	45.91	63.88	62165	43.85	12	2.33	TRUE	1						FALSE	FALSE	FALSE	AEGJ1960	National Party	1605	10th Pass	Business		Agriculture
2017	13	Bhavnagar	Saurashtra-Kutch	TALAJA	GEN	100	None of the Above			NOTA	3		2918	221907	141762	2.06	63.88	1525	1.08	12	2.33	TRUE											NOTA	5897				
2017	13	Bhavnagar	Saurashtra-Kutch	TALAJA	GEN	100	KISHORBHAI RUDABHAI VAGHELA	M	32	VPP	4	0	1393	221907	141762	0.98	63.88	143	0.1	12	2.33	TRUE	1						FALSE	FALSE	FALSE	AEGJ5309	Local Party	8518				
2017	13	Bhavnagar	Saurashtra-Kutch	TALAJA	GEN	100	KAGADA RAMESHBHAI PUNABHAI	M	42	AINHCP	5	0	1250	221907	141762	0.88	63.88	8	0.01	12	2.33	TRUE	1						FALSE	FALSE	FALSE	AEGJ5304	Local Party	662	5th Pass	Agriculture		
2017	13	Bhavnagar	Saurashtra-Kutch	TALAJA	GEN	100	VEGAD HARESHBHAI BABUBHAI	M	35	IND	6	0	1242	221907	141762	0.88	63.88	351	0.25	12	2.33	TRUE	1						FALSE	FALSE	FALSE	AEGJ5337	Independents	10809	Literate	Agriculture		
2017	13	Bhavnagar	Saurashtra-Kutch	TALAJA	GEN	100	BHALIYA HARSHADBHAI.V	M	29	IND	7	0	891	221907	141762	0.63	63.88	259	0.18	12	2.33	TRUE	1						FALSE	FALSE	FALSE	AEGJ5327	Independents	10809				
2017	13	Bhavnagar	Saurashtra-Kutch	TALAJA	GEN	100	BAMBHANIA SHANTIBHAI ARJANBHAI	M	33	IND	8	0	632	221907	141762	0.45	63.88	54	0.04	12	2.33	TRUE	1						FALSE	FALSE	FALSE	AEGJ5321	Independents	10809				
2017	13	Bhavnagar	Saurashtra-Kutch	TALAJA	GEN	100	BHIL CHHAGANBHAI HAJABHAI	M	46	GJCP	9	0	578	221907	141762	0.41	63.88	286	0.2	12	2.33	TRUE	1						FALSE	FALSE	FALSE	AEGJ5311	Local Party	3163	8th Pass	Business		Agriculture
2017	13	Bhavnagar	Saurashtra-Kutch	TALAJA	GEN	100	BHARATKUMAR NANDLAL NIMAVAT	M	57	IND	10	0	292	221907	141762	0.21	63.88	66	0.05	12	2.33	TRUE	1						FALSE	FALSE	FALSE	AEGJ5324	Independents	10809				
2017	13	Bhavnagar	Saurashtra-Kutch	TALAJA	GEN	100	BARAIYA SURESHBHAI NATHABHAI	M	32	IND	11	0	226	221907	141762	0.16	63.88	10	0.01	12	2.33	TRUE	1						FALSE	FALSE	FALSE	AEGJ5323	Independents	10809	12th Pass	Business		
2017	13	Bhavnagar	Saurashtra-Kutch	TALAJA	GEN	100	GORADIYA SURESHBHAI SHANTILAL (KANSARA)	M	60	IND	12	0	216	221907	141762	0.15	63.88	37	0.03	12	2.33	TRUE	1						FALSE	FALSE	FALSE	AEGJ5312	Independents	10809				
2017	13	Bhavnagar	Saurashtra-Kutch	TALAJA	GEN	100	CHAUHAN HARSHADBHAI MANUBHAI	M	28	IND	13	0	179	221907	141762	0.13	63.88	0	0	12	2.33	TRUE	1						FALSE	FALSE	FALSE	AEGJ5319	Independents	10809	8th Pass	Business		
2017	13	Bhavnagar	Saurashtra-Kutch	GARIADHAR	GEN	101	NAKRANI KESHUBHAI HIRJIBHAI	M	60	BJP	1	6	50635	203674	113308	44.69	55.63	1876	1.66	12	2.56	TRUE	6	BJP	1605	GARIADHAR	TRUE	TRUE	FALSE	TRUE	TRUE	AEGJ7607	National Party	1605	10th Pass	Agriculture		
2017	13	Bhavnagar	Saurashtra-Kutch	GARIADHAR	GEN	101	KHENI PARESHBHAI MANJIBHAI	M	42	INC	2	0	48759	203674	113308	43.03	55.63	42114	37.17	12	2.56	TRUE	1						FALSE	FALSE	FALSE	AEGJ726	National Party	3482	5th Pass	Agriculture		
2017	13	Bhavnagar	Saurashtra-Kutch	GARIADHAR	GEN	101	CHAVADA MANUBHAI PARSOTTAMBHAI	M	56	GJCP	3	0	6645	203674	113308	5.86	55.63	5088	4.49	12	2.56	TRUE	1						FALSE	FALSE	FALSE	AEGJ5348	Local Party	3163	Graduate	Business	Rent	Agriculture
2017	13	Bhavnagar	Saurashtra-Kutch	GARIADHAR	GEN	101	None of the Above			NOTA	4		1557	203674	113308	1.37	55.63	412	0.36	12	2.56	TRUE											NOTA	5897				
2017	13	Bhavnagar	Saurashtra-Kutch	GARIADHAR	GEN	101	KANTARIYA DHIRUBHAI DEVJIBHAI	M	33	BSP	5	0	1145	203674	113308	1.01	55.63	118	0.1	12	2.56	TRUE	1						FALSE	FALSE	FALSE	AEGJ5340	State-based Party (Other State)	16651	12th Pass	Business	Real Estate or Builder or Developer or Construction	
2017	13	Bhavnagar	Saurashtra-Kutch	GARIADHAR	GEN	101	SARVAIYA MANUBHAI RUDABHAI	M	59	IND	6	0	1027	203674	113308	0.91	55.63	89	0.08	12	2.56	TRUE	1						FALSE	FALSE	FALSE	AEGJ5372	Independents	10809	5th Pass	Agriculture		
2017	13	Bhavnagar	Saurashtra-Kutch	GARIADHAR	GEN	101	GOHIL DARBAR KANUBHAI HAMIRBHAI	M	56	IND	7	0	938	203674	113308	0.83	55.63	311	0.27	12	2.56	TRUE	1						FALSE	FALSE	FALSE	AEGJ5370	Independents	10809				
2017	13	Bhavnagar	Saurashtra-Kutch	GARIADHAR	GEN	101	KHASIYA DEVJIBHAI DUDABHAI	M	60	NBNM	8	0	627	203674	113308	0.55	55.63	184	0.16	12	2.56	TRUE	1						FALSE	FALSE	FALSE	AEGJ5342	Local Party	5835	8th Pass	Other		
2017	13	Bhavnagar	Saurashtra-Kutch	GARIADHAR	GEN	101	GOSAI ASHOKGIRI SHANTIGIRI	M	51	YUS	9	0	443	203674	113308	0.39	55.63	3	0	12	2.56	TRUE	1						FALSE	FALSE	FALSE	AEGJ5343	Local Party	8603				
2017	13	Bhavnagar	Saurashtra-Kutch	GARIADHAR	GEN	101	GOSAI AMITPARI NATHUPARI	M	30	IND	10	0	440	203674	113308	0.39	55.63	34	0.03	12	2.56	TRUE	1						FALSE	FALSE	FALSE	AEGJ5364	Independents	10809	8th Pass	Labourer or Daily Wage		
2017	13	Bhavnagar	Saurashtra-Kutch	GARIADHAR	GEN	101	DABHI GABHABHAI BALUBHAI	M	49	AINHCP	11	0	406	203674	113308	0.36	55.63	54	0.05	12	2.56	TRUE	1						FALSE	FALSE	FALSE	AEGJ5351	Local Party	662	5th Pass	Other		
2017	13	Bhavnagar	Saurashtra-Kutch	GARIADHAR	GEN	101	PARMAR KALPESHBHAI MATHURBHAI	M	25	VPP	12	0	352	203674	113308	0.31	55.63	18	0.02	12	2.56	TRUE	1						FALSE	FALSE	FALSE	AEGJ5355	Local Party	8518				
2017	13	Bhavnagar	Saurashtra-Kutch	GARIADHAR	GEN	101	AJAMERI SULEMANBHAI HASANBHAI	M	49	IND	13	0	334	203674	113308	0.29	55.63	0	0	12	2.56	TRUE	2	IND	10809	GARIADHAR	TRUE	TRUE	FALSE	FALSE	TRUE	AEGJ13734	Independents	10809				
2017	13	Bhavnagar	Saurashtra-Kutch	PALITANA	GEN	102	BARAIYA BHIKHABHAI RAVAJIBHAI	M	50	BJP	1	1	69479	249697	149543	46.46	59.89	14189	9.49	15	2.78	TRUE	1						FALSE	FALSE	FALSE	AEGJ1657	National Party	1605	12th Pass	Agriculture		
2017	13	Bhavnagar	Saurashtra-Kutch	PALITANA	GEN	102	RATHOD PRAVINBHAI JINABHAI	M	46	INC	2	1	55290	249697	149543	36.97	59.89	47506	31.77	15	2.78	TRUE	2	INC	3482	PALITANA	TRUE	TRUE	FALSE	TRUE	TRUE	AEGJ13744	National Party	3482	10th Pass	Agriculture		Social Work
2017	13	Bhavnagar	Saurashtra-Kutch	PALITANA	GEN	102	GADHAVI PRAVINBHAI MULUBHAI	M	56	GJCP	3	0	7784	249697	149543	5.21	59.89	4400	2.94	15	2.78	TRUE	1						FALSE	FALSE	FALSE	AEGJ5381	Local Party	3163	12th Pass	Business		Agriculture
2017	13	Bhavnagar	Saurashtra-Kutch	PALITANA	GEN	102	RATHOD BHARATBHAI MADHUBHAI	M	37	AINHCP	4	0	3384	249697	149543	2.26	59.89	686	0.46	15	2.78	TRUE	1						FALSE	FALSE	FALSE	AEGJ5387	Local Party	662	10th Pass	Business		
2017	13	Bhavnagar	Saurashtra-Kutch	PALITANA	GEN	102	None of the Above			NOTA	5		2698	249697	149543	1.8	59.89	269	0.18	15	2.78	TRUE											NOTA	5897				
2017	13	Bhavnagar	Saurashtra-Kutch	PALITANA	GEN	102	DANKHARA NANUBHAI BHIKHABHAI	M	47	IND	6	0	2429	249697	149543	1.62	59.89	841	0.56	15	2.78	TRUE	1						FALSE	FALSE	FALSE	AEGJ5395	Independents	10809				
2017	13	Bhavnagar	Saurashtra-Kutch	PALITANA	GEN	102	LAXMANBHAI JIVABHAI MALANKIYA	M	44	IND	7	0	1588	249697	149543	1.06	59.89	234	0.16	15	2.78	TRUE	1						FALSE	FALSE	FALSE	AEGJ5401	Independents	10809				
2017	13	Bhavnagar	Saurashtra-Kutch	PALITANA	GEN	102	RAKESH G. PAGI	M	27	LOKSP	8	0	1354	249697	149543	0.91	59.89	291	0.19	15	2.78	TRUE	1						FALSE	FALSE	FALSE	AEGJ5382	Local Party	5174	12th Pass	Business		
2017	13	Bhavnagar	Saurashtra-Kutch	PALITANA	GEN	102	MEVADA MAHESHBHAI SHAMJIBHAI	M	34	BSP	9	0	1063	249697	149543	0.71	59.89	208	0.14	15	2.78	TRUE	2	BSP	16651	PALITANA	TRUE	TRUE	FALSE	FALSE	TRUE	AEGJ13746	State-based Party (Other State)	16651	5th Pass	Labourer or Daily Wage		
2017	13	Bhavnagar	Saurashtra-Kutch	PALITANA	GEN	102	VAGHELA VIPULBHAI BHARATBHAI	M	32	JANSAPP	10	0	855	249697	149543	0.57	59.89	24	0.02	15	2.78	TRUE	1						FALSE	FALSE	FALSE	AEGJ5388	Local Party	4169	12th Pass	Other		
2017	13	Bhavnagar	Saurashtra-Kutch	PALITANA	GEN	102	LALLUBHAI JINABHAI DAKHARA	M	43	IND	11	0	831	249697	149543	0.56	59.89	9	0.01	15	2.78	TRUE	1						FALSE	FALSE	FALSE	AEGJ5399	Independents	10809				
2017	13	Bhavnagar	Saurashtra-Kutch	PALITANA	GEN	102	SAIYAD USMANBHAI NATHABHAI	M	38	IND	12	0	822	249697	149543	0.55	59.89	57	0.04	15	2.78	TRUE	2	RPI(A)	12285	PALITANA	TRUE	FALSE	FALSE	FALSE	FALSE	AEGJ11880	Independents	10809	Literate	Labourer or Daily Wage	Truck Driver	
2017	13	Bhavnagar	Saurashtra-Kutch	PALITANA	GEN	102	CHAUHAN NARSHIBHAI UKABHAI	M	49	IND	13	0	765	249697	149543	0.51	59.89	261	0.17	15	2.78	TRUE	1						FALSE	FALSE	FALSE	AEGJ5392	Independents	10809	Literate	Labourer or Daily Wage		
2017	13	Bhavnagar	Saurashtra-Kutch	PALITANA	GEN	102	NAKRANI VIJAYBHAI MAHESHBHAI	M	37	IND	14	0	504	249697	149543	0.34	59.89	147	0.1	15	2.78	TRUE	1						FALSE	FALSE	FALSE	AEGJ5396	Independents	10809	Graduate Professional	Liberal Profession or Professional	Lawyer	
2017	13	Bhavnagar	Saurashtra-Kutch	PALITANA	GEN	102	JIVRAJBHAI VELAJIBHAI MAKWANA	M	47	IND	15	0	357	249697	149543	0.24	59.89	17	0.01	15	2.78	TRUE	1						FALSE	FALSE	FALSE	AEGJ5393	Independents	10809	Literate	Agricultural Labour		
2017	13	Bhavnagar	Saurashtra-Kutch	PALITANA	GEN	102	KHADRANI ASIMBHAI PIRBHAI	M	43	IND	16	0	340	249697	149543	0.23	59.89	0	0	15	2.78	TRUE	1						FALSE	FALSE	FALSE	GEGJ3049	Independents	10809	Graduate	Business	Contractor	
2017	13	Bhavnagar	Saurashtra-Kutch	BHAVNAGAR RURAL	GEN	103	PARSOTTAMBHAI ODHAVJIBHAI SOLANKI	M	56	BJP	1	5	89555	258467	161946	55.3	62.66	30993	19.14	10	2.27	TRUE	5	BJP	1605	BHAVNAGAR RURAL	TRUE	TRUE	FALSE	TRUE	TRUE	AEGJ13759	National Party	1605	Others	Business	Real Estate or Builder or Developer or Construction	Agriculture
2017	13	Bhavnagar	Saurashtra-Kutch	BHAVNAGAR RURAL	GEN	103	KANTIBHAI TAPUBHAI CHAUHAN	M	52	INC	2	0	58562	258467	161946	36.16	62.66	55099	34.02	10	2.27	TRUE	1						FALSE	FALSE	FALSE	AEGJ221	National Party	3482	Graduate Professional	Liberal Profession or Professional	Lawyer	
2017	13	Bhavnagar	Saurashtra-Kutch	BHAVNAGAR RURAL	GEN	103	None of the Above			NOTA	3		3463	258467	161946	2.14	62.66	1320	0.82	10	2.27	TRUE											NOTA	5897				
2017	13	Bhavnagar	Saurashtra-Kutch	BHAVNAGAR RURAL	GEN	103	SOLANKI VICKY GIRISHBHAI	M	27	IND	4	0	2143	258467	161946	1.32	62.66	184	0.11	10	2.27	TRUE	1						FALSE	FALSE	FALSE	AEGJ5448	Independents	10809	12th Pass	Small Business or Self-employed	Shop Keeper	
2017	13	Bhavnagar	Saurashtra-Kutch	BHAVNAGAR RURAL	GEN	103	GOHIL NARENDRABHAI DIPAKBHAI	M	37	LOKSP	5	0	1959	258467	161946	1.21	62.66	515	0.32	10	2.27	TRUE	1						FALSE	FALSE	FALSE	AEGJ5438	Local Party	5174		Business		
2017	13	Bhavnagar	Saurashtra-Kutch	BHAVNAGAR RURAL	GEN	103	GOHIL DIGVIJAYSINH BHIKHUBHA	M	33	BSP	6	0	1444	258467	161946	0.89	62.66	160	0.1	10	2.27	TRUE	2	BSP	16651	BHAVNAGAR RURAL	TRUE	TRUE	FALSE	FALSE	TRUE	AEGJ13758	State-based Party (Other State)	16651	Graduate	Other		
2017	13	Bhavnagar	Saurashtra-Kutch	BHAVNAGAR RURAL	GEN	103	VINODBHAI KANJIBHAI SOLANKI	M	46	VPP	7	0	1284	258467	161946	0.79	62.66	0	0	10	2.27	TRUE	1						FALSE	FALSE	FALSE	AEGJ5443	Local Party	8518				
2017	13	Bhavnagar	Saurashtra-Kutch	BHAVNAGAR RURAL	GEN	103	GOHIL PRAVINSINH DHIRUBHA	M	53	AINHCP	8	0	1284	258467	161946	0.79	62.66	84	0.05	10	2.27	TRUE	1						FALSE	FALSE	FALSE	GEGJ3071	Local Party	662	10th Pass	Retired or Pension		Agriculture
2017	13	Bhavnagar	Saurashtra-Kutch	BHAVNAGAR RURAL	GEN	103	HEMANTSINH KARANSINH GOHIL	M	51	IND	9	0	1200	258467	161946	0.74	62.66	635	0.39	10	2.27	TRUE	3	IND	10809	GHOGHO	FALSE	TRUE	FALSE	FALSE	FALSE	AEGJ5456	Independents	10809	Literate	Agriculture		
2017	13	Bhavnagar	Saurashtra-Kutch	BHAVNAGAR RURAL	GEN	103	DAKHARA TULASIBHAI LAXMANBHAI	M	51	IND	10	0	565	258467	161946	0.35	62.66	78	0.05	10	2.27	TRUE	1						FALSE	FALSE	FALSE	AEGJ5446	Independents	10809	8th Pass	Agriculture		Social Work
2017	13	Bhavnagar	Saurashtra-Kutch	BHAVNAGAR RURAL	GEN	103	GOHIL DILAVARSINH CHHANUBHA	M	42	IND	11	0	487	258467	161946	0.3	62.66	0	0	10	2.27	TRUE	1						FALSE	FALSE	FALSE	AEGJ5445	Independents	10809	10th Pass	Other		
2017	13	Bhavnagar	Saurashtra-Kutch	BHAVNAGAR EAST	GEN	104	DAVE VIBHAVARI	F	58	BJP	1	1	87323	243497	158851	54.97	65.24	22442	14.13	4	2.13	TRUE	1						FALSE	FALSE	FALSE	AEGJ209	National Party	1605	Post Graduate	Agriculture		
2017	13	Bhavnagar	Saurashtra-Kutch	BHAVNAGAR EAST	GEN	104	RATHOD NITABEN BABUBHAI	F	35	INC	2	0	64881	243497	158851	40.84	65.24	61422	38.67	4	2.13	TRUE	1						FALSE	FALSE	FALSE	AEGJ215	National Party	3482	Post Graduate	Other		
2017	13	Bhavnagar	Saurashtra-Kutch	BHAVNAGAR EAST	GEN	104	None of the Above			NOTA	3		3459	243497	158851	2.18	65.24	1422	0.9	4	2.13	TRUE											NOTA	5897				
2017	13	Bhavnagar	Saurashtra-Kutch	BHAVNAGAR EAST	GEN	104	CHAUHAN SURESHBHAI CHHABILDAS	M	55	VPP	4	0	2037	243497	158851	1.28	65.24	886	0.56	4	2.13	TRUE	1						FALSE	FALSE	FALSE	AEGJ5460	Local Party	8518				
2017	13	Bhavnagar	Saurashtra-Kutch	BHAVNAGAR EAST	GEN	104	SOLANKI USMANBHAI AHAMADBHAI	M	63	IND	5	0	1151	243497	158851	0.72	65.24	0	0	4	2.13	TRUE	1						FALSE	FALSE	FALSE	AEGJ5472	Independents	10809				
2017	13	Bhavnagar	Saurashtra-Kutch	BHAVNAGAR WEST	GEN	105	JITENDRABHAI SAVAJIBHAI VAGHANI (JITU VAGHANI)	M	47	BJP	1	2	83701	241785	151406	55.28	62.62	27185	17.96	10	2.22	TRUE	3	BJP	1605	BHAVNAGAR WEST	TRUE	TRUE	FALSE	TRUE	TRUE	AEGJ11932	National Party	1605	Graduate Professional	Business	Real Estate or Builder or Developer or Construction	Salaried Work or Employed
2017	13	Bhavnagar	Saurashtra-Kutch	BHAVNAGAR WEST	GEN	105	GOHIL DILIPSINH AJITSINH	M	67	INC	2	0	56516	241785	151406	37.33	62.62	53015	35.02	10	2.22	TRUE	1						FALSE	FALSE	FALSE	GEGJ63498	National Party	3482	Graduate Professional	Business		
2017	13	Bhavnagar	Saurashtra-Kutch	BHAVNAGAR WEST	GEN	105	DHARAMASHIBHAI RAMJIBHAI DHAPA	M	43	VPP	3	0	3501	241785	151406	2.31	62.62	311	0.21	10	2.22	TRUE	2	SP	7425	BHAVNAGAR NORTH	FALSE	FALSE	TRUE	FALSE	FALSE	AEGJ10853	Local Party	8518				
2017	13	Bhavnagar	Saurashtra-Kutch	BHAVNAGAR WEST	GEN	105	None of the Above			NOTA	4		3190	241785	151406	2.11	62.62	1516	1	10	2.22	TRUE											NOTA	5897				
2017	13	Bhavnagar	Saurashtra-Kutch	BHAVNAGAR WEST	GEN	105	MAKAWANA SANJAYBHAI MAGANBHAI	M	40	SHS	5	0	1674	241785	151406	1.11	62.62	664	0.44	10	2.22	TRUE	1						FALSE	FALSE	FALSE	AEGJ5483	State-based Party (Other State)	18691	8th Pass	Business	Transport	
2017	13	Bhavnagar	Saurashtra-Kutch	BHAVNAGAR WEST	GEN	105	PANKAJBHAI MOHANBHAI SANDISH	M	47	IND	6	0	1010	241785	151406	0.67	62.62	236	0.16	10	2.22	TRUE	1						FALSE	FALSE	FALSE	AEGJ5496	Independents	10809	5th Pass	Labourer or Daily Wage	Auto-rickshaw Driver	
2017	13	Bhavnagar	Saurashtra-Kutch	BHAVNAGAR WEST	GEN	105	RATHOD DINESHBHAI LAKHABHAI	M	34	BSP	7	0	774	241785	151406	0.51	62.62	394	0.26	10	2.22	TRUE	1						FALSE	FALSE	FALSE	AEGJ5473	State-based Party (Other State)	16651	5th Pass	Business	Real Estate or Builder or Developer or Construction	
2017	13	Bhavnagar	Saurashtra-Kutch	BHAVNAGAR WEST	GEN	105	PATHAN VAJIRKHAN MOHABBATKHAN	M	47	IND	8	0	380	241785	151406	0.25	62.62	75	0.05	10	2.22	TRUE	1						FALSE	FALSE	FALSE	AEGJ5495	Independents	10809	8th Pass	Small Business or Self-employed		
2017	13	Bhavnagar	Saurashtra-Kutch	BHAVNAGAR WEST	GEN	105	DHARAIYA NARESHBHAI KHIMAJIBHAI	M	39	IND	9	0	305	241785	151406	0.2	62.62	90	0.06	10	2.22	TRUE	1						FALSE	FALSE	FALSE	AEGJ5488	Independents	10809	8th Pass	Labourer or Daily Wage		
2017	13	Bhavnagar	Saurashtra-Kutch	BHAVNAGAR WEST	GEN	105	GORI SADIK A.SATARBHAI	M	39	IND	10	0	215	241785	151406	0.14	62.62	75	0.05	10	2.22	TRUE	1						FALSE	FALSE	FALSE	AEGJ5487	Independents	10809	8th Pass	Other		
2017	13	Bhavnagar	Saurashtra-Kutch	BHAVNAGAR WEST	GEN	105	VEGAD NATHABHAI BACHUBHAI	M	47	RAJPA	11	0	140	241785	151406	0.09	62.62	0	0	10	2.22	TRUE	1						FALSE	FALSE	FALSE	AEGJ5484	Local Party	6567	Graduate	Social Work		
2017	13	Botad	Saurashtra-Kutch	GADHADA	SC	106	MARU PRAVINBHAI TIDABHAI	M	57	INC	1	2	69457	241794	137070	50.67	56.69	9424	6.88	8	2.22	FALSE	4	INC	3482	GADHADA	TRUE	TRUE	FALSE	FALSE	TRUE	AEGJ10808	National Party	3482	Graduate	Business		
2017	13	Botad	Saurashtra-Kutch	GADHADA	SC	106	ATMARAM MAKANBHAI PARMAR	M	59	BJP	2	4	60033	241794	137070	43.8	56.69	57165	41.7	8	2.22	FALSE	6	BJP	1605	GADHADA	TRUE	TRUE	FALSE	TRUE	TRUE	AEGJ10809	National Party	1605	Post Graduate	Agriculture		Social Work
2017	13	Botad	Saurashtra-Kutch	GADHADA	SC	106	None of the Above			NOTA	3		2868	241794	137070	2.09	56.69	1507	1.1	8	2.22	FALSE											NOTA	5897				
2017	13	Botad	Saurashtra-Kutch	GADHADA	SC	106	V. V. PARMAR	M	62	IND	4	0	1361	241794	137070	0.99	56.69	360	0.26	8	2.22	FALSE	1						FALSE	FALSE	FALSE	AEGJ5509	Independents	10809				
2017	13	Botad	Saurashtra-Kutch	GADHADA	SC	106	SOLANKI MANJIBHAI VIRABHAI	M	36	NCP	5	0	1001	241794	137070	0.73	56.69	84	0.06	8	2.22	FALSE	1						FALSE	FALSE	FALSE	AEGJ5498	State-based Party (Other State)	5792	Literate	Agriculture		
2017	13	Botad	Saurashtra-Kutch	GADHADA	SC	106	PARMAR GAGAJIBHAI POLABHAI	M	43	IND	6	0	917	241794	137070	0.67	56.69	303	0.22	8	2.22	FALSE	1						FALSE	FALSE	FALSE	AEGJ5508	Independents	10809				
2017	13	Botad	Saurashtra-Kutch	GADHADA	SC	106	ASHOKBHAI BHAYABHAI GILATAR	M	47	VPP	7	0	614	241794	137070	0.45	56.69	171	0.12	8	2.22	FALSE	1						FALSE	FALSE	FALSE	AEGJ5503	Local Party	8518				
2017	13	Botad	Saurashtra-Kutch	GADHADA	SC	106	SOLANKI MINABEN SHANTILAL	F	34	BSP	8	0	443	241794	137070	0.32	56.69	67	0.05	8	2.22	FALSE	1						FALSE	FALSE	FALSE	AEGJ5502	State-based Party (Other State)	16651	Literate	Other	Household	
2017	13	Botad	Saurashtra-Kutch	GADHADA	SC	106	MAKWANA DALPATBHAI MOHANBHAI	M	47	AINHCP	9	0	376	241794	137070	0.27	56.69	0	0	8	2.22	FALSE	1						FALSE	FALSE	FALSE	AEGJ5504	Local Party	662	12th Pass	Business		
2017	13	Botad	Saurashtra-Kutch	BOTAD	GEN	107	SAURABH PATEL (DALAL)	M	59	BJP	1	5	79623	259693	177254	44.92	68.26	906	0.51	25	2.5	TRUE	5	BJP	1605	AKOTA	FALSE	TRUE	FALSE	TRUE	TRUE	AEGJ14062	National Party	1605	Post Graduate	Business		
2017	13	Botad	Saurashtra-Kutch	BOTAD	GEN	107	KALATHIYA DHIRAJLAL MADHAVJIBHAI (D.M.PATEL)	M	56	INC	2	0	78717	259693	177254	44.41	68.26	74009	41.75	25	2.5	TRUE	1						FALSE	FALSE	FALSE	AEGJ281	National Party	3482	12th Pass	Business	Real Estate or Builder or Developer or Construction	Agriculture
2017	13	Botad	Saurashtra-Kutch	BOTAD	GEN	107	JAMOD SOMABHAI RAMJIBHAI	M	34	IND	3	0	4708	259693	177254	2.66	68.26	2461	1.39	25	2.5	TRUE	1						FALSE	FALSE	FALSE	AEGJ5552	Independents	10809	8th Pass	Other		
2017	13	Botad	Saurashtra-Kutch	BOTAD	GEN	107	DALVADI MANSUKHABHAI LAXMANBHAI	M	46	IND	4	0	2247	259693	177254	1.27	68.26	419	0.24	25	2.5	TRUE	1						FALSE	FALSE	FALSE	AEGJ5560	Independents	10809				
2017	13	Botad	Saurashtra-Kutch	BOTAD	GEN	107	NAKABHAI VELABHAI BARAIYA	M	51	IND	5	0	1828	259693	177254	1.03	68.26	494	0.28	25	2.5	TRUE	2	IND	10809	BOTAD	TRUE	TRUE	FALSE	FALSE	TRUE	AEGJ13803	Independents	10809	Literate	Agriculture		
2017	13	Botad	Saurashtra-Kutch	BOTAD	GEN	107	None of the Above			NOTA	6		1334	259693	177254	0.75	68.26	368	0.21	25	2.5	TRUE											NOTA	5897				
2017	13	Botad	Saurashtra-Kutch	BOTAD	GEN	107	CHAVDA GUNVANTBHAI BHIMJIBHAI	M	51	BSP	7	0	966	259693	177254	0.54	68.26	151	0.09	25	2.5	TRUE	2	BSP	16651	BOTAD	TRUE	TRUE	FALSE	FALSE	TRUE	AEGJ13804	State-based Party (Other State)	16651	Graduate	Other		
2017	13	Botad	Saurashtra-Kutch	BOTAD	GEN	107	KHAMBHALIA SURABHAI DEVAYATBHAI	M	40	SHS	8	0	815	259693	177254	0.46	68.26	133	0.08	25	2.5	TRUE	1						FALSE	FALSE	FALSE	AEGJ5516	State-based Party (Other State)	18691	Literate	Other		
2017	13	Botad	Saurashtra-Kutch	BOTAD	GEN	107	JAMOD PRABHUBHAI VALJIBHAI	M	36	GJCP	9	0	682	259693	177254	0.38	68.26	26	0.01	25	2.5	TRUE	1						FALSE	FALSE	FALSE	AEGJ5522	Local Party	3163	8th Pass	Agriculture		
2017	13	Botad	Saurashtra-Kutch	BOTAD	GEN	107	GHANSHYAMBHAI GHUGHABHAI DHARAJIYA	M	33	NCP	10	0	656	259693	177254	0.37	68.26	45	0.03	25	2.5	TRUE	1						FALSE	FALSE	FALSE	AEGJ5513	State-based Party (Other State)	5792	12th Pass	Agriculture		
2017	13	Botad	Saurashtra-Kutch	BOTAD	GEN	107	CHAUHAN MULSHANKARBHAI RAGHURAMBHAI	M	49	IND	11	0	611	259693	177254	0.34	68.26	33	0.02	25	2.5	TRUE	1						FALSE	FALSE	FALSE	AEGJ5550	Independents	10809	8th Pass	Business	Contractor	
2017	13	Botad	Saurashtra-Kutch	BOTAD	GEN	107	BABUBHAI TALSHIBHAI	M	38	IND	12	0	578	259693	177254	0.33	68.26	118	0.07	25	2.5	TRUE	1						FALSE	FALSE	FALSE	AEGJ5580	Independents	10809				
2017	13	Botad	Saurashtra-Kutch	BOTAD	GEN	107	BALIYA RATNABHAI SAMATBHAI	M	44	IND	13	0	460	259693	177254	0.26	68.26	22	0.01	25	2.5	TRUE	1						FALSE	FALSE	FALSE	AEGJ5579	Independents	10809	Literate	Business	Agricultural Business	
2017	13	Botad	Saurashtra-Kutch	BOTAD	GEN	107	RAMESHBHAI NARANBHAI METALIYA	M	46	IND	14	0	438	259693	177254	0.25	68.26	11	0.01	25	2.5	TRUE	1						FALSE	FALSE	FALSE	AEGJ5594	Independents	10809	5th Pass	Labourer or Daily Wage		
2017	13	Botad	Saurashtra-Kutch	BOTAD	GEN	107	CHAUHAN BHARATBHAI SAVJIBHAI	M	36	IND	15	0	427	259693	177254	0.24	68.26	2	0	25	2.5	TRUE	1						FALSE	FALSE	FALSE	AEGJ5536	Independents	10809	5th Pass	Labourer or Daily Wage	Truck Driver	
2017	13	Botad	Saurashtra-Kutch	BOTAD	GEN	107	JANGAD ABUBAKAR RAHIMBHAI	M	57	IND	16	0	425	259693	177254	0.24	68.26	64	0.04	25	2.5	TRUE	3	IND	10809	BOTAD	TRUE	TRUE	FALSE	FALSE	TRUE	AEGJ9667	Independents	10809	5th Pass	Business		
2017	13	Botad	Saurashtra-Kutch	BOTAD	GEN	107	BAVALIYA JILUBHAI MITHABHAI	M	47	AAAP	17	0	361	259693	177254	0.2	68.26	12	0.01	25	2.5	TRUE	1						FALSE	FALSE	FALSE	AEGJ5525	State-based Party (Other State)	13				
2017	13	Botad	Saurashtra-Kutch	BOTAD	GEN	107	RAMJIBHAI KUKABHAI SAPARA	M	53	IND	18	0	349	259693	177254	0.2	68.26	14	0.01	25	2.5	TRUE	1						FALSE	FALSE	FALSE	AEGJ5595	Independents	10809	Illiterate	Agriculture		
2017	13	Botad	Saurashtra-Kutch	BOTAD	GEN	107	CHAUHAN MUNNABHAI HIRABHAI	M	29	IND	19	0	335	259693	177254	0.19	68.26	10	0.01	25	2.5	TRUE	1						FALSE	FALSE	FALSE	AEGJ5545	Independents	10809				
2017	13	Botad	Saurashtra-Kutch	BOTAD	GEN	107	CHAVDA PRAKASHBHAI BHARATBHAI	M	27	IND	20	0	325	259693	177254	0.18	68.26	31	0.02	25	2.5	TRUE	1						FALSE	FALSE	FALSE	AEGJ5533	Independents	10809				
2017	13	Botad	Saurashtra-Kutch	BOTAD	GEN	107	BAVALIYA PUNAMBHAI DHANJIBHAI	M	43	IND	21	0	294	259693	177254	0.17	68.26	10	0.01	25	2.5	TRUE	1						FALSE	FALSE	FALSE	AEGJ5582	Independents	10809	Literate	Small Business or Self-employed		
2017	13	Botad	Saurashtra-Kutch	BOTAD	GEN	107	MORADIYA NITESHBHAI PURUSHOTAMBHAI	M	39	IND	22	0	284	259693	177254	0.16	68.26	35	0.02	25	2.5	TRUE	1						FALSE	FALSE	FALSE	AEGJ5593	Independents	10809				
2017	13	Botad	Saurashtra-Kutch	BOTAD	GEN	107	CHAUHAN KAMLESHBHAI ARJANBHAI	M	35	VPP	23	0	249	259693	177254	0.14	68.26	53	0.03	25	2.5	TRUE	1						FALSE	FALSE	FALSE	AEGJ5517	Local Party	8518				
2017	13	Botad	Saurashtra-Kutch	BOTAD	GEN	107	MER KALUBHAI SHIVABHAI	M	45	IND	24	0	196	259693	177254	0.11	68.26	12	0.01	25	2.5	TRUE	1						FALSE	FALSE	FALSE	AEGJ5586	Independents	10809				
2017	13	Botad	Saurashtra-Kutch	BOTAD	GEN	107	PATEL MAHESHBHAI RAMNIKBHAI	M	27	IND	25	0	184	259693	177254	0.1	68.26	22	0.01	25	2.5	TRUE	1						FALSE	FALSE	FALSE	AEGJ5574	Independents	10809	Post Graduate	Labourer or Daily Wage		
2017	13	Botad	Saurashtra-Kutch	BOTAD	GEN	107	ARJANBHAI SHIVABHAI DHARAJIYA	M	37	IND	26	0	162	259693	177254	0.09	68.26	0	0	25	2.5	TRUE	1						FALSE	FALSE	FALSE	AEGJ5527	Independents	10809	Illiterate	Other		
2017	13	Anand	Central Gujarat	KHAMBHAT	GEN	108	MAHESHKUMAR KANAIYALAL RAVAL (MAYUR RAVAL)	M	51	BJP	1	1	71459	213649	148717	48.05	69.61	2318	1.56	7	2.22	TRUE	1						FALSE	FALSE	FALSE	AEGJ1337	National Party	1605	10th Pass	Agriculture		
2017	13	Anand	Central Gujarat	KHAMBHAT	GEN	108	PATEL KHUSHMANBHAI SHANTILAL	M	64	INC	2	0	69141	213649	148717	46.49	69.61	66410	44.66	7	2.22	TRUE	1						FALSE	FALSE	FALSE	AEGJ1352	National Party	3482	8th Pass	Other		
2017	13	Anand	Central Gujarat	KHAMBHAT	GEN	108	None of the Above			NOTA	3		2731	213649	148717	1.84	69.61	1232	0.83	7	2.22	TRUE											NOTA	5897				
2017	13	Anand	Central Gujarat	KHAMBHAT	GEN	108	BHADRIKKUMAR HIRABHAI SOLANKI	M	31	BSP	4	0	1499	213649	148717	1.01	69.61	344	0.23	7	2.22	TRUE	1						FALSE	FALSE	FALSE	AEGJ5602	State-based Party (Other State)	16651	10th Pass	Other		
2017	13	Anand	Central Gujarat	KHAMBHAT	GEN	108	PATEL CHANDRAKANTBHAI BHAILALBHAI	M	56	INCP	5	0	1155	213649	148717	0.78	69.61	184	0.12	7	2.22	TRUE	4	GPP	3167	KHAMBHAT	TRUE	FALSE	TRUE	FALSE	TRUE	AEGJ13810	Local Party	3875	5th Pass	Business		
2017	13	Anand	Central Gujarat	KHAMBHAT	GEN	108	DR. PATEL DINESHBHAI SHANABHAI	M	56	NBNM	6	0	971	213649	148717	0.65	69.61	4	0	7	2.22	TRUE	2	NBN	5834	MANINAGAR | ANAND	FALSE	FALSE	TRUE	FALSE	FALSE	AEGJ13842	Local Party	5835	Doctorate	Liberal Profession or Professional	Journalist or Editor	Social Work
2017	13	Anand	Central Gujarat	KHAMBHAT	GEN	108	PARMAR TARAKBHAI HIMMATBHAI	M	29	GJCP	7	0	967	213649	148717	0.65	69.61	173	0.12	7	2.22	TRUE	1						FALSE	FALSE	FALSE	AEGJ5617	Local Party	3163	12th Pass	Small Business or Self-employed	Workshop or Small Manufacturer	
2017	13	Anand	Central Gujarat	KHAMBHAT	GEN	108	PURSHOTTAM ALIAS KANUBHAI MATHURBHAI CHAUHAN	M	64	IND	8	0	794	213649	148717	0.53	69.61	0	0	7	2.22	TRUE	2	BSP	16651	KHAMBHAT	TRUE	FALSE	FALSE	FALSE	TRUE	AEGJ13811	Independents	10809				
2017	13	Anand	Central Gujarat	BORSAD	GEN	109	PARMAR RAJENDRASINH DHIRSINH	M	49	INC	1	5	86254	241934	169774	50.81	70.17	11468	6.75	7	2.22	TRUE	5	INC	3482	BORSAD	TRUE	TRUE	FALSE	TRUE	TRUE	AEGJ100354	National Party	3482	10th Pass	Agriculture		
2017	13	Anand	Central Gujarat	BORSAD	GEN	109	RAMANBHAI BHIKHABHAI SOLANKI	M	53	BJP	2	0	74786	241934	169774	44.05	70.17	72611	42.77	7	2.22	TRUE	2	BJP	1605	BHADRAN	FALSE	TRUE	FALSE	FALSE	FALSE	AEGJ12445	National Party	1605	10th Pass	Education	College Professor or Lecturer	
2017	13	Anand	Central Gujarat	BORSAD	GEN	109	None of the Above			NOTA	3		2175	241934	169774	1.28	70.17	231	0.14	7	2.22	TRUE											NOTA	5897				
2017	13	Anand	Central Gujarat	BORSAD	GEN	109	PARMAR RAKESHKUMAR PRAVINBHAI	M	26	BSP	4	0	1944	241934	169774	1.15	70.17	32	0.02	7	2.22	TRUE	1						FALSE	FALSE	FALSE	AEGJ5637	State-based Party (Other State)	16651	12th Pass	Other		
2017	13	Anand	Central Gujarat	BORSAD	GEN	109	MAKWANA PRAKASHKUMAR VITHTHALBHAI	M	30	IND	5	0	1912	241934	169774	1.13	70.17	662	0.39	7	2.22	TRUE	1						FALSE	FALSE	FALSE	AEGJ5672	Independents	10809	Graduate	Other		
2017	13	Anand	Central Gujarat	BORSAD	GEN	109	ARPANKUMAR BHASKARBHAI PATEL	M	30	IND	6	0	1250	241934	169774	0.74	70.17	287	0.17	7	2.22	TRUE	2	IND	10809	SAVLI	FALSE	TRUE	FALSE	FALSE	TRUE	AEGJ5661	Independents	10809				
2017	13	Anand	Central Gujarat	BORSAD	GEN	109	KALPESHKUMAR JAYANTIBHAI PATEL (SHIVABHAU)	M	46	SHS	7	0	963	241934	169774	0.57	70.17	473	0.28	7	2.22	TRUE	1						FALSE	FALSE	FALSE	AEGJ5645	State-based Party (Other State)	18691	Others	Business		Agriculture
2017	13	Anand	Central Gujarat	BORSAD	GEN	109	PATEL SHASHIKANTBHAI RAMANBHAI	M	36	MANPA	8	0	490	241934	169774	0.29	70.17	0	0	7	2.22	TRUE	1						FALSE	FALSE	FALSE	AEGJ5660	Local Party	5355				
2017	13	Anand	Central Gujarat	ANKLAV	GEN	110	AMIT CHAVDA	M	41	INC	1	4	90603	204377	155399	58.3	76.04	33629	21.64	9	2.13	TRUE	4	INC	3482	ANKLAV	TRUE	TRUE	FALSE	TRUE	TRUE	AEGJ100441	National Party	3482	Others	Agriculture		
2017	13	Anand	Central Gujarat	ANKLAV	GEN	110	HANSAKUVARBA JANAKSINH RAJ	F	58	BJP	2	0	56974	204377	155399	36.66	76.04	53094	34.17	9	2.13	TRUE	1						FALSE	FALSE	FALSE	AEGJ88	National Party	1605	Doctorate	Other		
2017	13	Anand	Central Gujarat	ANKLAV	GEN	110	None of the Above			NOTA	3		3880	204377	155399	2.5	76.04	2809	1.81	9	2.13	TRUE											NOTA	5897				
2017	13	Anand	Central Gujarat	ANKLAV	GEN	110	PRAKASHBHAI MAGANBHAI PARMAR	M	34	BSP	4	0	1071	204377	155399	0.69	76.04	322	0.21	9	2.13	TRUE	1						FALSE	FALSE	FALSE	AEGJ5673	State-based Party (Other State)	16651	10th Pass	Business		
2017	13	Anand	Central Gujarat	ANKLAV	GEN	110	RAJENDRASINH FATESINH MAHIDA	M	39	IND	5	0	749	204377	155399	0.48	76.04	65	0.04	9	2.13	TRUE	1						FALSE	FALSE	FALSE	AEGJ5682	Independents	10809	10th Pass	Business		
2017	13	Anand	Central Gujarat	ANKLAV	GEN	110	HITESHKUMAR LALJIBHAI RABARI	M	44	IND	6	0	684	204377	155399	0.44	76.04	5	0	9	2.13	TRUE	2	JD(U)	11002	ANKLAV	TRUE	FALSE	FALSE	FALSE	TRUE	AEGJ13819	Independents	10809				
2017	13	Anand	Central Gujarat	ANKLAV	GEN	110	GAJENDRASINH HARISINH RAJ	M	53	AINHCP	7	0	679	204377	155399	0.44	76.04	402	0.26	9	2.13	TRUE	1						FALSE	FALSE	FALSE	AEGJ5674	Local Party	662	10th Pass	Agriculture		
2017	13	Anand	Central Gujarat	ANKLAV	GEN	110	PRAVINBHAI MULJIBHAI PATEL	M	52	LOGAP	8	0	277	204377	155399	0.18	76.04	1	0	9	2.13	TRUE	1						FALSE	FALSE	FALSE	AEGJ5676	Local Party	5013				
2017	13	Anand	Central Gujarat	ANKLAV	GEN	110	YUSUFBHAI ABHESANG RAJ (PAINTER)	M	51	IND	9	0	276	204377	155399	0.18	76.04	70	0.05	9	2.13	TRUE	1						FALSE	FALSE	FALSE	AEGJ5681	Independents	10809	8th Pass	Agriculture		
2017	13	Anand	Central Gujarat	ANKLAV	GEN	110	KAUSHIKKUMAR CHAVDA	M	42	IND	10	0	206	204377	155399	0.13	76.04	0	0	9	2.13	TRUE	1						FALSE	FALSE	FALSE	AEGJ5679	Independents	10809	Graduate Professional	Education	School Teacher	
2017	13	Anand	Central Gujarat	UMRETH	GEN	111	GOVINDBHAI RAIJIBHAI PARMAR	M	64	BJP	1	3	68326	247144	176979	38.61	71.61	1883	1.06	8	3.03	TRUE	7	BJP	1605	UMRETH	TRUE	TRUE	FALSE	FALSE	TRUE	AEGJ6464	National Party	1605	5th Pass	Business	Agricultural Business	Agriculture
2017	13	Anand	Central Gujarat	UMRETH	GEN	111	KAPILABEN GOPALSINH CHAVDA	F	44	INC	2	0	66443	247144	176979	37.54	71.61	31392	17.74	8	3.03	TRUE	1						FALSE	FALSE	FALSE	AEGJ2025	National Party	3482	10th Pass	Social Work		
2017	13	Anand	Central Gujarat	UMRETH	GEN	111	PATEL JAYANTBHAI RAMANBHAI (BOSKEY)	M	57	NCP	3	3	35051	247144	176979	19.81	71.61	31341	17.71	8	3.03	TRUE	7	NCP	5792	UMRETH	TRUE	TRUE	FALSE	TRUE	TRUE	AEGJ8760	State-based Party (Other State)	5792	12th Pass	Other		
2017	13	Anand	Central Gujarat	UMRETH	GEN	111	None of the Above			NOTA	4		3710	247144	176979	2.1	71.61	2424	1.37	8	3.03	TRUE											NOTA	5897				
2017	13	Anand	Central Gujarat	UMRETH	GEN	111	YAKUBMIYA ABDULMIYA MALEK	M	61	IND	5	0	1286	247144	176979	0.73	71.61	456	0.26	8	3.03	TRUE	1						FALSE	FALSE	FALSE	AEGJ5726	Independents	10809	10th Pass	Retired or Pension		
2017	13	Anand	Central Gujarat	UMRETH	GEN	111	PARMAR JAYANTIBHAI BABUBHAI	M	37	IND	6	0	830	247144	176979	0.47	71.61	168	0.09	8	3.03	TRUE	1						FALSE	FALSE	FALSE	AEGJ5718	Independents	10809	10th Pass	Agriculture		
2017	13	Anand	Central Gujarat	UMRETH	GEN	111	PARMAR RAMESHBHAI BHIKHABHAI	M	46	ADPT	7	0	662	247144	176979	0.37	71.61	320	0.18	8	3.03	TRUE	1						FALSE	FALSE	FALSE	AEGJ5699	Local Party	15715	10th Pass	Business		
2017	13	Anand	Central Gujarat	UMRETH	GEN	111	PATEL BHARATBHAI HARMANBHAI	M	49	IND	8	0	342	247144	176979	0.19	71.61	13	0.01	8	3.03	TRUE	3	IND	10809	UMRETH	TRUE	TRUE	FALSE	FALSE	TRUE	AEGJ12393	Independents	10809	12th Pass	Agriculture		
2017	13	Anand	Central Gujarat	UMRETH	GEN	111	PATEL SUNILBHAI MAHENDRABHAI	M	30	IND	9	0	329	247144	176979	0.19	71.61	0	0	8	3.03	TRUE	2	IND	10809	UMRETH	TRUE	TRUE	FALSE	FALSE	TRUE	AEGJ13832	Independents	10809	Graduate	Other		
2017	13	Anand	Central Gujarat	ANAND	GEN	112	KANTIBHAI SODHAPARMAR (BHAGAT)	M	55	INC	1	1	98168	283076	194705	50.42	68.78	5286	2.71	3	2.08	TRUE	3	INC	3482	ANAND	TRUE	TRUE	FALSE	FALSE	FALSE	AEGJ12417	National Party	3482	12th Pass	Agriculture		
2017	13	Anand	Central Gujarat	ANAND	GEN	112	YOGESH PATEL (BAPAJI)	M	52	BJP	2	0	92882	283076	194705	47.7	68.78	90236	46.34	3	2.08	TRUE	1						FALSE	FALSE	FALSE	AEGJ54	National Party	1605	10th Pass	Business		Agriculture
2017	13	Anand	Central Gujarat	ANAND	GEN	112	None of the Above			NOTA	3		2646	283076	194705	1.36	68.78	1637	0.84	3	2.08	TRUE											NOTA	5897				
2017	13	Anand	Central Gujarat	ANAND	GEN	112	DAVE JATINBHAI DINESHCHANDRA	M	51	IND	4	0	1009	283076	194705	0.52	68.78	0	0	3	2.08	TRUE	2	IND	10809	ANAND	TRUE	TRUE	FALSE	FALSE	FALSE	AEGJ13839	Independents	10809	10th Pass	Labourer or Daily Wage		
2017	13	Anand	Central Gujarat	PETLAD	GEN	113	NIRANJAN PATEL	M	74	INC	1	6	81127	218779	159089	50.99	72.72	10644	6.69	7	2.17	TRUE	7	INC	3482	PETLAD	TRUE	TRUE	FALSE	TRUE	TRUE	AEGJ8768	National Party	3482	Graduate	Politics	MLA	
2017	13	Anand	Central Gujarat	PETLAD	GEN	113	CHANDRAKANT DAHYABHAI PATEL (C.D.PATEL)	M	62	BJP	2	1	70483	218779	159089	44.3	72.72	68442	43.02	7	2.17	TRUE	5	BJP	1605	PETLAD	TRUE	TRUE	FALSE	FALSE	FALSE	AEGJ4652	National Party	1605	Graduate Professional	Agriculture		Social Work
2017	13	Anand	Central Gujarat	PETLAD	GEN	113	None of the Above			NOTA	3		2041	218779	159089	1.28	72.72	357	0.22	7	2.17	TRUE											NOTA	5897				
2017	13	Anand	Central Gujarat	PETLAD	GEN	113	GOHEL HARSHADBHAI ISHVARBHAI	M	32	BSP	4	0	1684	218779	159089	1.06	72.72	527	0.33	7	2.17	TRUE	1						FALSE	FALSE	FALSE	AEGJ5741	State-based Party (Other State)	16651	12th Pass	Agricultural Labour		
2017	13	Anand	Central Gujarat	PETLAD	GEN	113	TALPADA KIRITBHAI CHHAGANBHAI	M	37	IND	5	0	1157	218779	159089	0.73	72.72	86	0.05	7	2.17	TRUE	1						FALSE	FALSE	FALSE	AEGJ5764	Independents	10809	5th Pass	Agriculture		
2017	13	Anand	Central Gujarat	PETLAD	GEN	113	KACHHIA KEVALKUMAR THAKORBHAI	M	37	IND	6	0	1071	218779	159089	0.67	72.72	146	0.09	7	2.17	TRUE	2	BSP	16651	PETLAD	TRUE	FALSE	FALSE	FALSE	TRUE	AEGJ13847	Independents	10809	10th Pass	Other		
2017	13	Anand	Central Gujarat	PETLAD	GEN	113	SOMABHAI JENABHAI TALPADA	M	43	IND	7	0	925	218779	159089	0.58	72.72	324	0.2	7	2.17	TRUE	1						FALSE	FALSE	FALSE	AEGJ5779	Independents	10809	5th Pass	Agriculture		
2017	13	Anand	Central Gujarat	PETLAD	GEN	113	GOHEL THAKORSINH TAKHATSINH	M	37	IND	8	0	601	218779	159089	0.38	72.72	0	0	7	2.17	TRUE	1						FALSE	FALSE	FALSE	AEGJ5759	Independents	10809	Graduate Professional	Agriculture		
2017	13	Anand	Central Gujarat	SOJITRA	GEN	114	PUNAMBHAI MADHABHAI PARMAR	M	55	INC	1	2	72423	199405	149961	48.29	75.2	2388	1.59	6	2.22	TRUE	2	INC	3482	SOJITRA	TRUE	TRUE	FALSE	TRUE	TRUE	AEGJ13854	National Party	3482	10th Pass	Politics	MLA	Agriculture
2017	13	Anand	Central Gujarat	SOJITRA	GEN	114	PATEL VIPULKUMAR VINUBHAI	M	48	BJP	2	0	70035	199405	149961	46.7	75.2	66923	44.63	6	2.22	TRUE	2	BJP	1605	SOJITRA	TRUE	TRUE	FALSE	FALSE	TRUE	AEGJ13850	National Party	1605	12th Pass	Business		Agriculture
2017	13	Anand	Central Gujarat	SOJITRA	GEN	114	None of the Above			NOTA	3		3112	199405	149961	2.08	75.2	1449	0.97	6	2.22	TRUE											NOTA	5897				
2017	13	Anand	Central Gujarat	SOJITRA	GEN	114	VHORA BILAL M.	M	49	IND	4	0	1663	199405	149961	1.11	75.2	236	0.16	6	2.22	TRUE	1						FALSE	FALSE	FALSE	AEGJ5795	Independents	10809				
2017	13	Anand	Central Gujarat	SOJITRA	GEN	114	BHARATBHAI BABUBHAI TALPADA	M	43	BSP	5	0	1427	199405	149961	0.95	75.2	559	0.37	6	2.22	TRUE	1						FALSE	FALSE	FALSE	AEGJ5784	State-based Party (Other State)	16651	5th Pass	Other		
2017	13	Anand	Central Gujarat	SOJITRA	GEN	114	TALPADA KAMLESHKUMAR GORDHANBHAI	M	39	IND	6	0	868	199405	149961	0.58	75.2	435	0.29	6	2.22	TRUE	1						FALSE	FALSE	FALSE	AEGJ5788	Independents	10809	12th Pass	Agriculture		
2017	13	Anand	Central Gujarat	SOJITRA	GEN	114	JANI SUNILKUMAR MANEKLAL (BRAHMAN)	M	48	IND	7	0	433	199405	149961	0.29	75.2	0	0	6	2.22	TRUE	1						FALSE	FALSE	FALSE	AEGJ5786	Independents	10809				
2017	13	Kheda	Central Gujarat	MATAR	GEN	115	KESARISINH JESANGBHAI SOLANKI	M	39	BJP	1	1	81509	226255	169707	48.03	75.01	2406	1.42	10	2.22	TRUE	1						FALSE	FALSE	FALSE	AEGJ1523	National Party	1605	10th Pass	Agriculture		
2017	13	Kheda	Central Gujarat	MATAR	GEN	115	PATEL SANJAYBHAI HARIBHAI	M	51	INC	2	0	79103	226255	169707	46.61	75.01	75013	44.2	10	2.22	TRUE	2	INC	3482	MATAR	TRUE	TRUE	FALSE	FALSE	FALSE	AEGJ13858	National Party	3482	Others	Business	Agricultural Business	
2017	13	Kheda	Central Gujarat	MATAR	GEN	115	None of the Above			NOTA	3		4090	226255	169707	2.41	75.01	2154	1.27	10	2.22	TRUE											NOTA	5897				
2017	13	Kheda	Central Gujarat	MATAR	GEN	115	VIJAYSINH BHAGVANSINH MAHIDA	M	53	IND	4	0	1936	226255	169707	1.14	75.01	1141	0.67	10	2.22	TRUE	1						FALSE	FALSE	FALSE	AEGJ5825	Independents	10809	12th Pass	Agriculture		
2017	13	Kheda	Central Gujarat	MATAR	GEN	115	BHAILALBHAI KALUBHAI PANDAV	M	35	BSP	5	0	795	226255	169707	0.47	75.01	224	0.13	10	2.22	TRUE	2	BSP	16651	DHOLKA	FALSE	TRUE	FALSE	FALSE	TRUE	AEGJ13280	State-based Party (Other State)	16651	12th Pass	Other		
2017	13	Kheda	Central Gujarat	MATAR	GEN	115	VAGHELA MAGANBHAI DAHYABHAI	M	52	IND	6	0	571	226255	169707	0.34	75.01	22	0.01	10	2.22	TRUE	1						FALSE	FALSE	FALSE	AEGJ5821	Independents	10809	Literate	Agriculture		
2017	13	Kheda	Central Gujarat	MATAR	GEN	115	CHAUHAN MAHIPATSINH KESARISINH	M	31	AINHCP	7	0	549	226255	169707	0.32	75.01	107	0.06	10	2.22	TRUE	1						FALSE	FALSE	FALSE	AEGJ5797	Local Party	662	12th Pass	Agriculture		
2017	13	Kheda	Central Gujarat	MATAR	GEN	115	JAYESHBHAI GHANSHYAMBHAI BHATT (MAHARAJ)	M	38	IND	8	0	442	226255	169707	0.26	75.01	89	0.05	10	2.22	TRUE	1						FALSE	FALSE	FALSE	AEGJ5819	Independents	10809				
2017	13	Kheda	Central Gujarat	MATAR	GEN	115	CHHASATIYA RAJENDRASINH GIRAVATSINH	M	39	IND	9	0	353	226255	169707	0.21	75.01	150	0.09	10	2.22	TRUE	1						FALSE	FALSE	FALSE	AEGJ5818	Independents	10809				
2017	13	Kheda	Central Gujarat	MATAR	GEN	115	PATEL YOGESHKUMAR DHULABHAI	M	45	SHS	10	0	203	226255	169707	0.12	75.01	47	0.03	10	2.22	TRUE	1						FALSE	FALSE	FALSE	AEGJ5799	State-based Party (Other State)	18691	10th Pass	Agriculture		
2017	13	Kheda	Central Gujarat	MATAR	GEN	115	MALEK ANVARMIYA KADARMIYA	M	50	INL	11	0	156	226255	169707	0.09	75.01	0	0	10	2.22	TRUE	1						FALSE	FALSE	FALSE	AEGJ5811	Local Party	3842	5th Pass	Business		
2017	13	Kheda	Central Gujarat	NADIAD	GEN	116	DESAI PANKAJBHAI VINUBHAI(GOTIYO)	M	56	BJP	1	5	90221	248486	167406	53.89	67.37	20838	12.45	11	2.17	TRUE	5	BJP	1605	NADIAD	TRUE	TRUE	FALSE	TRUE	TRUE	AEGJ10184	National Party	1605	Graduate	Politics	MLA	Agriculture
2017	13	Kheda	Central Gujarat	NADIAD	GEN	116	JITENDRA SURYAKANTBHAI PATEL (AZAD)	M	46	INC	2	0	69383	248486	167406	41.45	67.37	67020	40.03	11	2.17	TRUE	2	INC	3482	NADIAD	TRUE	TRUE	FALSE	FALSE	TRUE	AEGJ13867	National Party	3482	12th Pass	Business		Agriculture
2017	13	Kheda	Central Gujarat	NADIAD	GEN	116	None of the Above			NOTA	3		2363	248486	167406	1.41	67.37	848	0.51	11	2.17	TRUE											NOTA	5897				
2017	13	Kheda	Central Gujarat	NADIAD	GEN	116	CHAUHAN MAHIPALSINH FATESINH	M	38	NCP	4	0	1515	248486	167406	0.9	67.37	437	0.26	11	2.17	TRUE	1						FALSE	FALSE	FALSE	AEGJ5837	State-based Party (Other State)	5792	Graduate	Other		
2017	13	Kheda	Central Gujarat	NADIAD	GEN	116	VANKAVALA IMARANBHAI BILALBHAI	M	37	IND	5	0	1078	248486	167406	0.64	67.37	153	0.09	11	2.17	TRUE	1						FALSE	FALSE	FALSE	AEGJ5867	Independents	10809	12th Pass	Labourer or Daily Wage		
2017	13	Kheda	Central Gujarat	NADIAD	GEN	116	RANA PRATAPSINH CHHATRASINH	M	53	IND	6	0	925	248486	167406	0.55	67.37	252	0.15	11	2.17	TRUE	1						FALSE	FALSE	FALSE	AEGJ5866	Independents	10809	Literate	Agriculture		
2017	13	Kheda	Central Gujarat	NADIAD	GEN	116	SOLANKI BIPINBHAI DALABHAI(ADVOCATE)	M	36	BSP	7	0	673	248486	167406	0.4	67.37	346	0.21	11	2.17	TRUE	1						FALSE	FALSE	FALSE	AEGJ5838	State-based Party (Other State)	16651	Graduate Professional	Liberal Profession or Professional	Lawyer	
2017	13	Kheda	Central Gujarat	NADIAD	GEN	116	RAGINIBEN MAHENDRABHAI RANA	F	47	IND	8	0	327	248486	167406	0.2	67.37	13	0.01	11	2.17	TRUE	1						FALSE	FALSE	FALSE	AEGJ5865	Independents	10809	12th Pass	Other	Household	
2017	13	Kheda	Central Gujarat	NADIAD	GEN	116	MIRZA MUJJAFARBEG HARUNBEG	M	31	IND	9	0	314	248486	167406	0.19	67.37	71	0.04	11	2.17	TRUE	1						FALSE	FALSE	FALSE	AEGJ5860	Independents	10809				
2017	13	Kheda	Central Gujarat	NADIAD	GEN	116	RAV PRITESH KANUBHAI	M	31	YUS	10	0	243	248486	167406	0.15	67.37	58	0.03	11	2.17	TRUE	1						FALSE	FALSE	FALSE	AEGJ5847	Local Party	8603				
2017	13	Kheda	Central Gujarat	NADIAD	GEN	116	KRUPANIVASI MANISHKUMAR KIRTIKUMAR	M	32	IND	11	0	185	248486	167406	0.11	67.37	6	0	11	2.17	TRUE	1						FALSE	FALSE	FALSE	AEGJ5852	Independents	10809	12th Pass	Business		
2017	13	Kheda	Central Gujarat	NADIAD	GEN	116	MALEK GULAMNABI YASINMIYA	M	61	IND	12	0	179	248486	167406	0.11	67.37	0	0	11	2.17	TRUE	1						FALSE	FALSE	FALSE	AEGJ5858	Independents	10809	Literate	Other		
2017	13	Kheda	Central Gujarat	MEHEMDABAD	GEN	117	CHAUHAN ARJUNSINH UDESINH	M	41	BJP	1	1	88908	226423	171443	51.86	75.72	20915	12.2	4	2.33	TRUE	1						FALSE	FALSE	FALSE	AEGJ1530	National Party	1605	Graduate	Other		
2017	13	Kheda	Central Gujarat	MEHEMDABAD	GEN	117	GAUTAMBHAI RAVJIBHAI CHAUHAN	M	54	INC	2	1	67993	226423	171443	39.66	75.72	58180	33.94	4	2.33	TRUE	3	INC	3482	MEHEMDABAD	TRUE	TRUE	FALSE	TRUE	TRUE	AEGJ13880	National Party	3482	Post Graduate	Agriculture		
2017	13	Kheda	Central Gujarat	MEHEMDABAD	GEN	117	CHUAHAN JUVANSINH GANDABHAI	M	50	IND	3	0	9813	226423	171443	5.72	75.72	7287	4.25	4	2.33	TRUE	1						FALSE	FALSE	FALSE	AEGJ5875	Independents	10809	Others	Agriculture		
2017	13	Kheda	Central Gujarat	MEHEMDABAD	GEN	117	None of the Above			NOTA	4		2526	226423	171443	1.47	75.72	323	0.19	4	2.33	TRUE											NOTA	5897				
2017	13	Kheda	Central Gujarat	MEHEMDABAD	GEN	117	GOHEL HARSHADKUMAR DEVJIBHAI	M	31	BSP	5	0	2203	226423	171443	1.28	75.72	0	0	4	2.33	TRUE	1						FALSE	FALSE	FALSE	AEGJ5872	State-based Party (Other State)	16651	Graduate	Other		
2017	13	Kheda	Central Gujarat	MAHUDHA	GEN	118	INDRAJITSINH NATVARSINH PARMAR	M	39	INC	1	1	78006	223837	156147	49.96	69.76	13601	8.71	8	2.38	TRUE	1						FALSE	FALSE	FALSE	AEGJ1412	National Party	3482	Graduate	Agriculture		
2017	13	Kheda	Central Gujarat	MAHUDHA	GEN	118	BHARATSINH RAYSINGBHAI PARMAR	M	59	BJP	2	0	64405	223837	156147	41.25	69.76	59157	37.89	8	2.38	TRUE	1						FALSE	FALSE	FALSE	AEGJ1407	National Party	1605	Graduate Professional	Agriculture		
2017	13	Kheda	Central Gujarat	MAHUDHA	GEN	118	VAGHELA MANOJKUMAR NATUBHAI	M	29	AINHCP	3	0	5248	223837	156147	3.36	69.76	1410	0.9	8	2.38	TRUE	1						FALSE	FALSE	FALSE	AEGJ5886	Local Party	662	12th Pass	Agriculture		Social Work
2017	13	Kheda	Central Gujarat	MAHUDHA	GEN	118	None of the Above			NOTA	4		3838	223837	156147	2.46	69.76	2623	1.68	8	2.38	TRUE											NOTA	5897				
2017	13	Kheda	Central Gujarat	MAHUDHA	GEN	118	VAGHELA KAMLESHKUMAR LAXMANSINH	M	34	IND	5	0	1215	223837	156147	0.78	69.76	43	0.03	8	2.38	TRUE	1						FALSE	FALSE	FALSE	AEGJ5890	Independents	10809	12th Pass	Agriculture		Social Work
2017	13	Kheda	Central Gujarat	MAHUDHA	GEN	118	TALPADA GANPATBHAI DAHYABHAI	M	52	BSP	6	0	1172	223837	156147	0.75	69.76	143	0.09	8	2.38	TRUE	1						FALSE	FALSE	FALSE	AEGJ5876	State-based Party (Other State)	16651	10th Pass	Labourer or Daily Wage		
2017	13	Kheda	Central Gujarat	MAHUDHA	GEN	118	VIMAL PATEL	M	43	IND	7	0	1029	223837	156147	0.66	69.76	156	0.1	8	2.38	TRUE	1						FALSE	FALSE	FALSE	AEGJ5900	Independents	10809				
2017	13	Kheda	Central Gujarat	MAHUDHA	GEN	118	THAKOR BHISHMAPALSINH JITENDRASINH	M	27	ISP	8	0	873	223837	156147	0.56	69.76	512	0.33	8	2.38	TRUE	1						FALSE	FALSE	FALSE	AEGJ5880	Local Party	3995				
2017	13	Kheda	Central Gujarat	MAHUDHA	GEN	118	MOHD. ANSAR SHEKH	M	42	MANPA	9	0	361	223837	156147	0.23	69.76	0	0	8	2.38	TRUE	1						FALSE	FALSE	FALSE	AEGJ5883	Local Party	5355				
2017	13	Kheda	Central Gujarat	THASRA	GEN	119	KANTIBHAI SHABHAIBHAI PARMAR	M	60	INC	1	1	87567	250156	177328	49.38	70.89	7028	3.96	6	2.22	TRUE	1						FALSE	FALSE	FALSE	AEGJ000139	National Party	3482	8th Pass	Business		Agriculture
2017	13	Kheda	Central Gujarat	THASRA	GEN	119	RAMSINH PARMAR	M	73	BJP	2	0	80539	250156	177328	45.42	70.89	76728	43.27	6	2.22	TRUE	2	IND	10809	MAHUVA | TALAJA	FALSE	FALSE	FALSE	FALSE	FALSE	AEGJ101228	National Party	1605	10th Pass	Agriculture		Social Work
2017	13	Kheda	Central Gujarat	THASRA	GEN	119	None of the Above			NOTA	3		3811	250156	177328	2.15	70.89	2028	1.14	6	2.22	TRUE											NOTA	5897				
2017	13	Kheda	Central Gujarat	THASRA	GEN	119	BIPINKUMAR (ADVOCATE)	M	36	BSP	4	0	1783	250156	177328	1.01	70.89	321	0.18	6	2.22	TRUE	1						FALSE	FALSE	FALSE	AEGJ5910	State-based Party (Other State)	16651	Post Graduate	Liberal Profession or Professional	Lawyer	
2017	13	Kheda	Central Gujarat	THASRA	GEN	119	THAKOR KARNPALSINH GAJPALSINH	M	33	LOGAP	5	0	1462	250156	177328	0.82	70.89	283	0.16	6	2.22	TRUE	1						FALSE	FALSE	FALSE	AEGJ5914	Local Party	5013				
2017	13	Kheda	Central Gujarat	THASRA	GEN	119	PATHAN MUKTYARKHAN AKBARKHAN	M	44	JD(U)	6	0	1179	250156	177328	0.66	70.89	192	0.11	6	2.22	TRUE	1						FALSE	FALSE	FALSE	AEGJ5918	State-based Party (Other State)	11002	8th Pass	Agriculture		Social Work
2017	13	Kheda	Central Gujarat	THASRA	GEN	119	PATEL SHANTILAL CHHOTALAL	M	67	IND	7	0	987	250156	177328	0.56	70.89	0	0	6	2.22	TRUE	2	IND	10809	THASRA	TRUE	TRUE	FALSE	FALSE	TRUE	AEGJ14415	Independents	10809				
2017	13	Kheda	Central Gujarat	KAPADWANJ	GEN	120	DABHI KALABHAI RAIJIBHAI	M	59	INC	1	1	85195	272603	199642	42.67	73.24	27226	13.64	7	3.12	TRUE	1						FALSE	FALSE	FALSE	AEGJ1285	National Party	3482	8th Pass	Business	Agricultural Business	
2017	13	Kheda	Central Gujarat	KAPADWANJ	GEN	120	DABHI KANUBHAI BHULABHAI	M	50	BJP	2	0	57969	272603	199642	29.04	73.24	11041	5.53	7	3.12	TRUE	3	BJP	1605	KAPADWANJ	TRUE	TRUE	FALSE	FALSE	TRUE	AEGJ1281	National Party	1605	10th Pass	Other		
2017	13	Kheda	Central Gujarat	KAPADWANJ	GEN	120	BIMAL SHAH	M	56	IND	3	2	46928	272603	199642	23.51	73.24	44079	22.08	7	3.12	TRUE	4	BJP	1605	KAPADVANJ	FALSE	FALSE	FALSE	FALSE	FALSE	AEGJ11169	Independents	10809				
2017	13	Kheda	Central Gujarat	KAPADWANJ	GEN	120	KHOKHAR MAJIDALI ABDULMIYA	M	44	NCP	4	0	2849	272603	199642	1.43	73.24	259	0.13	7	3.12	TRUE	1						FALSE	FALSE	FALSE	AEGJ5925	State-based Party (Other State)	5792	Graduate	Business	Agricultural Business	Agriculture
2017	13	Kheda	Central Gujarat	KAPADWANJ	GEN	120	None of the Above			NOTA	5		2590	272603	199642	1.3	73.24	1087	0.54	7	3.12	TRUE											NOTA	5897				
2017	13	Kheda	Central Gujarat	KAPADWANJ	GEN	120	RAJENDRASINH NANSINH ZALA	M	46	IND	6	0	1503	272603	199642	0.75	73.24	191	0.1	7	3.12	TRUE	1						FALSE	FALSE	FALSE	AEGJ5952	Independents	10809	12th Pass	Labourer or Daily Wage		Agriculture
2017	13	Kheda	Central Gujarat	KAPADWANJ	GEN	120	PATHAN AMANULLAKHAA SITABKHAA	M	53	JD(U)	7	0	1312	272603	199642	0.66	73.24	16	0.01	7	3.12	TRUE	1						FALSE	FALSE	FALSE	AEGJ5926	State-based Party (Other State)	11002	10th Pass	Agriculture		
2017	13	Kheda	Central Gujarat	KAPADWANJ	GEN	120	PARMAR DILIPSINH KANUBHAI	M	27	ISP	8	0	1296	272603	199642	0.65	73.24	0	0	7	3.12	TRUE	1						FALSE	FALSE	FALSE	AEGJ5938	Local Party	3995				
2017	13	Kheda	Central Gujarat	BALASINOR	GEN	121	AJITSINH PARVATSINH CHAUHAN	M	56	INC	1	1	84620	258779	171145	49.44	66.14	10602	6.19	5	2.33	TRUE	1						FALSE	FALSE	FALSE	AEGJ118	National Party	3482	Graduate Professional	Agriculture		
2017	13	Kheda	Central Gujarat	BALASINOR	GEN	121	CHAUHAN MANSINH KOHYABHAI	M	66	BJP	2	5	74018	258779	171145	43.25	66.14	68044	39.76	5	2.33	TRUE	8	INC	3482	BALASINOR	TRUE	FALSE	TRUE	TRUE	TRUE	AEGJ4602	National Party	1605	Graduate Professional	Agriculture		Social Work
2017	13	Kheda	Central Gujarat	BALASINOR	GEN	121	PATEL HITENDRA(HITESH)KUMAR BALDEVBHAI	M	50	NCP	3	0	5974	258779	171145	3.49	66.14	2247	1.31	5	2.33	TRUE	1						FALSE	FALSE	FALSE	AEGJ5956	State-based Party (Other State)	5792	Graduate	Agriculture		
2017	13	Kheda	Central Gujarat	BALASINOR	GEN	121	None of the Above			NOTA	4		3727	258779	171145	2.18	66.14	1669	0.98	5	2.33	TRUE											NOTA	5897				
2017	13	Kheda	Central Gujarat	BALASINOR	GEN	121	ZALA ABHESINH AMARBHAI	M	51	IND	5	0	2058	258779	171145	1.2	66.14	1310	0.77	5	2.33	TRUE	1						FALSE	FALSE	FALSE	AEGJ5965	Independents	10809	8th Pass	Agriculture		
2017	13	Kheda	Central Gujarat	BALASINOR	GEN	121	SHAIKH MUSTAKBHAI AIYUBBHAI	M	44	JD(U)	6	0	748	258779	171145	0.44	66.14	0	0	5	2.33	TRUE	2	IND	10809	BALASINOR	TRUE	FALSE	FALSE	FALSE	TRUE	AEGJ13913	State-based Party (Other State)	11002	Literate	Agriculture		Social Work
2017	13	Mahisagar	Central Gujarat	LUNAWADA	GEN	122	RATHOD RATANSINH MAGANSINH	M	57	IND	1	1	55098	260663	175046	31.48	67.15	3200	1.83	9	3.85	FALSE	1						FALSE	FALSE	FALSE	AEGJ5985	Independents	10809				
2017	13	Mahisagar	Central Gujarat	LUNAWADA	GEN	122	PATEL MANOJKUMAR RAYAJIBHAI	M	53	BJP	2	0	51898	260663	175046	29.65	67.15	4805	2.74	9	3.85	FALSE	1						FALSE	FALSE	FALSE	AEGJ1393	National Party	1605	Graduate Professional	Liberal Profession or Professional	Lawyer	Agriculture
2017	13	Mahisagar	Central Gujarat	LUNAWADA	GEN	122	PARMAR PARANJAYADITYASINHJI KRISHNAKUMARSINHJI	M	47	INC	3	1	47093	260663	175046	26.9	67.15	38433	21.96	9	3.85	FALSE	2	INC	3482	SANTRAMPUR	FALSE	TRUE	FALSE	FALSE	FALSE	AEGJ12307	National Party	3482	12th Pass	Agriculture		
2017	13	Mahisagar	Central Gujarat	LUNAWADA	GEN	122	SOLANKI BHUPENDRASINH PRABHATSINH	M	62	IND	4	0	8660	260663	175046	4.95	67.15	4006	2.29	9	3.85	FALSE	2	BJP	1605	SHEHRA	FALSE	FALSE	FALSE	FALSE	FALSE	AEGJ10132	Independents	10809				
2017	13	Mahisagar	Central Gujarat	LUNAWADA	GEN	122	HIRENKUMAR GIRISHBHAI PATEL	M	28	RSPS	5	0	4654	260663	175046	2.66	67.15	1235	0.71	9	3.85	FALSE	1						FALSE	FALSE	FALSE	AEGJ5979	Local Party	6792	Post Graduate	Small Business or Self-employed	Self-employed	
2017	13	Mahisagar	Central Gujarat	LUNAWADA	GEN	122	None of the Above			NOTA	6		3419	260663	175046	1.95	67.15	1866	1.07	9	3.85	FALSE											NOTA	5897				
2017	13	Mahisagar	Central Gujarat	LUNAWADA	GEN	122	VISHALSINH MAHENDRASINH SOLANKI	M	38	IND	7	0	1553	260663	175046	0.89	67.15	500	0.29	9	3.85	FALSE	1						FALSE	FALSE	FALSE	AEGJ5993	Independents	10809	12th Pass	Business	Contractor	
2017	13	Mahisagar	Central Gujarat	LUNAWADA	GEN	122	PATEL HARIDAS REVABHAI	M	62	BSP	8	0	1053	260663	175046	0.6	67.15	61	0.03	9	3.85	FALSE	1						FALSE	FALSE	FALSE	AEGJ5968	State-based Party (Other State)	16651	12th Pass	Other		
2017	13	Mahisagar	Central Gujarat	LUNAWADA	GEN	122	SHEIKH MOHAMMADANVER MOHAMMADISHAK	M	47	IND	9	0	992	260663	175046	0.57	67.15	366	0.21	9	3.85	FALSE	1						FALSE	FALSE	FALSE	AEGJ5999	Independents	10809				
2017	13	Mahisagar	Central Gujarat	LUNAWADA	GEN	122	SHEKH JAKIRHUSEN HUSENMIYA	M	38	IND	10	0	626	260663	175046	0.36	67.15	0	0	9	3.85	FALSE	1						FALSE	FALSE	FALSE	AEGJ5998	Independents	10809	10th Pass	Agriculture		Social Work
2017	13	Mahisagar	Central Gujarat	SANTRAMPUR	ST	123	DINDOR KUBERBHAI MANSUKHBHAI	M	46	BJP	1	1	68362	208541	139322	49.07	66.81	6424	4.61	5	2.27	TRUE	1						FALSE	FALSE	FALSE	AEGJ1863	National Party	1605	Doctorate	Education	College Professor or Lecturer	
2017	13	Mahisagar	Central Gujarat	SANTRAMPUR	ST	123	DAMOR GENDALBHAI MOTIBHAI	M	66	INC	2	1	61938	208541	139322	44.46	66.81	58929	42.3	5	2.27	TRUE	2	INC	3482	SANTRAMPUR	TRUE	TRUE	FALSE	TRUE	TRUE	AEGJ13926	National Party	3482	Graduate	Other		
2017	13	Mahisagar	Central Gujarat	SANTRAMPUR	ST	123	None of the Above			NOTA	3		3009	208541	139322	2.16	66.81	631	0.45	5	2.27	TRUE											NOTA	5897				
2017	13	Mahisagar	Central Gujarat	SANTRAMPUR	ST	123	VALAVAI RAJENDRAKUMAR BABALBHAI (RAJU VALAVAI)	M	48	NCP	4	0	2378	208541	139322	1.71	66.81	159	0.11	5	2.27	TRUE	1						FALSE	FALSE	FALSE	AEGJ6007	State-based Party (Other State)	5792	12th Pass	Agriculture		
2017	13	Mahisagar	Central Gujarat	SANTRAMPUR	ST	123	VAGADIYA YOGESHBHAI MASURBHAI	M	37	AINHCP	5	0	2219	208541	139322	1.59	66.81	803	0.58	5	2.27	TRUE	1						FALSE	FALSE	FALSE	AEGJ6014	Local Party	662	12th Pass	Agriculture		
2017	13	Mahisagar	Central Gujarat	SANTRAMPUR	ST	123	BARIYA RAMABHAI KOHYABHAI	M	56	BSP	6	0	1416	208541	139322	1.02	66.81	0	0	5	2.27	TRUE	1						FALSE	FALSE	FALSE	AEGJ6006	State-based Party (Other State)	16651	Literate	Other		
2017	13	Panchmahal	Central Gujarat	SHEHRA	GEN	124	AHIR(BHARWAD) JETHABHAI GHELABHAI	M	67	BJP	1	5	100383	233113	168559	59.55	72.31	41069	24.36	4	2.13	TRUE	5	BJP	1605	SHEHRA	TRUE	TRUE	FALSE	TRUE	TRUE	AEGJ10131	National Party	1605	Graduate	Business	Agricultural Business	Agriculture
2017	13	Panchmahal	Central Gujarat	SHEHRA	GEN	124	CHAUHAN DUSHYANTSINH NARVATSINH	M	31	INC	2	0	59314	233113	168559	35.19	72.31	54213	32.16	4	2.13	TRUE	1						FALSE	FALSE	FALSE	AEGJ1899	National Party	3482	12th Pass	Business		Politics
2017	13	Panchmahal	Central Gujarat	SHEHRA	GEN	124	None of the Above			NOTA	3		5101	233113	168559	3.03	72.31	2833	1.68	4	2.13	TRUE											NOTA	5897				
2017	13	Panchmahal	Central Gujarat	SHEHRA	GEN	124	GADHAVI LALABHAI GANGDASBHAI	M	33	SHS	4	0	2268	233113	168559	1.35	72.31	775	0.46	4	2.13	TRUE	1						FALSE	FALSE	FALSE	AEGJ6020	State-based Party (Other State)	18691	12th Pass	Business	Agricultural Business	
2017	13	Panchmahal	Central Gujarat	SHEHRA	GEN	124	VANKAR PRAFULCHANDR PUNJABHAI	M	50	BSP	5	0	1493	233113	168559	0.89	72.31	0	0	4	2.13	TRUE	2	BSP	16651	SHEHRA	TRUE	TRUE	FALSE	FALSE	TRUE	AEGJ13928	State-based Party (Other State)	16651	10th Pass	Agriculture		
2017	13	Panchmahal	Central Gujarat	MORVA HADAF	ST	125	KHANT BHUPENDRASINH VECHATBHAI	M	38	IND	1	1	58513	199633	125868	46.49	63.05	4366	3.47	3	2.44	FALSE	1						FALSE	FALSE	FALSE	AEGJ6023	Independents	10809	12th Pass	Agriculture		
2017	13	Panchmahal	Central Gujarat	MORVA HADAF	ST	125	DINDOR VIKRAMSINH RAMSINH	M	42	BJP	2	0	54147	199633	125868	43.02	63.05	45901	36.47	3	2.44	FALSE	2	IND	10809	MORVA HADAF	TRUE	FALSE	FALSE	FALSE	FALSE	AEGJ13936	National Party	1605	Graduate	Business		Social Work
2017	13	Panchmahal	Central Gujarat	MORVA HADAF	ST	125	DAMOR ALPESHBHAI TERSINGBHAI	M	31	BTP	3	0	8246	199633	125868	6.55	63.05	3284	2.61	3	2.44	FALSE	1						FALSE	FALSE	FALSE	AEGJ6021	Local Party	2055	12th Pass	Agriculture		
2017	13	Panchmahal	Central Gujarat	MORVA HADAF	ST	125	None of the Above			NOTA	4		4962	199633	125868	3.94	63.05	0	0	3	2.44	FALSE											NOTA	5897				
2017	13	Panchmahal	Central Gujarat	GODHRA	GEN	126	C. K. RAULJI	M	63	BJP	1	6	75149	252334	178911	42	70.9	258	0.14	11	2.7	TRUE	8	INC	3482	GODHRA	TRUE	FALSE	TRUE	TRUE	TRUE	AEGJ6232	National Party	1605	12th Pass	Business		Agriculture
2017	13	Panchmahal	Central Gujarat	GODHRA	GEN	126	PARMAR RAJENDRASINH BALVANTSINH (LALABHAI)	M	61	INC	2	0	74891	252334	178911	41.86	70.9	56035	31.32	11	2.7	TRUE	1						FALSE	FALSE	FALSE	AEGJ773	National Party	3482	Graduate	Business		Agriculture
2017	13	Panchmahal	Central Gujarat	GODHRA	GEN	126	PARMAR JASHVANTSINH SALAMSINH	M	41	IND	3	0	18856	252334	178911	10.54	70.9	15806	8.83	11	2.7	TRUE	1						FALSE	FALSE	FALSE	AEGJ6068	Independents	10809	Graduate	Business	Private Company	Liberal Profession or Professional
2017	13	Panchmahal	Central Gujarat	GODHRA	GEN	126	None of the Above			NOTA	4		3050	252334	178911	1.7	70.9	1337	0.75	11	2.7	TRUE											NOTA	5897				
2017	13	Panchmahal	Central Gujarat	GODHRA	GEN	126	MANSURI MUKHTAR AHEMED MOHAMMAD	M	57	IND	5	0	1713	252334	178911	0.96	70.9	278	0.16	11	2.7	TRUE	1						FALSE	FALSE	FALSE	AEGJ6076	Independents	10809				
2017	13	Panchmahal	Central Gujarat	GODHRA	GEN	126	BHANA VASIM FARUK	M	29	IND	6	0	1435	252334	178911	0.8	70.9	220	0.12	11	2.7	TRUE	1						FALSE	FALSE	FALSE	AEGJ6075	Independents	10809	10th Pass	Agriculture		
2017	13	Panchmahal	Central Gujarat	GODHRA	GEN	126	KUMAR KANUBHAI HIRABHAI	M	64	BSP	7	0	1215	252334	178911	0.68	70.9	130	0.07	11	2.7	TRUE	1						FALSE	FALSE	FALSE	AEGJ6028	State-based Party (Other State)	16651	Graduate Professional	Liberal Profession or Professional	Lawyer	Agriculture
2017	13	Panchmahal	Central Gujarat	GODHRA	GEN	126	DR. GAJENDRASINH KANTILAL BAMANIYA (GOPAL)	M	36	BMUP	8	0	1085	252334	178911	0.61	70.9	591	0.33	11	2.7	TRUE	1						FALSE	FALSE	FALSE	AEGJ6032	Local Party	1074	Post Graduate	Business		
2017	13	Panchmahal	Central Gujarat	GODHRA	GEN	126	PATHAN INAYATKHAN MAHERALIKHAN	M	66	IND	9	0	494	252334	178911	0.28	70.9	53	0.03	11	2.7	TRUE	1						FALSE	FALSE	FALSE	AEGJ6064	Independents	10809				
2017	13	Panchmahal	Central Gujarat	GODHRA	GEN	126	DIWAN MEHDISHA KARIMSHA	M	61	IND	10	0	441	252334	178911	0.25	70.9	107	0.06	11	2.7	TRUE	1						FALSE	FALSE	FALSE	AEGJ6056	Independents	10809				
2017	13	Panchmahal	Central Gujarat	GODHRA	GEN	126	SARDAR AMANPRITSINGH SURENDRASINGH	M	26	AINHCP	11	0	334	252334	178911	0.19	70.9	86	0.05	11	2.7	TRUE	1						FALSE	FALSE	FALSE	AEGJ6046	Local Party	662	12th Pass	Business		
2017	13	Panchmahal	Central Gujarat	GODHRA	GEN	126	UMMARJI ZUBER ABDULLA	M	36	IND	12	0	248	252334	178911	0.14	70.9	0	0	11	2.7	TRUE	1						FALSE	FALSE	FALSE	AEGJ6053	Independents	10809				
2017	13	Panchmahal	Central Gujarat	KALOL	GEN	127	CHAUHAN SUMANBEN PRAVINSINH	F	52	BJP	1	1	103028	233580	169152	60.91	72.42	49277	29.13	5	2.13	TRUE	1						FALSE	FALSE	FALSE	AEGJ1233	National Party	1605				
2017	13	Panchmahal	Central Gujarat	KALOL	GEN	127	PARMAR PRADHYUMANSINH VIJAYSINH (PANCHMAHAL ZEROXWALA)	M	55	INC	2	0	53751	233580	169152	31.78	72.42	49631	29.34	5	2.13	TRUE	1						FALSE	FALSE	FALSE	AEGJ1245	National Party	3482				
2017	13	Panchmahal	Central Gujarat	KALOL	GEN	127	None of the Above			NOTA	3		4120	233580	169152	2.44	72.42	737	0.44	5	2.13	TRUE											NOTA	5897				
2017	13	Panchmahal	Central Gujarat	KALOL	GEN	127	GIRI RAMCHANDRA VAIJNATH	M	56	BSP	4	0	3383	233580	169152	2	72.42	710	0.42	5	2.13	TRUE	1						FALSE	FALSE	FALSE	GEGJ3140	State-based Party (Other State)	16651				
2017	13	Panchmahal	Central Gujarat	KALOL	GEN	127	PARMAR ASHOKBHAI KANABHAI	M	40	IND	5	0	2673	233580	169152	1.58	72.42	476	0.28	5	2.13	TRUE	1						FALSE	FALSE	FALSE	AEGJ6101	Independents	10809				
2017	13	Panchmahal	Central Gujarat	KALOL	GEN	127	PATEL AILESHKUMAR KANUBHAI	M	45	AINHCP	6	0	2197	233580	169152	1.3	72.42	0	0	5	2.13	TRUE	1						FALSE	FALSE	FALSE	AEGJ6084	Local Party	662				
2017	13	Panchmahal	Central Gujarat	HALOL	GEN	128	JAYDRATHSINHJI PARMAR	M	53	BJP	1	4	115457	249159	184830	62.47	74.18	57034	30.86	4	2.04	TRUE	5	BJP	1605	HALOL	TRUE	TRUE	FALSE	TRUE	TRUE	AEGJ8562	National Party	1605	Graduate Professional	Agriculture		
2017	13	Panchmahal	Central Gujarat	HALOL	GEN	128	UDESINH BARIA	M	64	INC	2	5	58423	249159	184830	31.61	74.18	52371	28.33	4	2.04	TRUE	8	INC	3482	HALOL	TRUE	TRUE	FALSE	FALSE	FALSE	AEGJ6208	National Party	3482	Graduate Professional	Agriculture		
2017	13	Panchmahal	Central Gujarat	HALOL	GEN	128	None of the Above			NOTA	3		6052	249159	184830	3.27	74.18	3594	1.94	4	2.04	TRUE											NOTA	5897				
2017	13	Panchmahal	Central Gujarat	HALOL	GEN	128	MODI SONALBEN RATILAL	F	35	IND	4	0	2458	249159	184830	1.33	74.18	18	0.01	4	2.04	TRUE	1						FALSE	FALSE	FALSE	AEGJ6104	Independents	10809	10th Pass	Social Work		
2017	13	Panchmahal	Central Gujarat	HALOL	GEN	128	MAHESHWARI VASUDEV UTTAMCHAND	M	57	IND	5	0	2440	249159	184830	1.32	74.18	0	0	4	2.04	TRUE	1						FALSE	FALSE	FALSE	AEGJ6103	Independents	10809	5th Pass	Business		
2017	13	Dahod	Central Gujarat	FATEPURA	ST	129	KATARA RAMESHBHAI BHURABHAI	M	42	BJP	1	2	60250	210605	129829	46.41	61.65	2711	2.09	6	2.38	TRUE	2	BJP	1605	FATEPURA	TRUE	TRUE	FALSE	TRUE	TRUE	AEGJ13966	National Party	1605	12th Pass	Agriculture		Social Work
2017	13	Dahod	Central Gujarat	FATEPURA	ST	129	MACHHAR RAGHUBHAI DITABHAI	M	55	INC	2	0	57539	210605	129829	44.32	61.65	52966	40.8	6	2.38	TRUE	1						FALSE	FALSE	FALSE	AEGJ606	National Party	3482	8th Pass	Agriculture		
2017	13	Dahod	Central Gujarat	FATEPURA	ST	129	None of the Above			NOTA	3		4573	210605	129829	3.52	61.65	1826	1.41	6	2.38	TRUE											NOTA	5897				
2017	13	Dahod	Central Gujarat	FATEPURA	ST	129	PRABHUBHAI KALJIBHAI BARIA	M	60	NCP	4	0	2747	210605	129829	2.12	61.65	758	0.58	6	2.38	TRUE	1						FALSE	FALSE	FALSE	AEGJ6107	State-based Party (Other State)	5792	Graduate	Agriculture		
2017	13	Dahod	Central Gujarat	FATEPURA	ST	129	TAVIYAD PARSINGBHAI PUNJABHAI	M	63	JD(U)	5	0	1989	210605	129829	1.53	61.65	444	0.34	6	2.38	TRUE	1						FALSE	FALSE	FALSE	AEGJ6110	State-based Party (Other State)	11002	8th Pass	Agriculture		
2017	13	Dahod	Central Gujarat	FATEPURA	ST	129	BARIYA SAMJIBHAI MAKABHAI	M	65	AINHCP	6	0	1545	210605	129829	1.19	61.65	359	0.28	6	2.38	TRUE	1						FALSE	FALSE	FALSE	AEGJ6113	Local Party	662	10th Pass	Retired or Pension		
2017	13	Dahod	Central Gujarat	FATEPURA	ST	129	BHABHOR RAMESHBHAI BILKARBHAI	M	47	BSP	7	0	1186	210605	129829	0.91	61.65	0	0	6	2.38	TRUE	1						FALSE	FALSE	FALSE	AEGJ6108	State-based Party (Other State)	16651	10th Pass	Agriculture		
2017	13	Dahod	Central Gujarat	JHALOD	ST	130	KATARA BHAVESHBHAI BABUBHAI	M	32	INC	1	1	86077	224327	152009	56.63	67.76	25410	16.72	2	2.08	TRUE	1						FALSE	FALSE	FALSE	AEGJ1196	National Party	3482	Graduate	Agriculture		
2017	13	Dahod	Central Gujarat	JHALOD	ST	130	BHURIYA MAHESHBHAI SOMJIBHAI	M	47	BJP	2	1	60667	224327	152009	39.91	67.76	55402	36.45	2	2.08	TRUE	5	BJP	1605	LIMDI	FALSE	TRUE	FALSE	FALSE	FALSE	AEGJ1192	National Party	1605	12th Pass	Agriculture		Social Work
2017	13	Dahod	Central Gujarat	JHALOD	ST	130	None of the Above			NOTA	3		5265	224327	152009	3.46	67.76	0	0	2	2.08	TRUE											NOTA	5897				
2017	13	Dahod	Central Gujarat	LIMKHEDA	ST	131	BHABHOR SHAILESHBHAI SUMANBHAI	M	37	BJP	1	1	74078	187245	139752	53.01	74.64	19314	13.82	5	2.33	TRUE	1						FALSE	FALSE	FALSE	AEGJ1389	National Party	1605	Post Graduate	Business	Agricultural Business	Agriculture
2017	13	Dahod	Central Gujarat	LIMKHEDA	ST	131	TADVI MAHESHBHAI RATANSING	M	40	INC	2	0	54764	187245	139752	39.19	74.64	50620	36.22	5	2.33	TRUE	1						FALSE	FALSE	FALSE	AEGJ1390	National Party	3482	8th Pass	Agriculture		Social Work
2017	13	Dahod	Central Gujarat	LIMKHEDA	ST	131	BHABHOR BABUBHAI SONIYABHAI	M	51	IND	3	1	4144	187245	139752	2.97	74.64	359	0.26	5	2.33	TRUE	4	BJP	1605	LIMKHEDA	TRUE	FALSE	FALSE	FALSE	FALSE	AEGJ14435	Independents	10809	12th Pass	Agriculture		
2017	13	Dahod	Central Gujarat	LIMKHEDA	ST	131	None of the Above			NOTA	4		3785	187245	139752	2.71	74.64	1836	1.31	5	2.33	TRUE											NOTA	5897				
2017	13	Dahod	Central Gujarat	LIMKHEDA	ST	131	KATARA HURABHAI GALJIBHAI	M	61	AINHCP	5	0	1949	187245	139752	1.39	74.64	917	0.66	5	2.33	TRUE	1						FALSE	FALSE	FALSE	AEGJ6118	Local Party	662	Graduate Professional	Agriculture		
2017	13	Dahod	Central Gujarat	LIMKHEDA	ST	131	DAMOR VESTABHAI JOKHNABHAI	M	42	IND	6	0	1032	187245	139752	0.74	74.64	0	0	5	2.33	TRUE	2	IND	10809	LIMKHEDA	TRUE	TRUE	FALSE	FALSE	FALSE	AEGJ13973	Independents	10809		Agriculture		
2017	13	Dahod	Central Gujarat	DAHOD	ST	132	PANADA VAJESINGBHAI PARSINGBHAI	M	53	INC	1	3	79850	235444	153093	52.16	65.02	15503	10.13	7	2.22	TRUE	3	INC	3482	DAHOD	TRUE	TRUE	FALSE	TRUE	TRUE	AEGJ13979	National Party	3482	8th Pass	Agriculture		Social Work
2017	13	Dahod	Central Gujarat	DAHOD	ST	132	KISHORI KANAIYALAL BACHUBHAI	M	35	BJP	2	0	64347	235444	153093	42.03	65.02	60984	39.83	7	2.22	TRUE	1						FALSE	FALSE	FALSE	AEGJ327	National Party	1605	Graduate Professional	Agriculture		Social Work
2017	13	Dahod	Central Gujarat	DAHOD	ST	132	None of the Above			NOTA	3		3363	235444	153093	2.2	65.02	1579	1.03	7	2.22	TRUE											NOTA	5897				
2017	13	Dahod	Central Gujarat	DAHOD	ST	132	BHABHOR BABUBHAI MALABHAI	M	52	IND	4	0	1784	235444	153093	1.17	65.02	40	0.03	7	2.22	TRUE	2	IND	10809	DAHOD	TRUE	TRUE	FALSE	FALSE	TRUE	AEGJ14433	Independents	10809	8th Pass	Agriculture		
2017	13	Dahod	Central Gujarat	DAHOD	ST	132	PARMAR DEVENDRAKUMAR VASANTLAL	M	41	NCP	5	0	1744	235444	153093	1.14	65.02	1058	0.69	7	2.22	TRUE	1						FALSE	FALSE	FALSE	AEGJ6127	State-based Party (Other State)	5792	12th Pass	Agriculture		
2017	13	Dahod	Central Gujarat	DAHOD	ST	132	DEHADA NARESHBHAI RAMABHAI	M	32	IND	6	0	686	235444	153093	0.45	65.02	9	0.01	7	2.22	TRUE	1						FALSE	FALSE	FALSE	AEGJ6133	Independents	10809				
2017	13	Dahod	Central Gujarat	DAHOD	ST	132	PARMAR MUKESHBHAI HIRABHAI	M	34	BSP	7	0	677	235444	153093	0.44	65.02	35	0.02	7	2.22	TRUE	1						FALSE	FALSE	FALSE	AEGJ6128	State-based Party (Other State)	16651	12th Pass	Small Business or Self-employed		Agriculture
2017	13	Dahod	Central Gujarat	DAHOD	ST	132	HIHOR NARSINGBHAI KHIMABHAI	M	61	AINHCP	8	0	642	235444	153093	0.42	65.02	0	0	7	2.22	TRUE	1						FALSE	FALSE	FALSE	AEGJ6129	Local Party	662	8th Pass	Agriculture		
2017	13	Dahod	Central Gujarat	GARBADA	ST	133	BARIYA CHANDRIKABEN CHHAGANBHAI	F	53	INC	1	3	64280	233693	126653	50.75	54.2	16128	12.73	6	2.5	TRUE	3	INC	3482	GARBADA	TRUE	TRUE	FALSE	TRUE	TRUE	AEGJ13991	National Party	3482	10th Pass	Agriculture		
2017	13	Dahod	Central Gujarat	GARBADA	ST	133	BHABHOR MAHENDRABHAI RAMESHBHAI	M	42	BJP	2	0	48152	233693	126653	38.02	54.2	43477	34.33	6	2.5	TRUE	1						FALSE	FALSE	FALSE	AEGJ695	National Party	1605	8th Pass	Salaried Work or Employed		Social Work
2017	13	Dahod	Central Gujarat	GARBADA	ST	133	None of the Above			NOTA	3		4675	233693	126653	3.69	54.2	1496	1.18	6	2.5	TRUE											NOTA	5897				
2017	13	Dahod	Central Gujarat	GARBADA	ST	133	BHABHOR KALIBEN DHULABHAI	F	61	BSP	4	0	3179	233693	126653	2.51	54.2	468	0.37	6	2.5	TRUE	1						FALSE	FALSE	FALSE	AEGJ6143	State-based Party (Other State)	16651	Illiterate	Social Work		
2017	13	Dahod	Central Gujarat	GARBADA	ST	133	DEHDA BALUBHAI HUMJIBHAI	M	44	AINHCP	5	0	2711	233693	126653	2.14	54.2	561	0.44	6	2.5	TRUE	1						FALSE	FALSE	FALSE	AEGJ6153	Local Party	662	8th Pass	Agriculture		
2017	13	Dahod	Central Gujarat	GARBADA	ST	133	JAGDISHBHAI MANILAL MEDA	M	38	BNJD	6	0	2150	233693	126653	1.7	54.2	644	0.51	6	2.5	TRUE	3	BNJD	9441	GARBADA	TRUE	TRUE	FALSE	FALSE	TRUE	AEGJ13987	Local Party	9441	8th Pass	Agriculture		
2017	13	Dahod	Central Gujarat	GARBADA	ST	133	BHURA NAVALABHAI MANABHAI	M	46	JD(U)	7	0	1506	233693	126653	1.19	54.2	0	0	6	2.5	TRUE	3	IJP	3430	GARBADA	TRUE	FALSE	TRUE	FALSE	TRUE	AEGJ13989	State-based Party (Other State)	11002	12th Pass	Agriculture		
2017	13	Dahod	Central Gujarat	DEVGADH BARIA	GEN	134	KHABAD BACHUBHAI MAGANBHAI	M	57	BJP	1	3	103873	222319	175290	59.26	78.85	45694	26.07	5	2.17	TRUE	3	BJP	1605	DEVGADH BARIA	TRUE	TRUE	FALSE	TRUE	TRUE	AEGJ11140	National Party	1605	10th Pass	Agriculture		
2017	13	Dahod	Central Gujarat	DEVGADH BARIA	GEN	134	VAKHALA BHARATSINH PRATAPBHAI	M	38	INC	2	0	58179	222319	175290	33.19	78.85	52827	30.14	5	2.17	TRUE	1						FALSE	FALSE	FALSE	AEGJ424	National Party	3482	12th Pass	Other		
2017	13	Dahod	Central Gujarat	DEVGADH BARIA	GEN	134	None of the Above			NOTA	3		5352	222319	175290	3.05	78.85	1823	1.04	5	2.17	TRUE											NOTA	5897				
2017	13	Dahod	Central Gujarat	DEVGADH BARIA	GEN	134	CHAUHAN RANJITSINH DOLATSINH	M	58	NCP	4	0	3529	222319	175290	2.01	78.85	510	0.29	5	2.17	TRUE	1						FALSE	FALSE	FALSE	AEGJ6157	State-based Party (Other State)	5792	10th Pass	Agriculture		
2017	13	Dahod	Central Gujarat	DEVGADH BARIA	GEN	134	BARIYA NARSING DIPSINH	M	63	AINHCP	5	0	3019	222319	175290	1.72	78.85	1681	0.96	5	2.17	TRUE	1						FALSE	FALSE	FALSE	AEGJ6159	Local Party	662	5th Pass	Agriculture		
2017	13	Dahod	Central Gujarat	DEVGADH BARIA	GEN	134	BARIYA MANILAL HIRABHAI	M	65	IND	6	0	1338	222319	175290	0.76	78.85	0	0	5	2.17	TRUE	4	JD(U)	11002	DOHAD	FALSE	FALSE	FALSE	FALSE	FALSE	AEGJ6163	Independents	10809	Graduate Professional	Agriculture		
2017	13	Vadodra	Central Gujarat	SAVLI	GEN	135	INAMDAR KETANBHAI MAHENDRABHAI	M	37	BJP	1	2	97646	211847	164057	59.52	77.44	41633	25.38	6	2.13	TRUE	2	IND	10809	SAVLI	TRUE	FALSE	FALSE	TRUE	TRUE	AEGJ14004	National Party	1605	12th Pass	Business		Agriculture
2017	13	Vadodra	Central Gujarat	SAVLI	GEN	135	BRAHMBHATT SAGAR PRAKASH KOKO	M	37	INC	2	0	56013	211847	164057	34.14	77.44	51953	31.67	6	2.13	TRUE	1						FALSE	FALSE	FALSE	AEGJ1885	National Party	3482	Graduate Professional	Salaried Work or Employed		Agriculture
2017	13	Vadodra	Central Gujarat	SAVLI	GEN	135	CHAUHAN KHUMANSINH RAYSINH	M	67	NCP	3	4	4060	211847	164057	2.47	77.44	852	0.52	6	2.13	TRUE	7	INC	3482	SAVLI	TRUE	FALSE	TRUE	FALSE	TRUE	AEGJ6456	State-based Party (Other State)	5792	12th Pass	Agriculture		
2017	13	Vadodra	Central Gujarat	SAVLI	GEN	135	None of the Above			NOTA	4		3208	211847	164057	1.96	77.44	1865	1.14	6	2.13	TRUE											NOTA	5897				
2017	13	Vadodra	Central Gujarat	SAVLI	GEN	135	MAHIDA VIJAYSINH DALPATSINH	M	48	SHS	5	0	1343	211847	164057	0.82	77.44	383	0.23	6	2.13	TRUE	1						FALSE	FALSE	FALSE	AEGJ6172	State-based Party (Other State)	18691	8th Pass	Business	Real Estate or Builder or Developer or Construction	Salaried Work or Employed
2017	13	Vadodra	Central Gujarat	SAVLI	GEN	135	ARPANKUMAR BHASKARBHAI PATEL	M	30	IND	6	0	960	211847	164057	0.59	77.44	133	0.08	6	2.13	TRUE	2	IND	10809	SAVLI	TRUE	TRUE	FALSE	FALSE	TRUE	AEGJ5661	Independents	10809	Graduate	Education	Home Teacher or Tuition	Student
2017	13	Vadodra	Central Gujarat	SAVLI	GEN	135	HIRVANI AKASHBHAI CHHOTABHAI	M	48	BSP	7	0	827	211847	164057	0.5	77.44	0	0	6	2.13	TRUE	1						FALSE	FALSE	FALSE	AEGJ6169	State-based Party (Other State)	16651	12th Pass	Other		
2017	13	Vadodra	Central Gujarat	VAGHODIA	GEN	136	SHRIVASTAV MADHUBHAI BABUBHAI	M	65	BJP	1	6	63049	222056	171186	36.83	77.09	10315	6.03	8	3.7	TRUE	8	BJP	1605	VAGHODIA	TRUE	TRUE	FALSE	TRUE	TRUE	AEGJ4709	National Party	1605	10th Pass	Business		Agriculture
2017	13	Vadodra	Central Gujarat	VAGHODIA	GEN	136	VAGHELA DHARMENDRASINGH RANUBHA (BAPU)	M	50	IND	2	0	52734	222056	171186	30.81	77.09	19792	11.56	8	3.7	TRUE	1						FALSE	FALSE	FALSE	AEGJ6204	Independents	10809				
2017	13	Vadodra	Central Gujarat	VAGHODIA	GEN	136	MAKWANA SATISHBHAI CHANDUBHAI (RAJU ALVA)	M	43	IND	3	0	32942	222056	171186	19.24	77.09	23131	13.51	8	3.7	TRUE	1						FALSE	FALSE	FALSE	AEGJ6194	Independents	10809				
2017	13	Vadodra	Central Gujarat	VAGHODIA	GEN	136	DR.PRAFULBHAI DEVJIBHAI VASAVA	M	33	BTP	4	0	9811	222056	171186	5.73	77.09	6611	3.86	8	3.7	TRUE	1						FALSE	FALSE	FALSE	GEGJ3185	Local Party	2055	Doctorate	Social Work		
2017	13	Vadodra	Central Gujarat	VAGHODIA	GEN	136	JADAV AMITBHAI RAMJIBHAI	M	43	BSP	5	0	3200	222056	171186	1.87	77.09	100	0.06	8	3.7	TRUE	1						FALSE	FALSE	FALSE	AEGJ6185	State-based Party (Other State)	16651	Graduate	Business	Contractor	
2017	13	Vadodra	Central Gujarat	VAGHODIA	GEN	136	None of the Above			NOTA	6		3100	222056	171186	1.81	77.09	497	0.29	8	3.7	TRUE											NOTA	5897				
2017	13	Vadodra	Central Gujarat	VAGHODIA	GEN	136	CHAUHAN CHANDRASINH JASVANSINH	M	52	AINHCP	7	0	2603	222056	171186	1.52	77.09	89	0.05	8	3.7	TRUE	1						FALSE	FALSE	FALSE	AEGJ6187	Local Party	662		Agriculture		
2017	13	Vadodra	Central Gujarat	VAGHODIA	GEN	136	CHAVDA JAYENDRASINH JASHBHAI (PUNO)	M	35	IND	8	0	2514	222056	171186	1.47	77.09	1281	0.75	8	3.7	TRUE	1						FALSE	FALSE	FALSE	AEGJ6189	Independents	10809				
2017	13	Vadodra	Central Gujarat	VAGHODIA	GEN	136	PARMAR GOVINDBHAI ISHWARBHAI (RAHUL KUMAR)	M	37	IND	9	0	1233	222056	171186	0.72	77.09	0	0	8	3.7	TRUE	1						FALSE	FALSE	FALSE	AEGJ6191	Independents	10809				
2017	13	Chhota Udepur	Central Gujarat	CHHOTA UDAIPUR	ST	137	MOHANSINH CHHOTUBHAI RATHAVA	M	72	INC	1	10	75141	241734	163202	46.04	67.51	1093	0.67	4	2.38	TRUE	11	INC	3482	CHHOTA UDAIPUR	TRUE	TRUE	FALSE	TRUE	TRUE	AEGJ1770	National Party	3482	10th Pass	Business		Agriculture
2017	13	Chhota Udepur	Central Gujarat	CHHOTA UDAIPUR	ST	137	JASHUBHAI BHILUBHAI RATHWA	M	46	BJP	2	0	74048	241734	163202	45.37	67.51	68178	41.78	4	2.38	TRUE	1						FALSE	FALSE	FALSE	AEGJ297	National Party	1605	Graduate	Agriculture		
2017	13	Chhota Udepur	Central Gujarat	CHHOTA UDAIPUR	ST	137	None of the Above			NOTA	3		5870	241734	163202	3.6	67.51	1319	0.81	4	2.38	TRUE											NOTA	5897				
2017	13	Chhota Udepur	Central Gujarat	CHHOTA UDAIPUR	ST	137	ARJUNBHAI VERSINGBHAI RATHVA	M	44	AAAP	4	0	4551	241734	163202	2.79	67.51	959	0.59	4	2.38	TRUE	2	JD(U)	11002	CHHOTA UDAIPUR	TRUE	FALSE	TRUE	FALSE	TRUE	AEGJ14020	State-based Party (Other State)	13				
2017	13	Chhota Udepur	Central Gujarat	CHHOTA UDAIPUR	ST	137	RATHVA RAMESHBHAI GOPABHAI	M	45	IND	5	0	3592	241734	163202	2.2	67.51	0	0	4	2.38	TRUE	2	IND	10809	CHHOTA UDAIPUR	TRUE	TRUE	FALSE	FALSE	TRUE	AEGJ14019	Independents	10809	10th Pass	Agriculture		
2017	13	Chhota Udepur	Central Gujarat	JETPUR (ST)	ST	138	RATHVA SUKHRAMBHAI HARIYABHAI	M	61	INC	1	5	77701	244807	169461	45.85	69.22	3052	1.8	7	2.5	TRUE	8	INC	3482	JETPUR	TRUE	TRUE	FALSE	FALSE	TRUE	AEGJ4673	National Party	3482	10th Pass	Agriculture		Social Work
2017	13	Chhota Udepur	Central Gujarat	JETPUR (ST)	ST	138	RATHVA JAYANTIBHAI SAVAJIBHAI	M	43	BJP	2	1	74649	244807	169461	44.05	69.22	68494	40.42	7	2.5	TRUE	3	BJP	1605	JETPUR	TRUE	TRUE	FALSE	TRUE	TRUE	AEGJ12461	National Party	1605	12th Pass	Business	Agricultural Business	Agriculture
2017	13	Chhota Udepur	Central Gujarat	JETPUR (ST)	ST	138	None of the Above			NOTA	3		6155	244807	169461	3.63	69.22	2841	1.68	7	2.5	TRUE											NOTA	5897				
2017	13	Chhota Udepur	Central Gujarat	JETPUR (ST)	ST	138	RATHVA SURAJBEN BHAGVATSINH	F	46	IND	4	0	3314	244807	169461	1.96	69.22	367	0.22	7	2.5	TRUE	1						FALSE	FALSE	FALSE	AEGJ6233	Independents	10809	8th Pass	Agriculture		
2017	13	Chhota Udepur	Central Gujarat	JETPUR (ST)	ST	138	RATHVA GANGABEN VITTHALBHAI	F	47	GJCP	5	0	2947	244807	169461	1.74	69.22	1313	0.77	7	2.5	TRUE	1						FALSE	FALSE	FALSE	AEGJ6216	Local Party	3163	10th Pass	Other	Household	
2017	13	Chhota Udepur	Central Gujarat	JETPUR (ST)	ST	138	KOLI AMITKUMAR ARVINDBHAI	M	33	IND	6	0	1634	244807	169461	0.96	69.22	73	0.04	7	2.5	TRUE	1						FALSE	FALSE	FALSE	AEGJ6226	Independents	10809	5th Pass	Agriculture		Social Work
2017	13	Chhota Udepur	Central Gujarat	JETPUR (ST)	ST	138	RATHVA SUMITRABEN BHARATKUMAR	F	44	AINHCP	7	0	1561	244807	169461	0.92	69.22	61	0.04	7	2.5	TRUE	1						FALSE	FALSE	FALSE	AEGJ6223	Local Party	662	Others	Business	Real Estate or Builder or Developer or Construction	
2017	13	Chhota Udepur	Central Gujarat	JETPUR (ST)	ST	138	RATHVA PUNIYABHAI KESHALABHAI	M	47	IND	8	0	1500	244807	169461	0.89	69.22	0	0	7	2.5	TRUE	1						FALSE	FALSE	FALSE	AEGJ6228	Independents	10809	Graduate	Business		Agriculture
2017	13	Chhota Udepur	Central Gujarat	SANKHEDA	ST	139	ABHESINH MOTIBHAI TADVI	M	61	BJP	1	2	90200	253661	182995	49.29	72.14	12849	7.02	9	2.38	TRUE	4	BJP	1605	SANKHEDA	TRUE	TRUE	FALSE	FALSE	TRUE	AEGJ8860	National Party	1605	10th Pass	Agriculture		
2017	13	Chhota Udepur	Central Gujarat	SANKHEDA	ST	139	BHIL DHIRUBHAI CHUNILAL	M	65	INC	2	4	77351	253661	182995	42.27	72.14	72099	39.4	9	2.38	TRUE	6	INC	3482	SANKHEDA	TRUE	TRUE	FALSE	TRUE	TRUE	AEGJ8851	National Party	3482	8th Pass	Agriculture		
2017	13	Chhota Udepur	Central Gujarat	SANKHEDA	ST	139	None of the Above			NOTA	3		5252	253661	182995	2.87	72.14	2708	1.48	9	2.38	TRUE											NOTA	5897				
2017	13	Chhota Udepur	Central Gujarat	SANKHEDA	ST	139	KIRITBHAI RANACHHODBHAI TADAVI	M	42	BSP	4	0	2544	253661	182995	1.39	72.14	427	0.23	9	2.38	TRUE	1						FALSE	FALSE	FALSE	AEGJ6237	State-based Party (Other State)	16651	Graduate	Labourer or Daily Wage	Truck Driver	Social Work
2017	13	Chhota Udepur	Central Gujarat	SANKHEDA	ST	139	MIHIR TADVI	M	38	NCP	5	0	2117	253661	182995	1.16	72.14	240	0.13	9	2.38	TRUE	1						FALSE	FALSE	FALSE	AEGJ6243	State-based Party (Other State)	5792	Post Graduate	Other		
2017	13	Chhota Udepur	Central Gujarat	SANKHEDA	ST	139	RATHVA FURKANBHAI BALJIBHAI	M	58	IND	6	0	1877	253661	182995	1.03	72.14	219	0.12	9	2.38	TRUE	2	BSP	16651	NASVADI	FALSE	FALSE	FALSE	FALSE	FALSE	AEGJ11235	Independents	10809	Literate	Agriculture		
2017	13	Chhota Udepur	Central Gujarat	SANKHEDA	ST	139	RATHVA SURESHBHAI BHAYAJIBHAI	M	45	IND	7	0	1658	253661	182995	0.91	72.14	788	0.43	9	2.38	TRUE	1						FALSE	FALSE	FALSE	AEGJ6259	Independents	10809	12th Pass	Agriculture		
2017	13	Chhota Udepur	Central Gujarat	SANKHEDA	ST	139	TADVI JETHABHAI NANABHAI	M	67	IND	8	0	870	253661	182995	0.48	72.14	260	0.14	9	2.38	TRUE	1						FALSE	FALSE	FALSE	AEGJ6254	Independents	10809	10th Pass	Retired or Pension		
2017	13	Chhota Udepur	Central Gujarat	SANKHEDA	ST	139	MUKESHBHAI BHIMSINHBHAI TADVI	M	40	AINHCP	9	0	610	253661	182995	0.33	72.14	94	0.05	9	2.38	TRUE	1						FALSE	FALSE	FALSE	AEGJ6246	Local Party	662	Graduate	Agriculture		
2017	13	Chhota Udepur	Central Gujarat	SANKHEDA	ST	139	SHANTILALBHAI RANCHHODBHAI RATHVA	M	60	BHARP	10	0	516	253661	182995	0.28	72.14	0	0	9	2.38	TRUE	1						FALSE	FALSE	FALSE	AEGJ6252	Local Party	2018	Graduate	Retired or Pension		
2017	13	Vadodra	Central Gujarat	DABHOI	GEN	140	MEHTA SHAILESHBHAI KANAIYALAL (SHAILESH SOTTA)	M	57	BJP	1	1	77945	201849	160857	48.46	79.69	2839	1.76	10	2.22	TRUE	1						FALSE	FALSE	FALSE	AEGJ314	National Party	1605	12th Pass	Other		
2017	13	Vadodra	Central Gujarat	DABHOI	GEN	140	PATEL SIDDHARTH CHIMANBHAI	M	63	INC	2	2	75106	201849	160857	46.69	79.69	72060	44.8	10	2.22	TRUE	5	INC	3482	DABHOI	TRUE	TRUE	FALSE	FALSE	TRUE	AEGJ10246	National Party	3482	Post Graduate	Business		Agriculture
2017	13	Vadodra	Central Gujarat	DABHOI	GEN	140	None of the Above			NOTA	3		3046	201849	160857	1.89	79.69	1951	1.21	10	2.22	TRUE											NOTA	5897				
2017	13	Vadodra	Central Gujarat	DABHOI	GEN	140	MADHUSUDAN MOHANBHAI ROHIT	M	52	BSP	4	0	1095	201849	160857	0.68	79.69	136	0.08	10	2.22	TRUE	1						FALSE	FALSE	FALSE	GEGJ3175	State-based Party (Other State)	16651	12th Pass	Agriculture		Social Work
2017	13	Vadodra	Central Gujarat	DABHOI	GEN	140	KISHORBHAI NAGJIBHAI PATANVADIYA	M	37	GJCP	5	0	959	201849	160857	0.6	79.69	165	0.1	10	2.22	TRUE	2	IND	10809	DABHOI	TRUE	FALSE	FALSE	FALSE	TRUE	AEGJ14040	Local Party	3163	5th Pass	Labourer or Daily Wage	Construction	
2017	13	Vadodra	Central Gujarat	DABHOI	GEN	140	NAVINBHAI HIMANTBHAI RAI	M	60	IND	6	0	794	201849	160857	0.49	79.69	105	0.07	10	2.22	TRUE	1						FALSE	FALSE	FALSE	AEGJ6270	Independents	10809				
2017	13	Vadodra	Central Gujarat	DABHOI	GEN	140	RAKESH HARILAL VASAVA	M	26	IND	7	0	689	201849	160857	0.43	79.69	351	0.22	10	2.22	TRUE	1						FALSE	FALSE	FALSE	AEGJ6273	Independents	10809	12th Pass	Small Business or Self-employed	Self-employed	
2017	13	Vadodra	Central Gujarat	DABHOI	GEN	140	CHANDUBHAI HARGOVINDBHAI BHATIYA	M	72	IND	8	0	338	201849	160857	0.21	79.69	25	0.02	10	2.22	TRUE	1						FALSE	FALSE	FALSE	AEGJ6269	Independents	10809	Graduate Professional	Retired or Pension		
2017	13	Vadodra	Central Gujarat	DABHOI	GEN	140	GOHIL ARUNABEN SOMABHAI	F	59	IND	9	0	313	201849	160857	0.19	79.69	10	0.01	10	2.22	TRUE	1						FALSE	FALSE	FALSE	AEGJ6267	Independents	10809	Others	Other		
2017	13	Vadodra	Central Gujarat	DABHOI	GEN	140	ANILBHAI KANUBHAI VANKAR	M	30	IND	10	0	303	201849	160857	0.19	79.69	34	0.02	10	2.22	TRUE	1						FALSE	FALSE	FALSE	AEGJ6264	Independents	10809	12th Pass	Other		
2017	13	Vadodra	Central Gujarat	DABHOI	GEN	140	PATEL ASHWINBHAI ANTOLBHAI	M	50	AINHCP	11	0	269	201849	160857	0.17	79.69	0	0	10	2.22	TRUE	1						FALSE	FALSE	FALSE	AEGJ6263	Local Party	662	10th Pass	Agriculture		
2017	13	Vadodra	Central Gujarat	VADODARA CITY	SC	141	MANISHA VAKIL	F	42	BJP	1	2	116367	274380	187269	62.14	68.25	52383	27.97	7	1.96	TRUE	2	BJP	1605	VADODARA CITY	TRUE	TRUE	FALSE	TRUE	TRUE	AEGJ14043	National Party	1605	Post Graduate	Politics	MLA	
2017	13	Vadodra	Central Gujarat	VADODARA CITY	SC	141	ANIL PARMAR	M	48	INC	2	0	63984	274380	187269	34.17	68.25	60731	32.43	7	1.96	TRUE	1						FALSE	FALSE	FALSE	AEGJ2054	National Party	3482	12th Pass	Business	Real Estate or Builder or Developer or Construction	
2017	13	Vadodra	Central Gujarat	VADODARA CITY	SC	141	None of the Above			NOTA	3		3253	274380	187269	1.74	68.25	2278	1.22	7	1.96	TRUE											NOTA	5897				
2017	13	Vadodra	Central Gujarat	VADODARA CITY	SC	141	CHANDRIKA SOLANKI	F	42	IND	4	0	975	274380	187269	0.52	68.25	144	0.08	7	1.96	TRUE	1						FALSE	FALSE	FALSE	AEGJ6285	Independents	10809	Post Graduate	Social Work		
2017	13	Vadodra	Central Gujarat	VADODARA CITY	SC	141	PARMAR DEVYANIBEN LAXMANBHAI	F	53	BSP	5	0	831	274380	187269	0.44	68.25	24	0.01	7	1.96	TRUE	1						FALSE	FALSE	FALSE	AEGJ6274	State-based Party (Other State)	16651	10th Pass	Other	Household	
2017	13	Vadodra	Central Gujarat	VADODARA CITY	SC	141	DR.THAKOR PARMAR	M	52	AAAP	6	0	807	274380	187269	0.43	68.25	248	0.13	7	1.96	TRUE	1						FALSE	FALSE	FALSE	AEGJ6279	State-based Party (Other State)	13				
2017	13	Vadodra	Central Gujarat	VADODARA CITY	SC	141	PARMAR BHARATBHAI RAVAJIBHAI	M	29	GJCP	7	0	559	274380	187269	0.3	68.25	66	0.04	7	1.96	TRUE	1						FALSE	FALSE	FALSE	AEGJ6284	Local Party	3163	10th Pass	Other		
2017	13	Vadodra	Central Gujarat	VADODARA CITY	SC	141	PARMAR RASHMIBEN KANAIYALAL (ADVOCATE)	F	44	IND	8	0	493	274380	187269	0.26	68.25	0	0	7	1.96	TRUE	1						FALSE	FALSE	FALSE	AEGJ6286	Independents	10809				
2017	13	Vadodra	Central Gujarat	SAYAJIGANJ	GEN	142	JITENDRA RATILAL SUKHADIA (JITUBHAI)	M	71	BJP	1	4	99957	273164	185011	54.03	67.73	59132	31.96	6	2.56	TRUE	5	BJP	1605	SAYAJIGANJ	TRUE	TRUE	FALSE	TRUE	TRUE	GEGJ53980	National Party	1605	10th Pass	Social Work		
2017	13	Vadodra	Central Gujarat	SAYAJIGANJ	GEN	142	NARENDRA RAVAT	M	49	INC	2	0	40825	273164	185011	22.07	67.73	160	0.09	6	2.56	TRUE	1						FALSE	FALSE	FALSE	AEGJ1894	National Party	3482	Graduate Professional	Other		
2017	13	Vadodra	Central Gujarat	SAYAJIGANJ	GEN	142	RAJESH AYARE	M	47	RSPS	3	0	40665	273164	185011	21.98	67.73	38371	20.74	6	2.56	TRUE	1						FALSE	FALSE	FALSE	AEGJ6294	Local Party	6792	Graduate	Salaried Work or Employed	Service	
2017	13	Vadodra	Central Gujarat	SAYAJIGANJ	GEN	142	None of the Above			NOTA	4		2294	273164	185011	1.24	67.73	1835	0.99	6	2.56	TRUE											NOTA	5897				
2017	13	Vadodra	Central Gujarat	SAYAJIGANJ	GEN	142	JAT SUBHASSING BRIJLAL	M	35	AINHCP	5	0	459	273164	185011	0.25	67.73	26	0.01	6	2.56	TRUE	1						FALSE	FALSE	FALSE	AEGJ6287	Local Party	662	Graduate	Business		
2017	13	Vadodra	Central Gujarat	SAYAJIGANJ	GEN	142	SHAIKH TAMANNA IQUBAL	F	32	IND	6	0	433	273164	185011	0.23	67.73	55	0.03	6	2.56	TRUE	1						FALSE	FALSE	FALSE	AEGJ6295	Independents	10809	10th Pass	Labourer or Daily Wage		
2017	13	Vadodra	Central Gujarat	SAYAJIGANJ	GEN	142	PATIL VALMIK	M	38	SHS	7	0	378	273164	185011	0.2	67.73	0	0	6	2.56	TRUE	1						FALSE	FALSE	FALSE	AEGJ6292	State-based Party (Other State)	18691	10th Pass	Other		
2017	13	Vadodra	Central Gujarat	AKOTA	GEN	143	SEEMABEN AKSHAYKUMAR MOHILE	F	52	BJP	1	1	109244	247684	167079	65.38	67.46	57139	34.2	7	1.89	TRUE	1						FALSE	FALSE	FALSE	AEGJ14	National Party	1605	Graduate	Social Work		
2017	13	Vadodra	Central Gujarat	AKOTA	GEN	143	RANJIT SHARADCHANDRA CHAVAN	M	70	INC	2	0	52105	247684	167079	31.19	67.46	49569	29.67	7	1.89	TRUE	1						FALSE	FALSE	FALSE	AEGJ20	National Party	3482	Graduate Professional	Other		
2017	13	Vadodra	Central Gujarat	AKOTA	GEN	143	None of the Above			NOTA	3		2536	247684	167079	1.52	67.46	1509	0.9	7	1.89	TRUE											NOTA	5897				
2017	13	Vadodra	Central Gujarat	AKOTA	GEN	143	NIKHIL YATIN PATEL	M	56	NCP	4	0	1027	247684	167079	0.61	67.46	372	0.22	7	1.89	TRUE	1						FALSE	FALSE	FALSE	AEGJ6296	State-based Party (Other State)	5792	Others	Other		
2017	13	Vadodra	Central Gujarat	AKOTA	GEN	143	AMIT RAMKRIPAL TIWARI	M	26	IND	5	0	655	247684	167079	0.39	67.46	7	0	7	1.89	TRUE	1						FALSE	FALSE	FALSE	AEGJ6305	Independents	10809				
2017	13	Vadodra	Central Gujarat	AKOTA	GEN	143	RUSHIKANT SHASTRI	M	32	AINHCP	6	0	648	247684	167079	0.39	67.46	183	0.11	7	1.89	TRUE	2	IND	10809	AKOTA	TRUE	FALSE	FALSE	FALSE	TRUE	AEGJ14066	Local Party	662	Others	Small Business or Self-employed		
2017	13	Vadodra	Central Gujarat	AKOTA	GEN	143	PATHAN MOHAMMAD SOYEBKHAN (GUDDU)	M	41	BSP	7	0	465	247684	167079	0.28	67.46	66	0.04	7	1.89	TRUE	1						FALSE	FALSE	FALSE	AEGJ6303	State-based Party (Other State)	16651	12th Pass	Business	Contractor	
2017	13	Vadodra	Central Gujarat	AKOTA	GEN	143	MAHEBUBKHAN YUSUFKHAN SINDHI (VAKIL)	M	41	IND	8	0	399	247684	167079	0.24	67.46	0	0	7	1.89	TRUE	2	IND	10809	AKOTA	TRUE	TRUE	FALSE	FALSE	TRUE	AEGJ14065	Independents	10809				
2017	13	Vadodra	Central Gujarat	RAOPURA	GEN	144	RAJENDRA TRIVEDI RAJUBHAI VAKIL	M	63	BJP	1	2	106985	273393	182391	58.66	66.71	36650	20.09	7	2.04	TRUE	2	BJP	1605	RAOPURA	TRUE	TRUE	FALSE	TRUE	TRUE	AEGJ14075	National Party	1605	Graduate Professional	Liberal Profession or Professional	Lawyer	Agriculture
2017	13	Vadodra	Central Gujarat	RAOPURA	GEN	144	CHANDRAKANT R. SHRIVASTAV BHATTHUBHAI	M	67	INC	2	0	70335	273393	182391	38.56	66.71	67768	37.16	7	2.04	TRUE	5	INC	3482	BARODA CITY	FALSE	TRUE	FALSE	FALSE	FALSE	AEGJ6473	National Party	3482	10th Pass	Business		Agriculture
2017	13	Vadodra	Central Gujarat	RAOPURA	GEN	144	None of the Above			NOTA	3		2567	273393	182391	1.41	66.71	1717	0.94	7	2.04	TRUE											NOTA	5897				
2017	13	Vadodra	Central Gujarat	RAOPURA	GEN	144	SARASWATIBEN KHETSINH RAJPUT SATTUMEM	F	61	GJCP	4	0	850	273393	182391	0.47	66.71	206	0.11	7	2.04	TRUE	1						FALSE	FALSE	FALSE	AEGJ6331	Local Party	3163	Graduate	Retired or Pension		
2017	13	Vadodra	Central Gujarat	RAOPURA	GEN	144	ROHIT MAHESHKUMAR GOVINDBHAI	M	36	BSP	5	0	644	273393	182391	0.35	66.71	270	0.15	7	2.04	TRUE	1						FALSE	FALSE	FALSE	AEGJ6328	State-based Party (Other State)	16651	12th Pass	Labourer or Daily Wage	Truck Driver	
2017	13	Vadodra	Central Gujarat	RAOPURA	GEN	144	HARSHA TOKE	F	36	IND	6	0	374	273393	182391	0.21	66.71	48	0.03	7	2.04	TRUE	1						FALSE	FALSE	FALSE	AEGJ6341	Independents	10809	Post Graduate	Other	Household	
2017	13	Vadodra	Central Gujarat	RAOPURA	GEN	144	KALIDAS M. PATEL NEPOLEON	M	63	IND	7	0	326	273393	182391	0.18	66.71	16	0.01	7	2.04	TRUE	1						FALSE	FALSE	FALSE	AEGJ6335	Independents	10809				
2017	13	Vadodra	Central Gujarat	RAOPURA	GEN	144	SONAVANE PARMESHWAR SHRAVANBHAI	M	39	IND	8	0	310	273393	182391	0.17	66.71	0	0	7	2.04	TRUE	1						FALSE	FALSE	FALSE	AEGJ6337	Independents	10809	10th Pass	Business	Real Estate or Builder or Developer or Construction	Liberal Profession or Professional
2017	13	Vadodra	Central Gujarat	MANJALPUR	GEN	145	YOGESH PATEL	M	71	BJP	1	7	105036	232610	160367	65.5	68.94	56362	35.15	12	1.92	TRUE	7	BJP	1605	MANJALPUR	TRUE	TRUE	FALSE	TRUE	TRUE	AEGJ53	National Party	1605	10th Pass	Agriculture		Social Work
2017	13	Vadodra	Central Gujarat	MANJALPUR	GEN	145	CHIRAG HANSKUMAR ZAVERI (CHIRAG ZAVERI )	M	60	INC	2	0	48674	232610	160367	30.35	68.94	46428	28.95	12	1.92	TRUE	1						FALSE	FALSE	FALSE	AEGJ1516	National Party	3482	Graduate	Business		
2017	13	Vadodra	Central Gujarat	MANJALPUR	GEN	145	None of the Above			NOTA	3		2246	232610	160367	1.4	68.94	1411	0.88	12	1.92	TRUE											NOTA	5897				
2017	13	Vadodra	Central Gujarat	MANJALPUR	GEN	145	LAXMANBHAI PUNJABHAI PAREKH	M	60	IND	4	0	835	232610	160367	0.52	68.94	16	0.01	12	1.92	TRUE	1						FALSE	FALSE	FALSE	AEGJ6373	Independents	10809	10th Pass	Retired or Pension		
2017	13	Vadodra	Central Gujarat	MANJALPUR	GEN	145	DAHYABHAI JADAVBHAI ROHIT	M	59	BSP	5	0	819	232610	160367	0.51	68.94	216	0.13	12	1.92	TRUE	1						FALSE	FALSE	FALSE	AEGJ6346	State-based Party (Other State)	16651	Graduate Professional	Retired or Pension		
2017	13	Vadodra	Central Gujarat	MANJALPUR	GEN	145	INDERJEET SINGH GROVER	M	45	SUCI	6	0	603	232610	160367	0.38	68.94	99	0.06	12	1.92	TRUE	1						FALSE	FALSE	FALSE	AEGJ6354	State-based Party (Other State)	8082	12th Pass	Other		
2017	13	Vadodra	Central Gujarat	MANJALPUR	GEN	145	MAYUR CHANDRAKANT PANCHAL	M	31	SHS	7	0	504	232610	160367	0.31	68.94	92	0.06	12	1.92	TRUE	1						FALSE	FALSE	FALSE	AEGJ6359	State-based Party (Other State)	18691	Graduate Professional	Other		
2017	13	Vadodra	Central Gujarat	MANJALPUR	GEN	145	RAJPUT MUKESHSINH NATVARSINH	M	36	IND	8	0	412	232610	160367	0.26	68.94	75	0.05	12	1.92	TRUE	1						FALSE	FALSE	FALSE	AEGJ6372	Independents	10809	8th Pass	Labourer or Daily Wage	Mechanic	
2017	13	Vadodra	Central Gujarat	MANJALPUR	GEN	145	SUNITA PARDESHI (YOGATEACHER)	F	50	IND	9	0	337	232610	160367	0.21	68.94	55	0.03	12	1.92	TRUE	1						FALSE	FALSE	FALSE	AEGJ6376	Independents	10809	Graduate	Other		
2017	13	Vadodra	Central Gujarat	MANJALPUR	GEN	145	RITU BANSAL	F	43	AAAP	10	0	282	232610	160367	0.18	68.94	31	0.02	12	1.92	TRUE	1						FALSE	FALSE	FALSE	AEGJ6366	State-based Party (Other State)	13				
2017	13	Vadodra	Central Gujarat	MANJALPUR	GEN	145	PRAKASHBHAI SOMABHAI PATEL	M	48	MANPA	11	0	251	232610	160367	0.16	68.94	66	0.04	12	1.92	TRUE	1						FALSE	FALSE	FALSE	AEGJ6356	Local Party	5355				
2017	13	Vadodra	Central Gujarat	MANJALPUR	GEN	145	MAHESH ADVANI (BANTI)	M	50	AINHCP	12	0	185	232610	160367	0.12	68.94	2	0	12	1.92	TRUE	1						FALSE	FALSE	FALSE	AEGJ6364	Local Party	662	12th Pass	Business		
2017	13	Vadodra	Central Gujarat	MANJALPUR	GEN	145	BIKRAMA PARAMHANS CHOUDHARY	M	53	IND	13	0	183	232610	160367	0.11	68.94	0	0	12	1.92	TRUE	1						FALSE	FALSE	FALSE	AEGJ6367	Independents	10809	8th Pass	Other		
2017	13	Vadodra	Central Gujarat	PADRA	GEN	146	THAKOR JASHPALSINH MAHENDRASINH (PADHIYAR)	M	36	INC	1	1	92998	215108	173635	53.56	80.72	19027	10.96	9	2.13	TRUE	2	INC	3482	PADRA	TRUE	TRUE	FALSE	FALSE	TRUE	AEGJ14091	National Party	3482	12th Pass	Business		Agriculture
2017	13	Vadodra	Central Gujarat	PADRA	GEN	146	PATEL DINESHBHAI BALUBHAI (DINUMAMA)	M	59	BJP	2	2	73971	215108	173635	42.6	80.72	70804	40.78	9	2.13	TRUE	5	BJP	1605	PADRA	TRUE	TRUE	FALSE	TRUE	TRUE	AEGJ10291	National Party	1605	12th Pass	Business		Agriculture
2017	13	Vadodra	Central Gujarat	PADRA	GEN	146	None of the Above			NOTA	3		3167	215108	173635	1.82	80.72	2149	1.24	9	2.13	TRUE											NOTA	5897				
2017	13	Vadodra	Central Gujarat	PADRA	GEN	146	SOLANKI KAILASBEN SURESHBHAI	F	40	IND	4	0	1018	215108	173635	0.59	80.72	221	0.13	9	2.13	TRUE	1						FALSE	FALSE	FALSE	AEGJ6411	Independents	10809	5th Pass	Other	Household	
2017	13	Vadodra	Central Gujarat	PADRA	GEN	146	PARMAR NAVNEETBHAI MANUBHAI	M	28	BSP	5	0	797	215108	173635	0.46	80.72	293	0.17	9	2.13	TRUE	1						FALSE	FALSE	FALSE	AEGJ6379	State-based Party (Other State)	16651	10th Pass	Small Business or Self-employed		
2017	13	Vadodra	Central Gujarat	PADRA	GEN	146	GOHIL VINUBHAI	M	40	GJCP	6	0	504	215108	173635	0.29	80.72	76	0.04	9	2.13	TRUE	1						FALSE	FALSE	FALSE	AEGJ6391	Local Party	3163	5th Pass	Agriculture		
2017	13	Vadodra	Central Gujarat	PADRA	GEN	146	PARMAR HARMANBHAI FULABHAI	M	65	IND	7	0	428	215108	173635	0.25	80.72	141	0.08	9	2.13	TRUE	3	IND	10809	PADRA	TRUE	TRUE	FALSE	FALSE	TRUE	AEGJ11288	Independents	10809				
2017	13	Vadodra	Central Gujarat	PADRA	GEN	146	AMJADBHAI BABUBHAI GARASIYA	M	42	IND	8	0	287	215108	173635	0.17	80.72	45	0.03	9	2.13	TRUE	1						FALSE	FALSE	FALSE	AEGJ6403	Independents	10809	8th Pass	Business		Social Work
2017	13	Vadodra	Central Gujarat	PADRA	GEN	146	JASHUBHAI CHHITABHAI PARMAR	M	56	AINHCP	9	0	242	215108	173635	0.14	80.72	19	0.01	9	2.13	TRUE	1						FALSE	FALSE	FALSE	AEGJ6400	Local Party	662	12th Pass	Agriculture		
2017	13	Vadodra	Central Gujarat	PADRA	GEN	146	PANKAJBHAI BALVANTRAY THAKAR	M	37	NCP	10	0	223	215108	173635	0.13	80.72	0	0	9	2.13	TRUE	1						FALSE	FALSE	FALSE	AEGJ6383	State-based Party (Other State)	5792	12th Pass	Business		
2017	13	Vadodra	Central Gujarat	KARJAN	GEN	147	AKSHAY KUMAR ISWARBHAI PATEL	M	49	INC	1	1	74087	198198	153183	48.37	77.29	3564	2.33	10	2.27	FALSE	2	INC	3482	KARANJ	TRUE	TRUE	FALSE	FALSE	TRUE	AEGJ14099	National Party	3482	10th Pass	Agriculture		
2017	13	Vadodra	Central Gujarat	KARJAN	GEN	147	SATISHBHAI MOTIBHAI PATEL	M	53	BJP	2	1	70523	198198	153183	46.04	77.29	67668	44.17	10	2.27	FALSE	2	BJP	1605	KARANJ	TRUE	TRUE	FALSE	TRUE	TRUE	AEGJ14095	National Party	1605	12th Pass	Agriculture		
2017	13	Vadodra	Central Gujarat	KARJAN	GEN	147	None of the Above			NOTA	3		2855	198198	153183	1.86	77.29	1622	1.06	10	2.27	FALSE											NOTA	5897				
2017	13	Vadodra	Central Gujarat	KARJAN	GEN	147	MUKESHBHAI MANIBHAI VASAVA	M	33	JD(U)	4	0	1233	198198	153183	0.8	77.29	130	0.08	10	2.27	FALSE	1						FALSE	FALSE	FALSE	AEGJ6418	State-based Party (Other State)	11002		Social Work		
2017	13	Vadodra	Central Gujarat	KARJAN	GEN	147	RAJESHBHAI CHIMANBHAI VASAVA	M	36	BSP	5	0	1103	198198	153183	0.72	77.29	88	0.06	10	2.27	FALSE	1						FALSE	FALSE	FALSE	AEGJ6414	State-based Party (Other State)	16651	10th Pass	Agriculture		
2017	13	Vadodra	Central Gujarat	KARJAN	GEN	147	YUSUF ALIBHAI HASANALI	M	43	IND	6	0	1015	198198	153183	0.66	77.29	229	0.15	10	2.27	FALSE	1						FALSE	FALSE	FALSE	AEGJ6430	Independents	10809	8th Pass	Agriculture		
2017	13	Vadodra	Central Gujarat	KARJAN	GEN	147	RAMANBHAI CHIMANBHAI VASAVA	M	62	IND	7	0	786	198198	153183	0.51	77.29	322	0.21	10	2.27	FALSE	1						FALSE	FALSE	FALSE	AEGJ6435	Independents	10809	Graduate	Retired or Pension		
2017	13	Vadodra	Central Gujarat	KARJAN	GEN	147	HANIFBHAI ISMAILBHAI JAMADAR	M	53	AAAP	8	0	464	198198	153183	0.3	77.29	66	0.04	10	2.27	FALSE	1						FALSE	FALSE	FALSE	AEGJ6419	State-based Party (Other State)	13				
2017	13	Vadodra	Central Gujarat	KARJAN	GEN	147	KALPESHKUMAR SHANKARBHAI VAIDH	M	35	IND	9	0	398	198198	153183	0.26	77.29	31	0.02	10	2.27	FALSE	1						FALSE	FALSE	FALSE	AEGJ6425	Independents	10809	10th Pass	Labourer or Daily Wage	Truck Driver	
2017	13	Vadodra	Central Gujarat	KARJAN	GEN	147	ISMAIL ADAMBHAI BANGA	M	62	IND	10	0	367	198198	153183	0.24	77.29	15	0.01	10	2.27	FALSE	1						FALSE	FALSE	FALSE	AEGJ6424	Independents	10809	8th Pass	Agriculture		
2017	13	Vadodra	Central Gujarat	KARJAN	GEN	147	ARIFBHAI YAKUBBHAI KOLA	M	42	IND	11	0	352	198198	153183	0.23	77.29	0	0	10	2.27	FALSE	1						FALSE	FALSE	FALSE	AEGJ6423	Independents	10809	10th Pass	Agriculture		
2017	13	Narmada	South Gujarat	NANDOD	ST	148	VASAVA PREMSINHBHAI DEVJIBHAI	M	72	INC	1	4	81849	220146	168277	48.64	76.44	6329	3.76	7	2.27	TRUE	7	INC	3482	RAJPIPLA	FALSE	TRUE	FALSE	FALSE	FALSE	AEGJ1589	National Party	3482	Graduate Professional	Agriculture		
2017	13	Narmada	South Gujarat	NANDOD	ST	148	TADVI SHABDASHARAN BHAILALBHAI	M	52	BJP	2	1	75520	220146	168277	44.88	76.44	73191	43.49	7	2.27	TRUE	2	BJP	1605	NANDOD	TRUE	TRUE	FALSE	TRUE	TRUE	AEGJ14112	National Party	1605	12th Pass	Agriculture		
2017	13	Narmada	South Gujarat	NANDOD	ST	148	TADVI JESANGBHAI RANCHHODBHAI	M	50	JD(U)	3	0	2329	220146	168277	1.38	76.44	85	0.05	7	2.27	TRUE	1						FALSE	FALSE	FALSE	AEGJ6449	State-based Party (Other State)	11002	10th Pass	Agriculture		
2017	13	Narmada	South Gujarat	NANDOD	ST	148	None of the Above			NOTA	4		2244	220146	168277	1.33	76.44	177	0.11	7	2.27	TRUE											NOTA	5897				
2017	13	Narmada	South Gujarat	NANDOD	ST	148	VASAVA MAHESHBHAI SARADBHAI	M	48	IND	5	0	2067	220146	168277	1.23	76.44	103	0.06	7	2.27	TRUE	2	JD(U)	11002	NANDOD	TRUE	FALSE	FALSE	FALSE	TRUE	AEGJ14111	Independents	10809	12th Pass	Business		
2017	13	Narmada	South Gujarat	NANDOD	ST	148	TADVI BHANUBHAI HIMMATBHAI	M	72	NCP	6	0	1964	220146	168277	1.17	76.44	585	0.35	7	2.27	TRUE	1						FALSE	FALSE	FALSE	AEGJ6436	State-based Party (Other State)	5792	10th Pass	Agriculture		
2017	13	Narmada	South Gujarat	NANDOD	ST	148	BUDHABHAI CHANDUBHAI TADVI	M	38	IND	7	0	1379	220146	168277	0.82	76.44	454	0.27	7	2.27	TRUE	1						FALSE	FALSE	FALSE	AEGJ6460	Independents	10809	10th Pass	Agriculture		
2017	13	Narmada	South Gujarat	NANDOD	ST	148	TADVI VIJAYKUMAR NARANBHAI	M	44	IND	8	0	925	220146	168277	0.55	76.44	0	0	7	2.27	TRUE	2	IND	10809	NANDOD	TRUE	TRUE	FALSE	FALSE	TRUE	AEGJ14108	Independents	10809	Illiterate	Business		
2017	13	Narmada	South Gujarat	DEDIAPADA	ST	149	VASAVA MAHESHBHAI CHHOTUBHAI	M	50	BTP	1	1	83026	193479	165333	50.22	85.45	21751	13.16	9	2.56	TRUE	1						FALSE	FALSE	FALSE	AEGJ6493	Local Party	2055	10th Pass	Other		
2017	13	Narmada	South Gujarat	DEDIAPADA	ST	149	VASAVA MOTILAL PUNIYABHAI	M	54	BJP	2	3	61275	193479	165333	37.06	85.45	54554	33	9	2.56	TRUE	7	BJP	1605	DEDIAPADA	TRUE	TRUE	FALSE	TRUE	TRUE	AEGJ6616	National Party	1605	Graduate Professional	Agriculture		
2017	13	Narmada	South Gujarat	DEDIAPADA	ST	149	DESHMUKH RAJENDRASINH GUMANSINH	M	49	INCP	3	0	6721	193479	165333	4.07	85.45	3364	2.03	9	2.56	TRUE	2	IND	10809	DEDIAPADA	TRUE	FALSE	FALSE	FALSE	TRUE	AEGJ14117	Local Party	3875	12th Pass	Business		Agriculture
2017	13	Narmada	South Gujarat	DEDIAPADA	ST	149	None of the Above			NOTA	4		3357	193479	165333	2.03	85.45	533	0.32	9	2.56	TRUE											NOTA	5897				
2017	13	Narmada	South Gujarat	DEDIAPADA	ST	149	VASAVA RAKESHKUMAR RAYJIBHAI	M	34	IND	5	0	2824	193479	165333	1.71	85.45	399	0.24	9	2.56	TRUE	1						FALSE	FALSE	FALSE	AEGJ6502	Independents	10809	Graduate	Agriculture		
2017	13	Narmada	South Gujarat	DEDIAPADA	ST	149	VASAVA AMARSINH RAMSINH	M	61	IND	6	2	2425	193479	165333	1.47	85.45	54	0.03	9	2.56	TRUE	6	INC	3482	DEDIAPADA	TRUE	FALSE	FALSE	FALSE	TRUE	AEGJ9089	Independents	10809	Graduate Professional	Agriculture		
2017	13	Narmada	South Gujarat	DEDIAPADA	ST	149	VASAVA KALPANABEN KAILASHBHAI	F	33	AINHCP	7	0	2371	193479	165333	1.43	85.45	1080	0.65	9	2.56	TRUE	1						FALSE	FALSE	FALSE	AEGJ6486	Local Party	662	Graduate	Agriculture		
2017	13	Narmada	South Gujarat	DEDIAPADA	ST	149	VASAVA TUSHAR JAMSUBHAI	M	27	JD(U)	8	0	1291	193479	165333	0.78	85.45	253	0.15	9	2.56	TRUE	1						FALSE	FALSE	FALSE	AEGJ6492	State-based Party (Other State)	11002	Post Graduate	Student		
2017	13	Narmada	South Gujarat	DEDIAPADA	ST	149	MULJIBHAI KHALPABHAI VASAVA	M	40	IND	9	0	1038	193479	165333	0.63	85.45	33	0.02	9	2.56	TRUE	1						FALSE	FALSE	FALSE	AEGJ6494	Independents	10809	Post Graduate	Agriculture		
2017	13	Narmada	South Gujarat	DEDIAPADA	ST	149	MANSINGBHAI KALIYABHAI VASAVA	M	42	SVPP	10	0	1005	193479	165333	0.61	85.45	0	0	9	2.56	TRUE	3	IND	10809	DEDIAPADA	TRUE	FALSE	FALSE	FALSE	TRUE	AEGJ12589	Local Party	7682	Literate	Agriculture		
2017	13	Bharuch	South Gujarat	JAMBUSAR	GEN	150	SANJAYBHAI JESANGBHAI SOLANKI	M	49	INC	1	1	73216	222493	156732	46.71	70.44	6412	4.09	10	2.5	TRUE	1						FALSE	FALSE	FALSE	AEGJ1075	National Party	3482	Graduate	Agriculture		
2017	13	Bharuch	South Gujarat	JAMBUSAR	GEN	150	CHHATRASINHJI POOJABHAI MORI	M	61	BJP	2	4	66804	222493	156732	42.62	70.44	58022	37.02	10	2.5	TRUE	6	BJP	1605	JAMBUSAR	TRUE	TRUE	FALSE	TRUE	TRUE	AEGJ9016	National Party	1605	Graduate	Business		Agriculture
2017	13	Bharuch	South Gujarat	JAMBUSAR	GEN	150	KHUMANSINH KESHRISINH VANSIA	M	62	IND	3	0	8782	222493	156732	5.6	70.44	5949	3.8	10	2.5	TRUE	1						FALSE	FALSE	FALSE	AEGJ6519	Independents	10809	10th Pass	Business		Agriculture
2017	13	Bharuch	South Gujarat	JAMBUSAR	GEN	150	None of the Above			NOTA	4		2833	222493	156732	1.81	70.44	1627	1.04	10	2.5	TRUE											NOTA	5897				
2017	13	Bharuch	South Gujarat	JAMBUSAR	GEN	150	JAMBU HIMANSHU ISHWARBHAI	M	36	BSP	5	0	1206	222493	156732	0.77	70.44	24	0.02	10	2.5	TRUE	1						FALSE	FALSE	FALSE	AEGJ6503	State-based Party (Other State)	16651	12th Pass	Small Business or Self-employed		
2017	13	Bharuch	South Gujarat	JAMBUSAR	GEN	150	PARMAR NARENDRASINH JESANGBHAI	M	28	AINHCP	6	0	1182	222493	156732	0.75	70.44	421	0.27	10	2.5	TRUE	1						FALSE	FALSE	FALSE	AEGJ6507	Local Party	662	Graduate Professional	Education	School Teacher	Unemployed
2017	13	Bharuch	South Gujarat	JAMBUSAR	GEN	150	MUBARAK ABDULLAH PATEL	M	44	IND	7	0	761	222493	156732	0.49	70.44	154	0.1	10	2.5	TRUE	1						FALSE	FALSE	FALSE	AEGJ6537	Independents	10809	8th Pass	Agriculture		
2017	13	Bharuch	South Gujarat	JAMBUSAR	GEN	150	MAHESHBHAI MAGANBHAI SOLANKI	M	52	NCP	8	0	607	222493	156732	0.39	70.44	105	0.07	10	2.5	TRUE	2	INC	3482	JAMBUSAR	TRUE	FALSE	TRUE	FALSE	FALSE	AEGJ9023	State-based Party (Other State)	5792	Graduate	Other		
2017	13	Bharuch	South Gujarat	JAMBUSAR	GEN	150	ARYA INDRAVADAN BHIMSINH	M	46	IND	9	0	502	222493	156732	0.32	70.44	56	0.04	10	2.5	TRUE	1						FALSE	FALSE	FALSE	AEGJ6518	Independents	10809				
2017	13	Bharuch	South Gujarat	JAMBUSAR	GEN	150	BHUPENDRABHAI VITTHALBHAI PATEL	M	70	IND	10	0	446	222493	156732	0.28	70.44	53	0.03	10	2.5	TRUE	2	IND	10809	JAMBUSAR	TRUE	TRUE	FALSE	FALSE	FALSE	AEGJ12543	Independents	10809	Doctorate	Retired or Pension		
2017	13	Bharuch	South Gujarat	JAMBUSAR	GEN	150	PARMAR PRAVINBHAI CHATURBHAI	M	30	BMUP	11	0	393	222493	156732	0.25	70.44	0	0	10	2.5	TRUE	1						FALSE	FALSE	FALSE	AEGJ6514	Local Party	1074	12th Pass	Other		
2017	13	Bharuch	South Gujarat	VAGRA	GEN	151	ARUNSINH AJITSINH RANA	M	58	BJP	1	2	72331	198491	152727	47.36	76.94	2628	1.72	10	2.33	TRUE	3	BJP	1605	VAGRA	TRUE	TRUE	FALSE	TRUE	TRUE	AEGJ12561	National Party	1605	10th Pass	Business	Agricultural Business	Agriculture
2017	13	Bharuch	South Gujarat	VAGRA	GEN	151	PATEL SULEMANBHAI MUSABHAI	M	49	INC	2	0	69703	198491	152727	45.64	76.94	64102	41.97	10	2.33	TRUE	3	IND	10809	VAGRA	TRUE	FALSE	FALSE	FALSE	TRUE	AEGJ12562	National Party	3482	10th Pass	Business		Agriculture
2017	13	Bharuch	South Gujarat	VAGRA	GEN	151	GOHIL FATESANGBHAI RAYSANGBHAI	M	48	IND	3	0	5601	198491	152727	3.67	76.94	2794	1.83	10	2.33	TRUE	1						FALSE	FALSE	FALSE	AEGJ6557	Independents	10809				
2017	13	Bharuch	South Gujarat	VAGRA	GEN	151	None of the Above			NOTA	4		2807	198491	152727	1.84	76.94	1821	1.19	10	2.33	TRUE											NOTA	5897				
2017	13	Bharuch	South Gujarat	VAGRA	GEN	151	GHASWALA ASARAF JAVID MUSABHAI	M	40	IND	5	0	986	198491	152727	0.65	76.94	431	0.28	10	2.33	TRUE	1						FALSE	FALSE	FALSE	AEGJ6561	Independents	10809				
2017	13	Bharuch	South Gujarat	VAGRA	GEN	151	PATHAN ALTAFKHAN DAUDKHAN	M	38	AINHCP	6	0	555	198491	152727	0.36	76.94	379	0.25	10	2.33	TRUE	1						FALSE	FALSE	FALSE	AEGJ6542	Local Party	662	Others	Business		
2017	13	Bharuch	South Gujarat	VAGRA	GEN	151	UDHARADAR JAVIDBHAI YAKUBBHAI	M	36	IND	7	0	176	198491	152727	0.12	76.94	2	0	10	2.33	TRUE	1						FALSE	FALSE	FALSE	AEGJ6552	Independents	10809				
2017	13	Bharuch	South Gujarat	VAGRA	GEN	151	GULAM VALI SABUWALA	M	62	IND	8	0	174	198491	152727	0.11	76.94	21	0.01	10	2.33	TRUE	1						FALSE	FALSE	FALSE	AEGJ6556	Independents	10809	Literate	Other		
2017	13	Bharuch	South Gujarat	VAGRA	GEN	151	RAJESHBHAI DHARAMDAS ARYA	M	47	JD(U)	9	0	153	198491	152727	0.1	76.94	26	0.02	10	2.33	TRUE	1						FALSE	FALSE	FALSE	AEGJ6544	State-based Party (Other State)	11002	10th Pass	Labourer or Daily Wage	Auto-rickshaw Driver	
2017	13	Bharuch	South Gujarat	VAGRA	GEN	151	KIDIWALA DILAWAR ABDULLAH	M	40	IND	10	0	127	198491	152727	0.08	76.94	13	0.01	10	2.33	TRUE	1						FALSE	FALSE	FALSE	AEGJ6555	Independents	10809				
2017	13	Bharuch	South Gujarat	VAGRA	GEN	151	SOLANKI MAHENDRA BABUBHAI	M	43	BMUP	11	0	114	198491	152727	0.07	76.94	0	0	10	2.33	TRUE	1						FALSE	FALSE	FALSE	AEGJ6549	Local Party	1074	10th Pass	Other		
2017	13	Bharuch	South Gujarat	JHAGADIA	ST	152	VASAVA CHHOTUBHAI AMARSINH	M	72	BTP	1	7	113854	232261	189179	60.18	81.45	48948	25.87	3	2.08	TRUE	8	JD(U)	11002	JHAGADIA	TRUE	FALSE	TRUE	TRUE	TRUE	AEGJ6575	Local Party	2055	10th Pass	Social Work		
2017	13	Bharuch	South Gujarat	JHAGADIA	ST	152	RAVJIBHAI ISHVARBHAI VASAVA	M	55	BJP	2	0	64906	232261	189179	34.31	81.45	59542	31.47	3	2.08	TRUE	1						FALSE	FALSE	FALSE	AEGJ1185	National Party	1605	Literate	Business	"Contractor, Transport"	Agriculture
2017	13	Bharuch	South Gujarat	JHAGADIA	ST	152	None of the Above			NOTA	3		5364	232261	189179	2.84	81.45	309	0.16	3	2.08	TRUE											NOTA	5897				
2017	13	Bharuch	South Gujarat	JHAGADIA	ST	152	CHHOTUBHAI A.VASAVA	M	49	JD(U)	4	6	5055	232261	189179	2.67	81.45	0	0	3	2.08	TRUE	8	JD(U)	11002	JHAGADIA	TRUE	TRUE	FALSE	TRUE	TRUE	AEGJ6575	State-based Party (Other State)	11002	12th Pass	Agriculture		
2017	13	Bharuch	South Gujarat	BHARUCH	GEN	153	PATEL DUSHYANTBHAI RAJNEEKANT	M	52	BJP	1	3	99699	255307	172396	57.83	67.52	33099	19.2	10	2.08	TRUE	3	BJP	1605	BHARUCH	TRUE	TRUE	FALSE	TRUE	TRUE	AEGJ14149	National Party	1605	Graduate	Business		Social Work
2017	13	Bharuch	South Gujarat	BHARUCH	GEN	153	PATEL JAYESHBHAI AMBALAL	M	60	INC	2	0	66600	255307	172396	38.63	67.52	64541	37.44	10	2.08	TRUE	4	INC	3482	BROACH	FALSE	TRUE	FALSE	FALSE	FALSE	AEGJ10317	National Party	3482	Graduate Professional	Agriculture		
2017	13	Bharuch	South Gujarat	BHARUCH	GEN	153	None of the Above			NOTA	3		2059	255307	172396	1.19	67.52	997	0.58	10	2.08	TRUE											NOTA	5897				
2017	13	Bharuch	South Gujarat	BHARUCH	GEN	153	PATEL IMRAN UMARJEEBHAI	M	34	NCP	4	0	1062	255307	172396	0.62	67.52	380	0.22	10	2.08	TRUE	1						FALSE	FALSE	FALSE	AEGJ6580	State-based Party (Other State)	5792	10th Pass	Business		
2017	13	Bharuch	South Gujarat	BHARUCH	GEN	153	HITESHKUMAR HIRALAL PARMAR	M	42	BSP	5	0	682	255307	172396	0.4	67.52	14	0.01	10	2.08	TRUE	1						FALSE	FALSE	FALSE	AEGJ6595	State-based Party (Other State)	16651	Post Graduate	Agriculture		Social Work
2017	13	Bharuch	South Gujarat	BHARUCH	GEN	153	SAVARIYA NARMADAPUTRA MAHARAJ GURUSHREE NARMADAJI	M	71	IND	6	0	668	255307	172396	0.39	67.52	65	0.04	10	2.08	TRUE	1						FALSE	FALSE	FALSE	AEGJ6626	Independents	10809				
2017	13	Bharuch	South Gujarat	BHARUCH	GEN	153	PATHAN IMRANKHAN HUSAINKHAN	M	35	IND	7	0	603	255307	172396	0.35	67.52	184	0.11	10	2.08	TRUE	1						FALSE	FALSE	FALSE	AEGJ6625	Independents	10809	5th Pass	Business		
2017	13	Bharuch	South Gujarat	BHARUCH	GEN	153	GOHIL VIRALKUMAR NARESHBHAI	M	39	SHS	8	0	419	255307	172396	0.24	67.52	208	0.12	10	2.08	TRUE	1						FALSE	FALSE	FALSE	AEGJ6597	State-based Party (Other State)	18691	8th Pass	Business		
2017	13	Bharuch	South Gujarat	BHARUCH	GEN	153	DIPEEKABEN SHAILESHBHAI PATEL	F	43	AINHCP	9	0	211	255307	172396	0.12	67.52	10	0.01	10	2.08	TRUE	1						FALSE	FALSE	FALSE	AEGJ6600	Local Party	662	Graduate	Business		
2017	13	Bharuch	South Gujarat	BHARUCH	GEN	153	PARMAR SURESHBHAI HIRABHAI	M	49	LOKSP	10	0	201	255307	172396	0.12	67.52	9	0.01	10	2.08	TRUE	1						FALSE	FALSE	FALSE	AEGJ6608	Local Party	5174	12th Pass	Other		
2017	13	Bharuch	South Gujarat	BHARUCH	GEN	153	GOHIL HEMANTKUMAR JERAMBHAI	M	39	BMUP	11	0	192	255307	172396	0.11	67.52	0	0	10	2.08	TRUE	2	IND	10809	BHARUCH	TRUE	FALSE	FALSE	FALSE	TRUE	GEGJ3213	Local Party	1074	10th Pass	Other		
2017	13	Bharuch	South Gujarat	ANKLESHWAR	GEN	154	ISHWARSINH THAKORBHAI PATEL	M	52	BJP	1	4	99050	221026	157432	62.92	71.23	46912	29.8	12	1.96	TRUE	4	BJP	1605	ANKLESHWAR	TRUE	TRUE	FALSE	TRUE	TRUE	AEGJ11312	National Party	1605	Graduate Professional	Agriculture		
2017	13	Bharuch	South Gujarat	ANKLESHWAR	GEN	154	ANILKUMAR CHHITUBHAI BHAGAT	M	52	INC	2	0	52138	221026	157432	33.12	71.23	49406	31.38	12	1.96	TRUE	2	JD(U)	11002	MANGROL	FALSE	FALSE	TRUE	FALSE	FALSE	GEGJ69664	National Party	3482	Graduate	Business		Agriculture
2017	13	Bharuch	South Gujarat	ANKLESHWAR	GEN	154	None of the Above			NOTA	3		2732	221026	157432	1.74	71.23	1516	0.96	12	1.96	TRUE											NOTA	5897				
2017	13	Bharuch	South Gujarat	ANKLESHWAR	GEN	154	SHAIKH ALTAFHUSSAIN KALUAHEMAD	M	54	IND	4	0	1216	221026	157432	0.77	71.23	600	0.38	12	1.96	TRUE	1						FALSE	FALSE	FALSE	AEGJ6660	Independents	10809				
2017	13	Bharuch	South Gujarat	ANKLESHWAR	GEN	154	CHETANBHAI KANJIBHAI VASAVA	M	50	BSP	5	0	616	221026	157432	0.39	71.23	218	0.14	12	1.96	TRUE	3	BSP	16651	JHAGADIA	FALSE	TRUE	FALSE	FALSE	FALSE	AEGJ10330	State-based Party (Other State)	16651	10th Pass	Business		
2017	13	Bharuch	South Gujarat	ANKLESHWAR	GEN	154	MALEK SABIRHUSSAIN HABIBBHAI	M	47	IND	6	0	398	221026	157432	0.25	71.23	127	0.08	12	1.96	TRUE	1						FALSE	FALSE	FALSE	AEGJ6658	Independents	10809		Business		
2017	13	Bharuch	South Gujarat	ANKLESHWAR	GEN	154	JAYENDRASINH MAHENDRASINHJI BHARTHANIYA	M	44	IND	7	0	271	221026	157432	0.17	71.23	28	0.02	12	1.96	TRUE	1						FALSE	FALSE	FALSE	AEGJ6657	Independents	10809				
2017	13	Bharuch	South Gujarat	ANKLESHWAR	GEN	154	KSHETRAPAL DURGAPRASAD SHARMA	M	62	AAAP	8	0	243	221026	157432	0.15	71.23	26	0.02	12	1.96	TRUE	1						FALSE	FALSE	FALSE	AEGJ6650	State-based Party (Other State)	13				
2017	13	Bharuch	South Gujarat	ANKLESHWAR	GEN	154	AJAYBHAI GOMANBHAI VASAVA	M	27	IND	9	0	217	221026	157432	0.14	71.23	19	0.01	12	1.96	TRUE	1						FALSE	FALSE	FALSE	AEGJ6656	Independents	10809	12th Pass	Other		
2017	13	Bharuch	South Gujarat	ANKLESHWAR	GEN	154	PATEL BIPINKUMAR GOVINDBHAI	M	40	BMUP	10	0	198	221026	157432	0.13	71.23	48	0.03	12	1.96	TRUE	1						FALSE	FALSE	FALSE	AEGJ6631	Local Party	1074	10th Pass	Agriculture		
2017	13	Bharuch	South Gujarat	ANKLESHWAR	GEN	154	SANJAYKUMAR SOMABHAI PRAJAPATI	M	49	AINHCP	11	0	150	221026	157432	0.1	71.23	38	0.02	12	1.96	TRUE	1						FALSE	FALSE	FALSE	AEGJ6648	Local Party	662	12th Pass	Business		
2017	13	Bharuch	South Gujarat	ANKLESHWAR	GEN	154	PRAJAPATI VIJESHKUMAR MANILAL	M	44	ASAPA	12	0	112	221026	157432	0.07	71.23	21	0.01	12	1.96	TRUE	1						FALSE	FALSE	FALSE	AEGJ6642	Local Party	47	Graduate	Other		
2017	13	Bharuch	South Gujarat	ANKLESHWAR	GEN	154	RAJESHBHAI MAGANBHAI BUTANI	M	44	RAJPA	13	0	91	221026	157432	0.06	71.23	0	0	12	1.96	TRUE	2	IND	10809	KUTIYANA	FALSE	FALSE	FALSE	FALSE	FALSE	AEGJ6645	Local Party	6567	Others	Agriculture		
2017	13	Surat	South Gujarat	OLPAD	GEN	155	PATEL MUKESHBHAI ZINABHAI	M	47	BJP	1	2	147828	359732	244521	60.46	67.97	61812	25.28	13	2.04	TRUE	2	BJP	1605	OLPAD	TRUE	TRUE	FALSE	TRUE	TRUE	AEGJ14178	National Party	1605	12th Pass	Business	Contractor	Agriculture
2017	13	Surat	South Gujarat	OLPAD	GEN	155	BAKROLA YOGENDRASINH CHANDRASINH	M	50	INC	2	0	86016	359732	244521	35.18	67.97	82119	33.58	13	2.04	TRUE	1						FALSE	FALSE	FALSE	AEGJ1646	National Party	3482	Graduate	Business		Agriculture
2017	13	Surat	South Gujarat	OLPAD	GEN	155	None of the Above			NOTA	3		3897	359732	244521	1.59	67.97	2209	0.9	13	2.04	TRUE											NOTA	5897				
2017	13	Surat	South Gujarat	OLPAD	GEN	155	PATHAN SIRAJKHAN HOSIYARKHAN	M	38	BSP	4	0	1688	359732	244521	0.69	67.97	549	0.22	13	2.04	TRUE	1						FALSE	FALSE	FALSE	AEGJ6661	State-based Party (Other State)	16651	Literate	Liberal Profession or Professional	Consultant	
2017	13	Surat	South Gujarat	OLPAD	GEN	155	PATEL HITESHBHAI MOHANBHAI	M	29	IND	5	0	1139	359732	244521	0.47	67.97	86	0.04	13	2.04	TRUE	1						FALSE	FALSE	FALSE	AEGJ6705	Independents	10809				
2017	13	Surat	South Gujarat	OLPAD	GEN	155	SANGHANI KISHORBHAI DEVRAJBHAI	M	42	NCP	6	0	1053	359732	244521	0.43	67.97	234	0.1	13	2.04	TRUE	1						FALSE	FALSE	FALSE	AEGJ6663	State-based Party (Other State)	5792	8th Pass	Other		
2017	13	Surat	South Gujarat	OLPAD	GEN	155	LALJIBHAI JIVRAJBHAI KAKADIYA	M	26	IND	7	0	819	359732	244521	0.33	67.97	346	0.14	13	2.04	TRUE	1						FALSE	FALSE	FALSE	AEGJ6718	Independents	10809	12th Pass	Education	School Teacher	
2017	13	Surat	South Gujarat	OLPAD	GEN	155	SAVALIYA MANSUKHBHAI DHIRUBHAI	M	46	AAAP	8	0	473	359732	244521	0.19	67.97	107	0.04	13	2.04	TRUE	1						FALSE	FALSE	FALSE	AEGJ6690	State-based Party (Other State)	13				
2017	13	Surat	South Gujarat	OLPAD	GEN	155	TUNDIYA JIGNESHKUMAR DHARAMASHIBHAI	M	36	GJCP	9	0	366	359732	244521	0.15	67.97	30	0.01	13	2.04	TRUE	1						FALSE	FALSE	FALSE	AEGJ6673	Local Party	3163	8th Pass	Other		
2017	13	Surat	South Gujarat	OLPAD	GEN	155	MADHUBHAI ARJANBHAI ANAGHAN	M	33	SVPP	10	0	336	359732	244521	0.14	67.97	47	0.02	13	2.04	TRUE	1						FALSE	FALSE	FALSE	AEGJ6686	Local Party	7682	5th Pass	Business	Real Estate or Builder or Developer or Construction	
2017	13	Surat	South Gujarat	OLPAD	GEN	155	PATEL VIJAYKUMAR RAMBHAI	M	34	SHS	11	0	289	359732	244521	0.12	67.97	78	0.03	13	2.04	TRUE	1						FALSE	FALSE	FALSE	AEGJ6678	State-based Party (Other State)	18691	Others	Business		
2017	13	Surat	South Gujarat	OLPAD	GEN	155	GEDIYA DHARMISHTHABEN KARSHANBHAI	F	30	AINHCP	12	0	211	359732	244521	0.09	67.97	3	0	13	2.04	TRUE	1						FALSE	FALSE	FALSE	AEGJ6668	Local Party	662	10th Pass	Other	Household	
2017	13	Surat	South Gujarat	OLPAD	GEN	155	PATEL ANKIT ARJUNBHAI	M	31	VPP	13	0	208	359732	244521	0.09	67.97	10	0	13	2.04	TRUE	1						FALSE	FALSE	FALSE	AEGJ6677	Local Party	8518				
2017	13	Surat	South Gujarat	OLPAD	GEN	155	BALAR HASMUKHBHAI BABUBHAI	M	26	NBNM	14	0	198	359732	244521	0.08	67.97	0	0	13	2.04	TRUE	1						FALSE	FALSE	FALSE	AEGJ6685	Local Party	5835	8th Pass	Business		
2017	13	Surat	South Gujarat	MANGROL (ST)	ST	156	VASAVA GANPATSINH VESTABHAI	M	46	BJP	1	4	91114	200756	156079	58.38	77.75	40799	26.14	7	2.27	TRUE	5	BJP	1605	MANGROL	TRUE	TRUE	FALSE	TRUE	TRUE	AEGJ10358	National Party	1605	Graduate	Business	Petrol Pumps	Agriculture
2017	13	Surat	South Gujarat	MANGROL (ST)	ST	156	VASAVA NANSINGBHAI NANDARIABHAI	M	58	INC	2	0	50315	200756	156079	32.24	77.75	43132	27.63	7	2.27	TRUE	1						FALSE	FALSE	FALSE	AEGJ14412	National Party	3482		Business		Agriculture
2017	13	Surat	South Gujarat	MANGROL (ST)	ST	156	VASAVA UTAMBHAI SOMABHAI	M	44	BTP	3	0	7183	200756	156079	4.6	77.75	4614	2.96	7	2.27	TRUE	2	JD(U)	11002	MANGROL	TRUE	FALSE	TRUE	FALSE	TRUE	AEGJ14184	Local Party	2055	Graduate	Agriculture		
2017	13	Surat	South Gujarat	MANGROL (ST)	ST	156	JAGATSINH LALJIBHAI VASAVA	M	65	NCP	4	0	2569	200756	156079	1.65	77.75	769	0.49	7	2.27	TRUE	2	IND	10809	MANGROL	TRUE	FALSE	FALSE	FALSE	TRUE	AEGJ14183	State-based Party (Other State)	5792	Graduate Professional	Other		
2017	13	Surat	South Gujarat	MANGROL (ST)	ST	156	None of the Above			NOTA	5		1800	200756	156079	1.15	77.75	532	0.34	7	2.27	TRUE											NOTA	5897				
2017	13	Surat	South Gujarat	MANGROL (ST)	ST	156	HALPATI KUVARJIBHAI NARSINHBHAI	M	50	IND	6	1	1268	200756	156079	0.81	77.75	284	0.18	7	2.27	TRUE	4	INC	3482	BARDOLI	FALSE	FALSE	FALSE	FALSE	FALSE	AEGJ102738	Independents	10809	Graduate	Agriculture		
2017	13	Surat	South Gujarat	MANGROL (ST)	ST	156	VASAVA UTTAMBHAI TULSIBHAI	M	53	JD(U)	7	0	984	200756	156079	0.63	77.75	138	0.09	7	2.27	TRUE	1						FALSE	FALSE	FALSE	AEGJ6727	State-based Party (Other State)	11002	Illiterate	Agricultural Labour		
2017	13	Surat	South Gujarat	MANGROL (ST)	ST	156	BHAGAT URMILABEN MUKESHBHAI	F	41	IND	8	0	846	200756	156079	0.54	77.75	0	0	7	2.27	TRUE	1						FALSE	FALSE	FALSE	AEGJ6738	Independents	10809	Graduate Professional	Other		
2017	13	Surat	South Gujarat	MANDVI (ST)	ST	157	CHAUDHARI ANANDBHAI MOHANBHAI	M	46	INC	1	1	96483	225955	181695	53.1	80.41	50776	27.95	6	2.7	TRUE	1						FALSE	FALSE	FALSE	AEGJ1466	National Party	3482	12th Pass	Agriculture		
2017	13	Surat	South Gujarat	MANDVI (ST)	ST	157	PRAVINBHAI MERJIBHAI CHAUDHARI	M	46	BJP	2	0	45707	225955	181695	25.16	80.41	16155	8.89	6	2.7	TRUE	3	JD(U)	11002	BARDOLI	FALSE	FALSE	TRUE	FALSE	FALSE	AEGJ10386	National Party	1605	Others	Other		
2017	13	Surat	South Gujarat	MANDVI (ST)	ST	157	HALPATI KUNVARJIBHAI NARSINHBHAI	M	50	IND	3	1	29552	225955	181695	16.26	80.41	24624	13.55	6	2.7	TRUE	4	INC	3482	BARDOLI	FALSE	FALSE	FALSE	FALSE	FALSE	AEGJ102738	Independents	10809	Graduate	Agriculture		
2017	13	Surat	South Gujarat	MANDVI (ST)	ST	157	None of the Above			NOTA	4		4928	225955	181695	2.71	80.41	2746	1.51	6	2.7	TRUE											NOTA	5897				
2017	13	Surat	South Gujarat	MANDVI (ST)	ST	157	DINESHBHAI GULABBHAI CHAUDHARI	M	41	BSP	5	0	2182	225955	181695	1.2	80.41	579	0.32	6	2.7	TRUE	1						FALSE	FALSE	FALSE	AEGJ6742	State-based Party (Other State)	16651	Post Graduate	Agriculture		
2017	13	Surat	South Gujarat	MANDVI (ST)	ST	157	GAMIT YAKUBBHAI DEVLABHAI	M	37	JD(U)	6	0	1603	225955	181695	0.88	80.41	363	0.2	6	2.7	TRUE	1						FALSE	FALSE	FALSE	AEGJ6743	State-based Party (Other State)	11002				
2017	13	Surat	South Gujarat	MANDVI (ST)	ST	157	ARVINDBHAI HATIYABHAI GAMIT	M	41	IND	7	0	1240	225955	181695	0.68	80.41	0	0	6	2.7	TRUE	1						FALSE	FALSE	FALSE	AEGJ6748	Independents	10809	12th Pass	Agriculture		
2017	13	Surat	South Gujarat	KAMREJ	GEN	158	V.D.ZALAVADIYA	M	57	BJP	1	1	147371	428695	277812	53.05	64.8	28191	10.15	14	2.17	TRUE	1						FALSE	FALSE	FALSE	AEGJ1254	National Party	1605	5th Pass	Business		
2017	13	Surat	South Gujarat	KAMREJ	GEN	158	ASHOK (JIRAVALA)	M	51	INC	2	0	119180	428695	277812	42.9	64.8	115767	41.67	14	2.17	TRUE	1						FALSE	FALSE	FALSE	AEGJ1269	National Party	3482	10th Pass	Business		
2017	13	Surat	South Gujarat	KAMREJ	GEN	158	None of the Above			NOTA	3		3413	428695	277812	1.23	64.8	1959	0.71	14	2.17	TRUE											NOTA	5897				
2017	13	Surat	South Gujarat	KAMREJ	GEN	158	RAM DHADUK	M	34	AAAP	4	0	1454	428695	277812	0.52	64.8	267	0.1	14	2.17	TRUE	1						FALSE	FALSE	FALSE	AEGJ6771	State-based Party (Other State)	13				
2017	13	Surat	South Gujarat	KAMREJ	GEN	158	KODAWALA IMRAN NIZAMUDIN	M	44	BSP	5	0	1187	428695	277812	0.43	64.8	2	0	14	2.17	TRUE	1						FALSE	FALSE	FALSE	AEGJ6755	State-based Party (Other State)	16651	10th Pass	Salaried Work or Employed	Insurance Agent	
2017	13	Surat	South Gujarat	KAMREJ	GEN	158	VIRADIYA HASMUKHBHAI SHAMJIBHAI	M	49	IND	6	0	1185	428695	277812	0.43	64.8	74	0.03	14	2.17	TRUE	1						FALSE	FALSE	FALSE	AEGJ6778	Independents	10809	12th Pass	Business		
2017	13	Surat	South Gujarat	KAMREJ	GEN	158	VEKARIYA PIYUSHBHAI BHAGAVANBHAI	M	25	IND	7	0	1111	428695	277812	0.4	64.8	296	0.11	14	2.17	TRUE	1						FALSE	FALSE	FALSE	AEGJ6779	Independents	10809				
2017	13	Surat	South Gujarat	KAMREJ	GEN	158	KATHROTIYA NIRMISHKUMAR VITHALBHAI	M	27	REALDP	8	0	815	428695	277812	0.29	64.8	384	0.14	14	2.17	TRUE	1						FALSE	FALSE	FALSE	AEGJ6756	Local Party	6905	12th Pass	Other		
2017	13	Surat	South Gujarat	KAMREJ	GEN	158	NARENDRA SORATHIYA (VAKIL)	M	26	SHS	9	0	431	428695	277812	0.16	64.8	41	0.01	14	2.17	TRUE	1						FALSE	FALSE	FALSE	AEGJ6764	State-based Party (Other State)	18691	Graduate Professional	Liberal Profession or Professional	Lawyer	
2017	13	Surat	South Gujarat	KAMREJ	GEN	158	MANDANI JIGNESHBHAI VINUBHAI	M	33	IND	10	0	390	428695	277812	0.14	64.8	36	0.01	14	2.17	TRUE	1						FALSE	FALSE	FALSE	AEGJ6777	Independents	10809				
2017	13	Surat	South Gujarat	KAMREJ	GEN	158	PARESHBHAI DEVSHIBHAI KACHHADIYA	M	39	IND	11	0	354	428695	277812	0.13	64.8	62	0.02	14	2.17	TRUE	1						FALSE	FALSE	FALSE	AEGJ6776	Independents	10809	5th Pass	Small Business or Self-employed		
2017	13	Surat	South Gujarat	KAMREJ	GEN	158	GADHETHARIYA BHIKHUBHAI CHHAGANBHAI	M	47	IND	12	0	292	428695	277812	0.11	64.8	28	0.01	14	2.17	TRUE	1						FALSE	FALSE	FALSE	AEGJ6772	Independents	10809	5th Pass	Business		
2017	13	Surat	South Gujarat	KAMREJ	GEN	158	DR.BHAVINBHAI VACHHANI	M	37	AINHCP	13	0	264	428695	277812	0.1	64.8	45	0.02	14	2.17	TRUE	1						FALSE	FALSE	FALSE	AEGJ6768	Local Party	662	Graduate Professional	Liberal Profession or Professional	Doctor	
2017	13	Surat	South Gujarat	KAMREJ	GEN	158	PANSURIYA PRAFULKUMAR NARANBHAI	M	42	YUS	14	0	219	428695	277812	0.08	64.8	73	0.03	14	2.17	TRUE	1						FALSE	FALSE	FALSE	AEGJ6765	Local Party	8603				
2017	13	Surat	South Gujarat	KAMREJ	GEN	158	PIPALYA HARSHABEN RAJESHKUMAR	F	35	ASAPA	15	0	146	428695	277812	0.05	64.8	0	0	14	2.17	TRUE	1						FALSE	FALSE	FALSE	AEGJ6766	Local Party	47	5th Pass	Other	Household	
2017	13	Surat	South Gujarat	SURAT EAST	GEN	159	ARVIND SHANTILAL RANA	M	56	BJP	1	1	72638	201329	135390	53.65	67.25	13347	9.86	14	2.08	TRUE	1						FALSE	FALSE	FALSE	AEGJ1929	National Party	1605	12th Pass	Small Business or Self-employed		
2017	13	Surat	South Gujarat	SURAT EAST	GEN	159	BHARUCHA NITINKUMAR THAKORDAS	M	53	INC	2	0	59291	201329	135390	43.79	67.25	58123	42.93	14	2.08	TRUE	1						FALSE	FALSE	FALSE	AEGJ1934	National Party	3482	Post Graduate	Salaried Work or Employed	Insurance Agent	
2017	13	Surat	South Gujarat	SURAT EAST	GEN	159	None of the Above			NOTA	3		1168	201329	135390	0.86	67.25	710	0.52	14	2.08	TRUE											NOTA	5897				
2017	13	Surat	South Gujarat	SURAT EAST	GEN	159	KAPDIYA MOHAMMAD SALMAN MOHAMMAD IRFAN	M	26	BSP	4	0	458	201329	135390	0.34	67.25	151	0.11	14	2.08	TRUE	1						FALSE	FALSE	FALSE	AEGJ6781	State-based Party (Other State)	16651	10th Pass	Business		
2017	13	Surat	South Gujarat	SURAT EAST	GEN	159	MEMAN BILKISHBANU RAFIKBHAI	F	51	IND	5	0	307	201329	135390	0.23	67.25	8	0.01	14	2.08	TRUE	1						FALSE	FALSE	FALSE	AEGJ6804	Independents	10809	Graduate	Social Work		
2017	13	Surat	South Gujarat	SURAT EAST	GEN	159	SALIM AKBARBHAI MULTANI	M	47	AAAP	6	0	299	201329	135390	0.22	67.25	16	0.01	14	2.08	TRUE	1						FALSE	FALSE	FALSE	AEGJ6790	State-based Party (Other State)	13				
2017	13	Surat	South Gujarat	SURAT EAST	GEN	159	NIRBAN FARUQ SHABBIR	M	40	BBC	7	0	283	201329	135390	0.21	67.25	91	0.07	14	2.08	TRUE	1						FALSE	FALSE	FALSE	AEGJ6783	Local Party	15789	10th Pass	Business		
2017	13	Surat	South Gujarat	SURAT EAST	GEN	159	LIMBUWALA MO ILYAS ABDUL LATIF	M	32	IND	8	0	192	201329	135390	0.14	67.25	75	0.06	14	2.08	TRUE	1						FALSE	FALSE	FALSE	AEGJ6810	Independents	10809	8th Pass	Labourer or Daily Wage		Social Work
2017	13	Surat	South Gujarat	SURAT EAST	GEN	159	DIWAN SADIKBHAI AMISHABHAI	M	52	IND	9	0	117	201329	135390	0.09	67.25	4	0	14	2.08	TRUE	1						FALSE	FALSE	FALSE	AEGJ6794	Independents	10809	5th Pass	Business		
2017	13	Surat	South Gujarat	SURAT EAST	GEN	159	PATHAN YUSUFKHAN RASULKHAN	M	40	IND	10	0	113	201329	135390	0.08	67.25	2	0	14	2.08	TRUE	1						FALSE	FALSE	FALSE	AEGJ6796	Independents	10809	8th Pass	Business		
2017	13	Surat	South Gujarat	SURAT EAST	GEN	159	KHER PARESKHKUMAR ANANDRAV	M	44	IND	11	0	111	201329	135390	0.08	67.25	0	0	14	2.08	TRUE	2	SHS	18691	SURAT CITY EAST	FALSE	FALSE	FALSE	FALSE	FALSE	AEGJ12668	Independents	10809				
2017	13	Surat	South Gujarat	SURAT EAST	GEN	159	KODAVALA IMRAN NIZAMUDDIN	M	40	IND	12	0	111	201329	135390	0.08	67.25	1	0	14	2.08	TRUE	1						FALSE	FALSE	FALSE	AEGJ000057	Independents	10809				
2017	13	Surat	South Gujarat	SURAT EAST	GEN	159	MANSURI SABIHA HARUN GULAM MOHMAD	F	27	IND	13	0	110	201329	135390	0.08	67.25	6	0	14	2.08	TRUE	1						FALSE	FALSE	FALSE	AEGJ6802	Independents	10809	5th Pass	Other	Household	
2017	13	Surat	South Gujarat	SURAT EAST	GEN	159	MAISURIYA AMRUTLAL UTTAMLAL ALIAS VIJAY MAISURIYA	M	59	RMNMP	14	0	104	201329	135390	0.08	67.25	16	0.01	14	2.08	TRUE	1						FALSE	FALSE	FALSE	AEGJ6785	Local Party	6342	8th Pass	Business		
2017	13	Surat	South Gujarat	SURAT EAST	GEN	159	MANSURI MOHMAD HARUN GULAM MOHMAD	M	45	IND	15	0	88	201329	135390	0.06	67.25	0	0	14	2.08	TRUE	1						FALSE	FALSE	FALSE	AEGJ6797	Independents	10809	8th Pass	Business	Real Estate or Builder or Developer or Construction	
2017	13	Surat	South Gujarat	SURAT NORTH	GEN	160	BALAR KANTIBHAI HIMMATBHAI	M	42	BJP	1	1	58788	157250	100734	58.36	64.06	20022	19.88	12	2.04	TRUE	1						FALSE	FALSE	FALSE	AEGJ1943	National Party	1605	Literate	Business	Real Estate or Builder or Developer or Construction	
2017	13	Surat	South Gujarat	SURAT NORTH	GEN	160	KACHHADIYA DINESHBHAI MANUBHAI	M	49	INC	2	0	38766	157250	100734	38.48	64.06	37854	37.58	12	2.04	TRUE	1						FALSE	FALSE	FALSE	AEGJ1949	National Party	3482	12th Pass	Business	Real Estate or Builder or Developer or Construction	
2017	13	Surat	South Gujarat	SURAT NORTH	GEN	160	None of the Above			NOTA	3		912	157250	100734	0.91	64.06	390	0.39	12	2.04	TRUE											NOTA	5897				
2017	13	Surat	South Gujarat	SURAT NORTH	GEN	160	SOLANKI RITESHBHAI NARESHBHAI	M	37	AINHCP	4	0	522	157250	100734	0.52	64.06	83	0.08	12	2.04	TRUE	1						FALSE	FALSE	FALSE	AEGJ6828	Local Party	662	10th Pass	Business	Real Estate or Builder or Developer or Construction	
2017	13	Surat	South Gujarat	SURAT NORTH	GEN	160	ABDULSAMAD ABDULMAJID MUNSHI	M	50	BSP	5	0	439	157250	100734	0.44	64.06	141	0.14	12	2.04	TRUE	1						FALSE	FALSE	FALSE	AEGJ6817	State-based Party (Other State)	16651	10th Pass	Business		
2017	13	Surat	South Gujarat	SURAT NORTH	GEN	160	RIYAZ NURMOHAMMAD NAGORI	M	42	IND	6	0	298	157250	100734	0.3	64.06	96	0.1	12	2.04	TRUE	1						FALSE	FALSE	FALSE	AEGJ6855	Independents	10809	5th Pass	Social Work		
2017	13	Surat	South Gujarat	SURAT NORTH	GEN	160	MO.ZAMEER ABDULREHMAN NAGORI	M	32	IND	7	0	202	157250	100734	0.2	64.06	14	0.01	12	2.04	TRUE	1						FALSE	FALSE	FALSE	AEGJ6849	Independents	10809				
2017	13	Surat	South Gujarat	SURAT NORTH	GEN	160	MAISURIYA AMRUTLAL UTTAMLAL (VIJAY MAISURIYA)	M	58	RMNMP	8	0	188	157250	100734	0.19	64.06	3	0	12	2.04	TRUE	1						FALSE	FALSE	FALSE	AEGJ6785	Local Party	6342	8th Pass	Business		
2017	13	Surat	South Gujarat	SURAT NORTH	GEN	160	KAZI NAZMUDDIN RAFIYUDDIN	M	53	IND	9	0	185	157250	100734	0.18	64.06	63	0.06	12	2.04	TRUE	2	SP	7425	SURAT NORTH	TRUE	FALSE	FALSE	FALSE	TRUE	AEGJ14225	Independents	10809	8th Pass	Other		
2017	13	Surat	South Gujarat	SURAT NORTH	GEN	160	TAILOR GULMOHMAD USHAMANGANI	M	38	IND	10	0	122	157250	100734	0.12	64.06	10	0.01	12	2.04	TRUE	1						FALSE	FALSE	FALSE	AEGJ6838	Independents	10809				
2017	13	Surat	South Gujarat	SURAT NORTH	GEN	160	TOFIQ MAHEMUD NAGORI	M	31	IND	11	0	112	157250	100734	0.11	64.06	6	0.01	12	2.04	TRUE	1						FALSE	FALSE	FALSE	AEGJ6841	Independents	10809				
2017	13	Surat	South Gujarat	SURAT NORTH	GEN	160	PATHAN SIRAJKHAN HOSHIYARKHAN	M	38	IND	12	0	106	157250	100734	0.11	64.06	12	0.01	12	2.04	TRUE	1						FALSE	FALSE	FALSE	AEGJ6661	Independents	10809	Literate	Other		
2017	13	Surat	South Gujarat	SURAT NORTH	GEN	160	KAPADIA MOHMADIRFAN GULAMMAHAMAD	M	44	IND	13	0	94	157250	100734	0.09	64.06	0	0	12	2.04	TRUE	1						FALSE	FALSE	FALSE	AEGJ6834	Independents	10809				
2017	13	Surat	South Gujarat	VARACHHA ROAD	GEN	161	KISHOR KANANI (KUMAR)	M	54	BJP	1	1	68472	198633	125191	54.69	63.03	13998	11.18	8	2.04	TRUE	1						FALSE	FALSE	FALSE	AEGJ2091	National Party	1605	8th Pass	Other		
2017	13	Surat	South Gujarat	VARACHHA ROAD	GEN	161	GAJERA DHIRUBHAI HARIBHAI	M	64	INC	2	3	54474	198633	125191	43.51	63.03	53414	42.67	8	2.04	TRUE	6	INC	3482	VARACHHA ROAD	TRUE	TRUE	FALSE	FALSE	TRUE	AEGJ11384	National Party	3482	8th Pass	Retired or Pension		
2017	13	Surat	South Gujarat	VARACHHA ROAD	GEN	161	None of the Above			NOTA	3		1060	198633	125191	0.85	63.03	672	0.54	8	2.04	TRUE											NOTA	5897				
2017	13	Surat	South Gujarat	VARACHHA ROAD	GEN	161	SATISH PRAJAPATI (S.P.)	M	29	IND	4	0	388	198633	125191	0.31	63.03	124	0.1	8	2.04	TRUE	1						FALSE	FALSE	FALSE	AEGJ6879	Independents	10809				
2017	13	Surat	South Gujarat	VARACHHA ROAD	GEN	161	VIJAY MANGUKIYA (MAHADEV)	M	33	NCP	5	0	264	198633	125191	0.21	63.03	69	0.06	8	2.04	TRUE	1						FALSE	FALSE	FALSE	AEGJ6861	State-based Party (Other State)	5792	8th Pass	Business	Real Estate or Builder or Developer or Construction	
2017	13	Surat	South Gujarat	VARACHHA ROAD	GEN	161	SAVALIYA HANISHA TUSHARKUMAR	F	35	BSP	6	0	195	198633	125191	0.16	63.03	48	0.04	8	2.04	TRUE	1						FALSE	FALSE	FALSE	AEGJ6869	State-based Party (Other State)	16651	Post Graduate	Social Work		
2017	13	Surat	South Gujarat	VARACHHA ROAD	GEN	161	LALJIBHAI HIRPARA (JANAKBHAI HIRPARA)	M	36	YUS	7	0	147	198633	125191	0.12	63.03	41	0.03	8	2.04	TRUE	1						FALSE	FALSE	FALSE	AEGJ6876	Local Party	8603				
2017	13	Surat	South Gujarat	VARACHHA ROAD	GEN	161	NITIN DHAMELIYA	M	28	AINHCP	8	0	106	198633	125191	0.08	63.03	21	0.02	8	2.04	TRUE	1						FALSE	FALSE	FALSE	AEGJ6875	Local Party	662	Post Graduate	Business	Real Estate or Builder or Developer or Construction	
2017	13	Surat	South Gujarat	VARACHHA ROAD	GEN	161	DANKHARA VIJAYBHAI NARHARIBHAI	M	32	NBNM	9	0	85	198633	125191	0.07	63.03	0	0	8	2.04	TRUE	1						FALSE	FALSE	FALSE	AEGJ6870	Local Party	5835	12th Pass	Other		
2017	13	Surat	South Gujarat	KARANJ	GEN	162	GHOGHARI PRAVINBHAI MANJIBHAI	M	50	BJP	1	1	58673	161273	90294	64.98	55.99	35598	39.42	13	2.04	TRUE	1						FALSE	FALSE	FALSE	AEGJ1289	National Party	1605	12th Pass	Business		
2017	13	Surat	South Gujarat	KARANJ	GEN	162	BHUMBHALIYA BHAVESHBHAI GOVINDBHAI (ADVOCATE)	M	34	INC	2	0	23075	161273	90294	25.56	55.99	18611	20.61	13	2.04	TRUE	1						FALSE	FALSE	FALSE	AEGJ1301	National Party	3482	Graduate Professional	Liberal Profession or Professional	Lawyer	
2017	13	Surat	South Gujarat	KARANJ	GEN	162	BHIMJIBHAI V.PATEL (BUDHANA)	M	52	IND	3	0	4464	161273	90294	4.94	55.99	3554	3.94	13	2.04	TRUE	1						FALSE	FALSE	FALSE	AEGJ6911	Independents	10809	8th Pass	Business		Agriculture
2017	13	Surat	South Gujarat	KARANJ	GEN	162	ZALAVADIYA JAYSUKHBHAI DEVCHANDBHAI	M	45	IND	4	0	910	161273	90294	1.01	55.99	10	0.01	13	2.04	TRUE	2	INC	3482	KARANJ	TRUE	FALSE	FALSE	FALSE	TRUE	AEGJ14240	Independents	10809	12th Pass	Business	Real Estate or Builder or Developer or Construction	
2017	13	Surat	South Gujarat	KARANJ	GEN	162	None of the Above			NOTA	5		900	161273	90294	1	55.99	366	0.41	13	2.04	TRUE											NOTA	5897				
2017	13	Surat	South Gujarat	KARANJ	GEN	162	LADUMOR HIMMATBHAI BAGHABHAI	M	40	AINHCP	6	0	534	161273	90294	0.59	55.99	206	0.23	13	2.04	TRUE	1						FALSE	FALSE	FALSE	AEGJ6895	Local Party	662	5th Pass	Other		
2017	13	Surat	South Gujarat	KARANJ	GEN	162	GHANSHYAMBHAI CHHAGANBHAI SARVAIYA	M	47	YUS	7	0	328	161273	90294	0.36	55.99	2	0	13	2.04	TRUE	1						FALSE	FALSE	FALSE	AEGJ6881	Local Party	8603				
2017	13	Surat	South Gujarat	KARANJ	GEN	162	MUKESHBHAI JAGABHAI DOBARIYA	M	41	IND	8	0	326	161273	90294	0.36	55.99	1	0	13	2.04	TRUE	1						FALSE	FALSE	FALSE	AEGJ6912	Independents	10809	10th Pass	Business		
2017	13	Surat	South Gujarat	KARANJ	GEN	162	MEHTA JIGNESH DHIRAJLAL	M	35	AAAP	9	0	325	161273	90294	0.36	55.99	44	0.05	13	2.04	TRUE	1						FALSE	FALSE	FALSE	AEGJ6894	State-based Party (Other State)	13				
2017	13	Surat	South Gujarat	KARANJ	GEN	162	SHAIKH MOHSIN ANVAR	M	26	BBC	10	0	281	161273	90294	0.31	55.99	134	0.15	13	2.04	TRUE	1						FALSE	FALSE	FALSE	AEGJ6896	Local Party	15789	5th Pass	Other		
2017	13	Surat	South Gujarat	KARANJ	GEN	162	BARAIYA RAMESHBHAI PARSOTTAMBHAI	M	54	IND	11	0	147	161273	90294	0.16	55.99	28	0.03	13	2.04	TRUE	1						FALSE	FALSE	FALSE	AEGJ6910	Independents	10809	5th Pass	Other		
2017	13	Surat	South Gujarat	KARANJ	GEN	162	JALONDHARA JITUBEN DHANJIBHAI	F	41	REALDP	12	0	119	161273	90294	0.13	55.99	8	0.01	13	2.04	TRUE	1						FALSE	FALSE	FALSE	AEGJ6886	Local Party	6905	10th Pass	Other		
2017	13	Surat	South Gujarat	KARANJ	GEN	162	BHADANI HASMUKHBHAI KANUBHAI	M	54	RMNMP	13	0	111	161273	90294	0.12	55.99	10	0.01	13	2.04	TRUE	1						FALSE	FALSE	FALSE	AEGJ6889	Local Party	6342	Literate	Business		
2017	13	Surat	South Gujarat	KARANJ	GEN	162	DODIYA RAMDEVSINH HEMANTSINH	M	40	IND	14	0	101	161273	90294	0.11	55.99	0	0	13	2.04	TRUE	1						FALSE	FALSE	FALSE	AEGJ6905	Independents	10809	8th Pass	Business	Transport	
2017	13	Surat	South Gujarat	LIMBAYAT	GEN	163	PATIL SANGITABEN RAJENDRABHAI	F	41	BJP	1	2	93585	259898	170630	54.85	65.65	31951	18.73	16	2.33	TRUE	2	BJP	1605	LIMBAYAT	TRUE	TRUE	FALSE	TRUE	TRUE	AEGJ14252	National Party	1605	12th Pass	Social Work		
2017	13	Surat	South Gujarat	LIMBAYAT	GEN	163	DR. RAVINDRA SUKLAL PATIL	M	55	INC	2	0	61634	259898	170630	36.12	65.65	56502	33.11	16	2.33	TRUE	1						FALSE	FALSE	FALSE	AEGJ1383	National Party	3482	Others	Liberal Profession or Professional	Doctor	
2017	13	Surat	South Gujarat	LIMBAYAT	GEN	163	AKRAM VAHIDULLA ANSARI	M	53	NCP	3	0	5132	259898	170630	3.01	65.65	1057	0.62	16	2.33	TRUE	1						FALSE	FALSE	FALSE	AEGJ6917	State-based Party (Other State)	5792	Literate	Other		
2017	13	Surat	South Gujarat	LIMBAYAT	GEN	163	SAMRAT ABHIMAN PATIL	M	34	SHS	4	0	4075	259898	170630	2.39	65.65	3135	1.84	16	2.33	TRUE	1						FALSE	FALSE	FALSE	AEGJ6936	State-based Party (Other State)	18691	8th Pass	Business		
2017	13	Surat	South Gujarat	LIMBAYAT	GEN	163	None of the Above			NOTA	5		940	259898	170630	0.55	65.65	105	0.06	16	2.33	TRUE											NOTA	5897				
2017	13	Surat	South Gujarat	LIMBAYAT	GEN	163	PATEL DASHRATH PRABHUDUTT	M	33	IND	6	0	835	259898	170630	0.49	65.65	126	0.07	16	2.33	TRUE	1						FALSE	FALSE	FALSE	AEGJ6953	Independents	10809				
2017	13	Surat	South Gujarat	LIMBAYAT	GEN	163	SATYENDRA SINGH KRANTIKARI	M	49	SUCI	7	0	709	259898	170630	0.42	65.65	4	0	16	2.33	TRUE	1						FALSE	FALSE	FALSE	AEGJ6932	State-based Party (Other State)	8082	Graduate	Other		
2017	13	Surat	South Gujarat	LIMBAYAT	GEN	163	MANUBHAI MAYABHAI AHIR	M	61	BSP	8	0	705	259898	170630	0.41	65.65	86	0.05	16	2.33	TRUE	2	IND	10809	CHORASI	FALSE	FALSE	FALSE	FALSE	FALSE	AEGJ12681	State-based Party (Other State)	16651	12th Pass	Business		
2017	13	Surat	South Gujarat	LIMBAYAT	GEN	163	JAIN RAJENDRAKUMAR ANILKUMAR	M	31	IND	9	0	619	259898	170630	0.36	65.65	28	0.02	16	2.33	TRUE	1						FALSE	FALSE	FALSE	AEGJ6950	Independents	10809	Graduate Professional	Small Business or Self-employed	Trader	
2017	13	Surat	South Gujarat	LIMBAYAT	GEN	163	BHARATBHAI BABUBHAI RAKHOLIYA (PATEL)	M	49	CPM	10	0	591	259898	170630	0.35	65.65	207	0.12	16	2.33	TRUE	1						FALSE	FALSE	FALSE	AEGJ6919	National Party	14635	5th Pass	Small Business or Self-employed		
2017	13	Surat	South Gujarat	LIMBAYAT	GEN	163	RASHA RAJU UPPALAYA	M	31	AAAP	11	0	384	259898	170630	0.23	65.65	37	0.02	16	2.33	TRUE	1						FALSE	FALSE	FALSE	AEGJ6924	State-based Party (Other State)	13				
2017	13	Surat	South Gujarat	LIMBAYAT	GEN	163	KOLI DASHRATH LOTANBHAI	M	55	IND	12	0	347	259898	170630	0.2	65.65	60	0.04	16	2.33	TRUE	1						FALSE	FALSE	FALSE	AEGJ6942	Independents	10809				
2017	13	Surat	South Gujarat	LIMBAYAT	GEN	163	CHAUHAN ANILBHAI LALJIBHAI	M	50	IND	13	0	287	259898	170630	0.17	65.65	32	0.02	16	2.33	TRUE	2	IND	10809	LIMBAYAT	TRUE	TRUE	FALSE	FALSE	TRUE	AEGJ14257	Independents	10809	Graduate Professional	Liberal Profession or Professional	Lawyer	
2017	13	Surat	South Gujarat	LIMBAYAT	GEN	163	VARDE RAJU BHIMRAO	M	35	BMUP	14	0	255	259898	170630	0.15	65.65	52	0.03	16	2.33	TRUE	1						FALSE	FALSE	FALSE	GEGJ3271	Local Party	1074	8th Pass	Business		
2017	13	Surat	South Gujarat	LIMBAYAT	GEN	163	GIRDHAR BRIJLAL CHAUDHARI	M	32	IND	15	0	203	259898	170630	0.12	65.65	21	0.01	16	2.33	TRUE	1						FALSE	FALSE	FALSE	AEGJ6945	Independents	10809				
2017	13	Surat	South Gujarat	LIMBAYAT	GEN	163	HEMANT SURESH SONI	M	35	RSPS	16	0	182	259898	170630	0.11	65.65	35	0.02	16	2.33	TRUE	1						FALSE	FALSE	FALSE	AEGJ6941	Local Party	6792	8th Pass	Liberal Profession or Professional	Journalist or Editor	
2017	13	Surat	South Gujarat	LIMBAYAT	GEN	163	SHEKH HAMID RAMJAN	M	55	STBSP	17	0	147	259898	170630	0.09	65.65	0	0	16	2.33	TRUE	1						FALSE	FALSE	FALSE	AEGJ6929	Local Party	8160	Literate	Business		
2017	13	Surat	South Gujarat	UDHNA	GEN	164	PATEL VIVEK NAROTTAMBHAI	M	58	BJP	1	1	87884	233592	142096	61.85	60.83	42528	29.93	13	2.08	TRUE	1						FALSE	FALSE	FALSE	AEGJ2005	National Party	1605	Graduate Professional	Business		
2017	13	Surat	South Gujarat	UDHNA	GEN	164	PATEL SATISHBHAI CHAMPAKBHAI	M	43	INC	2	0	45356	233592	142096	31.92	60.83	42455	29.88	13	2.08	TRUE	1						FALSE	FALSE	FALSE	AEGJ2007	National Party	3482	8th Pass	Labourer or Daily Wage		Agriculture
2017	13	Surat	South Gujarat	UDHNA	GEN	164	VILAS SUBHASH PATIL	M	32	SHS	3	0	2901	233592	142096	2.04	60.83	1318	0.93	13	2.08	TRUE	2	IND	10809	UDHNA	TRUE	FALSE	FALSE	FALSE	TRUE	AEGJ14270	State-based Party (Other State)	18691	Graduate	Business		
2017	13	Surat	South Gujarat	UDHNA	GEN	164	SONVANE SURYAVARDHAN RAMESH	M	26	IND	4	0	1583	233592	142096	1.11	60.83	108	0.08	13	2.08	TRUE	1						FALSE	FALSE	FALSE	AEGJ7010	Independents	10809	12th Pass	Other		
2017	13	Surat	South Gujarat	UDHNA	GEN	164	None of the Above			NOTA	5		1475	233592	142096	1.04	60.83	920	0.65	13	2.08	TRUE											NOTA	5897				
2017	13	Surat	South Gujarat	UDHNA	GEN	164	BAISANE SHILABEN SUBHASHBHAI	F	42	BMUP	6	0	555	233592	142096	0.39	60.83	73	0.05	13	2.08	TRUE	1						FALSE	FALSE	FALSE	AEGJ6958	Local Party	1074	Literate	Other		
2017	13	Surat	South Gujarat	UDHNA	GEN	164	SURYAVANSHI HARISHBHAI CHAMPAKLAL	M	53	NCP	7	0	482	233592	142096	0.34	60.83	88	0.06	13	2.08	TRUE	1						FALSE	FALSE	FALSE	AEGJ6954	State-based Party (Other State)	5792	5th Pass	Business	Real Estate or Builder or Developer or Construction	
2017	13	Surat	South Gujarat	UDHNA	GEN	164	DINESHBHAI RAMDASBHAI BORSE	M	38	IND	8	0	394	233592	142096	0.28	60.83	55	0.04	13	2.08	TRUE	1						FALSE	FALSE	FALSE	AEGJ6992	Independents	10809	10th Pass	Other		
2017	13	Surat	South Gujarat	UDHNA	GEN	164	SIKALKAR JAGADISHSING NATHTHASING	M	42	BBC	9	0	339	233592	142096	0.24	60.83	42	0.03	13	2.08	TRUE	1						FALSE	FALSE	FALSE	AEGJ6969	Local Party	15789	Literate	Other		
2017	13	Surat	South Gujarat	UDHNA	GEN	164	SURATI KIRITBHAI LALUBHAI	M	42	IND	10	0	297	233592	142096	0.21	60.83	27	0.02	13	2.08	TRUE	1						FALSE	FALSE	FALSE	AEGJ6996	Independents	10809	10th Pass	Labourer or Daily Wage		
2017	13	Surat	South Gujarat	UDHNA	GEN	164	SHARMA ARUN SHRICHANDRA	M	33	AINHCP	11	0	270	233592	142096	0.19	60.83	64	0.05	13	2.08	TRUE	1						FALSE	FALSE	FALSE	AEGJ6964	Local Party	662	12th Pass	Business		
2017	13	Surat	South Gujarat	UDHNA	GEN	164	PATEL HIRABHAI MAGANBHAI	M	48	IND	12	0	206	233592	142096	0.14	60.83	25	0.02	13	2.08	TRUE	2	HND	3288	UDHNA	TRUE	FALSE	FALSE	FALSE	TRUE	AEGJ14265	Independents	10809	8th Pass	Other		
2017	13	Surat	South Gujarat	UDHNA	GEN	164	SINGH MAHESH SAMARBAHADUR	M	25	STBSP	13	0	181	233592	142096	0.13	60.83	8	0.01	13	2.08	TRUE	1						FALSE	FALSE	FALSE	AEGJ6984	Local Party	8160	12th Pass	Business		
2017	13	Surat	South Gujarat	UDHNA	GEN	164	THAKUR CHANDANSINH SHIVVADANSINH	M	31	IND	14	0	173	233592	142096	0.12	60.83	0	0	13	2.08	TRUE	1						FALSE	FALSE	FALSE	AEGJ6990	Independents	10809				
2017	13	Surat	South Gujarat	MAJURA	GEN	165	HARSH RAMESHKUMAR SANGHAVI	M	32	BJP	1	2	116741	245036	152303	76.65	62.16	85827	56.35	10	1.59	TRUE	2	BJP	1605	MAJURA	TRUE	TRUE	FALSE	TRUE	TRUE	AEGJ14273	National Party	1605	8th Pass	Business		
2017	13	Surat	South Gujarat	MAJURA	GEN	165	KOTHARI ASHOK MOHANLAL	M	46	INC	2	0	30914	245036	152303	20.3	62.16	28976	19.03	10	1.59	TRUE	1						FALSE	FALSE	FALSE	AEGJ1437	National Party	3482	12th Pass	Business		Agriculture
2017	13	Surat	South Gujarat	MAJURA	GEN	165	None of the Above			NOTA	3		1938	245036	152303	1.27	62.16	1399	0.92	10	1.59	TRUE											NOTA	5897				
2017	13	Surat	South Gujarat	MAJURA	GEN	165	VYAS JIGAR ASHOKBHAI	M	36	SHS	4	0	539	245036	152303	0.35	62.16	65	0.04	10	1.59	TRUE	1						FALSE	FALSE	FALSE	AEGJ7023	State-based Party (Other State)	18691	10th Pass	Liberal Profession or Professional	Journalist or Editor	
2017	13	Surat	South Gujarat	MAJURA	GEN	165	NIRMALA GOVINDBHAI TATE	F	40	BARESP	5	0	474	245036	152303	0.31	62.16	27	0.02	10	1.59	TRUE	1						FALSE	FALSE	FALSE	AEGJ7017	Local Party	1096	8th Pass	Labourer or Daily Wage		
2017	13	Surat	South Gujarat	MAJURA	GEN	165	LATABEN ASHOKKUMAR DWIVEDI	F	48	IND	6	0	447	245036	152303	0.29	62.16	7	0	10	1.59	TRUE	1						FALSE	FALSE	FALSE	GEGJ3294	Independents	10809	8th Pass	Other		
2017	13	Surat	South Gujarat	MAJURA	GEN	165	DESAI ALPESH ISHWARBHAI	M	29	NCP	7	0	440	245036	152303	0.29	62.16	174	0.11	10	1.59	TRUE	1						FALSE	FALSE	FALSE	AEGJ7011	State-based Party (Other State)	5792	8th Pass	Small Business or Self-employed	Trader	
2017	13	Surat	South Gujarat	MAJURA	GEN	165	PATEL MANOJKUMAR DAHYABHAI	M	32	SVPP	8	0	266	245036	152303	0.17	62.16	37	0.02	10	1.59	TRUE	1						FALSE	FALSE	FALSE	AEGJ7019	Local Party	7682	8th Pass	Other		
2017	13	Surat	South Gujarat	MAJURA	GEN	165	VORA LAXMANBHAI DAHYABHAI	M	53	IND	9	0	229	245036	152303	0.15	62.16	39	0.03	10	1.59	TRUE	1						FALSE	FALSE	FALSE	AEGJ7040	Independents	10809	12th Pass	Labourer or Daily Wage		
2017	13	Surat	South Gujarat	MAJURA	GEN	165	SHARMA RAJMAL MOHANLAL (RAJUBHAI)	M	35	STBSP	10	0	190	245036	152303	0.12	62.16	65	0.04	10	1.59	TRUE	1						FALSE	FALSE	FALSE	AEGJ7176	Local Party	8160	8th Pass	Business		
2017	13	Surat	South Gujarat	MAJURA	GEN	165	PALGHADMAL SIMABEN SHASHIKANT	F	35	BBC	11	0	125	245036	152303	0.08	62.16	0	0	10	1.59	TRUE	1						FALSE	FALSE	FALSE	AEGJ7022	Local Party	15789	5th Pass	Other	Household	
2017	13	Surat	South Gujarat	KATARGAM	GEN	166	VINODBHAI AMARSHIBHAI MORADIYA (VINUBHAI NINGALA)	M	50	BJP	1	1	125387	277537	180417	69.5	65.01	79230	43.91	14	1.82	TRUE	1						FALSE	FALSE	FALSE	AEGJ1312	National Party	1605	10th Pass	Business	Contractor	Agriculture
2017	13	Surat	South Gujarat	KATARGAM	GEN	166	JIGNESH JIVANI (MEVASA)	M	33	INC	2	0	46157	277537	180417	25.58	65.01	42022	23.29	14	1.82	TRUE	1						FALSE	FALSE	FALSE	AEGJ1330	National Party	3482	8th Pass	Business	Real Estate or Builder or Developer or Construction	
2017	13	Surat	South Gujarat	KATARGAM	GEN	166	NAGAJIBHAI B. AMBALIYA	M	58	AAAP	3	0	4135	277537	180417	2.29	65.01	2442	1.35	14	1.82	TRUE	1						FALSE	FALSE	FALSE	AEGJ7051	State-based Party (Other State)	13				
2017	13	Surat	South Gujarat	KATARGAM	GEN	166	None of the Above			NOTA	4		1693	277537	180417	0.94	65.01	821	0.46	14	1.82	TRUE											NOTA	5897				
2017	13	Surat	South Gujarat	KATARGAM	GEN	166	DINESHBHAI JIKADARA (PRAJAPATI)	M	27	IND	5	0	872	277537	180417	0.48	65.01	367	0.2	14	1.82	TRUE	1						FALSE	FALSE	FALSE	AEGJ7095	Independents	10809				
2017	13	Surat	South Gujarat	KATARGAM	GEN	166	NAYAN NATHUBHAI MAVANI	M	26	NCP	6	0	505	277537	180417	0.28	65.01	110	0.06	14	1.82	TRUE	1						FALSE	FALSE	FALSE	AEGJ7044	State-based Party (Other State)	5792	Graduate Professional	Liberal Profession or Professional	Lawyer	
2017	13	Surat	South Gujarat	KATARGAM	GEN	166	BALAVANTBHAI HIRAJIBHAI VARIYA	M	38	SHS	7	0	395	277537	180417	0.22	65.01	120	0.07	14	1.82	TRUE	1						FALSE	FALSE	FALSE	AEGJ7067	State-based Party (Other State)	18691	5th Pass	Business		
2017	13	Surat	South Gujarat	KATARGAM	GEN	166	JAYKUMAR JASHBHAI PATEL (GOPU)	M	34	IND	8	0	275	277537	180417	0.15	65.01	39	0.02	14	1.82	TRUE	1						FALSE	FALSE	FALSE	AEGJ7085	Independents	10809				
2017	13	Surat	South Gujarat	KATARGAM	GEN	166	SHAH FAKIR AKABAR LIYAKAT	M	57	IND	9	0	236	277537	180417	0.13	65.01	48	0.03	14	1.82	TRUE	1						FALSE	FALSE	FALSE	AEGJ7100	Independents	10809				
2017	13	Surat	South Gujarat	KATARGAM	GEN	166	SONDARAVA BHARATBHAI KANJIBHAI	M	38	SVPP	10	0	188	277537	180417	0.1	65.01	32	0.02	14	1.82	TRUE	1						FALSE	FALSE	FALSE	AEGJ7077	Local Party	7682	10th Pass	Agriculture		
2017	13	Surat	South Gujarat	KATARGAM	GEN	166	PANCHAL UMESH	M	28	YPD	11	0	156	277537	180417	0.09	65.01	16	0.01	14	1.82	TRUE	1						FALSE	FALSE	FALSE	AEGJ7062	Local Party	8597				
2017	13	Surat	South Gujarat	KATARGAM	GEN	166	PATEL VINODKUMAR KARASHANBHAI	M	53	RMNMP	12	0	140	277537	180417	0.08	65.01	28	0.02	14	1.82	TRUE	1						FALSE	FALSE	FALSE	AEGJ7058	Local Party	6342	Graduate	Business		
2017	13	Surat	South Gujarat	KATARGAM	GEN	166	ALPESHBHAI HARIBHAI ITALIYA	M	38	IND	13	0	112	277537	180417	0.06	65.01	6	0	14	1.82	TRUE	1						FALSE	FALSE	FALSE	AEGJ7081	Independents	10809	8th Pass	Other		
2017	13	Surat	South Gujarat	KATARGAM	GEN	166	SHEKH RAUSHANAARA	F	26	BBC	14	0	106	277537	180417	0.06	65.01	46	0.03	14	1.82	TRUE	1						FALSE	FALSE	FALSE	AEGJ7074	Local Party	15789	10th Pass	Other		
2017	13	Surat	South Gujarat	KATARGAM	GEN	166	RAJESHKUMAR DHARAMSHIBHAI PIPALYA	M	37	ASAPA	15	0	60	277537	180417	0.03	65.01	0	0	14	1.82	TRUE	1						FALSE	FALSE	FALSE	AEGJ7073	Local Party	47	8th Pass	Business		
2017	13	Surat	South Gujarat	SURAT WEST	GEN	167	PURNESH MODI	M	52	BJP	1	2	111615	222036	150277	74.27	67.68	77882	51.83	14	1.67	TRUE	2	BJP	1605	SURAT WEST	TRUE	TRUE	FALSE	TRUE	TRUE	AEGJ1952	National Party	1605	Graduate Professional	Other		
2017	13	Surat	South Gujarat	SURAT WEST	GEN	167	PATEL IQBAL DAUD	M	54	INC	2	1	33733	222036	150277	22.45	67.68	31747	21.13	14	1.67	TRUE	3	INC	3482	VAGRA	FALSE	TRUE	FALSE	FALSE	FALSE	AEGJ10405	National Party	3482	5th Pass	Agriculture		
2017	13	Surat	South Gujarat	SURAT WEST	GEN	167	None of the Above			NOTA	3		1986	222036	150277	1.32	67.68	1525	1.01	14	1.67	TRUE											NOTA	5897				
2017	13	Surat	South Gujarat	SURAT WEST	GEN	167	ROCHANI SONAL CHETANBHAI	F	34	IND	4	0	461	222036	150277	0.31	67.68	3	0	14	1.67	TRUE	1						FALSE	FALSE	FALSE	AEGJ7119	Independents	10809	Doctorate	Business		
2017	13	Surat	South Gujarat	SURAT WEST	GEN	167	NILPESHKUMAR JASHVANTBHAI PATEL	M	36	AINHCP	5	0	458	222036	150277	0.3	67.68	7	0	14	1.67	TRUE	1						FALSE	FALSE	FALSE	AEGJ7107	Local Party	662	10th Pass	Other		
2017	13	Surat	South Gujarat	SURAT WEST	GEN	167	PALIWAL RAVISHANKAR CHUNILAL	M	48	NCP	6	0	451	222036	150277	0.3	67.68	32	0.02	14	1.67	TRUE	1						FALSE	FALSE	FALSE	AEGJ7106	State-based Party (Other State)	5792	5th Pass	Business		
2017	13	Surat	South Gujarat	SURAT WEST	GEN	167	DATA HURBANU MOSALIM	F	54	BSP	7	0	419	222036	150277	0.28	67.68	149	0.1	14	1.67	TRUE	1						FALSE	FALSE	FALSE	AEGJ7101	State-based Party (Other State)	16651	5th Pass	Business		
2017	13	Surat	South Gujarat	SURAT WEST	GEN	167	SELOD MOHAMAD SALIM YUSUF SELOD	M	61	IND	8	0	270	222036	150277	0.18	67.68	62	0.04	14	1.67	TRUE	1						FALSE	FALSE	FALSE	AEGJ7135	Independents	10809	10th Pass	Other		
2017	13	Surat	South Gujarat	SURAT WEST	GEN	167	LOKARE PRASHANT JAYAVANT	M	41	SHS	9	0	208	222036	150277	0.14	67.68	23	0.02	14	1.67	TRUE	1						FALSE	FALSE	FALSE	AEGJ7114	State-based Party (Other State)	18691	Graduate Professional	Business		
2017	13	Surat	South Gujarat	SURAT WEST	GEN	167	SHAH SOEB MUSTAK	M	30	IND	10	0	185	222036	150277	0.12	67.68	63	0.04	14	1.67	TRUE	1						FALSE	FALSE	FALSE	AEGJ7129	Independents	10809	5th Pass	Labourer or Daily Wage		
2017	13	Surat	South Gujarat	SURAT WEST	GEN	167	SHAIKH ALIHEDAR JILANI	M	32	IND	11	0	122	222036	150277	0.08	67.68	5	0	14	1.67	TRUE	1						FALSE	FALSE	FALSE	AEGJ7133	Independents	10809	10th Pass	Business		
2017	13	Surat	South Gujarat	SURAT WEST	GEN	167	SHAH FARAJANABIBI	F	32	IND	12	0	117	222036	150277	0.08	67.68	25	0.02	14	1.67	TRUE	1						FALSE	FALSE	FALSE	AEGJ7128	Independents	10809	Literate	Other	Household	
2017	13	Surat	South Gujarat	SURAT WEST	GEN	167	DILIPKUMAR NATVARLAL PAREKH	M	60	IND	13	0	92	222036	150277	0.06	67.68	3	0	14	1.67	TRUE	1						FALSE	FALSE	FALSE	AEGJ7115	Independents	10809	10th Pass	Liberal Profession or Professional		
2017	13	Surat	South Gujarat	SURAT WEST	GEN	167	BARSING SACHIN SURESH	M	30	BBC	14	0	89	222036	150277	0.06	67.68	18	0.01	14	1.67	TRUE	1						FALSE	FALSE	FALSE	AEGJ7108	Local Party	15789	8th Pass	Other		
2017	13	Surat	South Gujarat	SURAT WEST	GEN	167	SHAH ALIMUNBI MEHBUB	F	44	IND	15	0	71	222036	150277	0.05	67.68	0	0	14	1.67	TRUE	1						FALSE	FALSE	FALSE	AEGJ7120	Independents	10809	Illiterate	Labourer or Daily Wage		
2017	13	Surat	South Gujarat	CHORASI	GEN	168	PATEL ZANKHANA HITESHKUMAR	F	37	BJP	1	2	173882	416937	255678	68.01	61.32	110819	43.34	12	1.92	TRUE	2	BJP	1605	CHORASI	TRUE	TRUE	FALSE	TRUE	TRUE	AEGJ100739	National Party	1605	Others	Politics	Party Worker	Agriculture
2017	13	Surat	South Gujarat	CHORASI	GEN	168	PATEL YOGESH BHAGWAN	M	49	INC	2	0	63063	416937	255678	24.67	61.32	53355	20.87	12	1.92	TRUE	1						FALSE	FALSE	FALSE	AEGJ307	National Party	3482	8th Pass	Business		Social Work
2017	13	Surat	South Gujarat	CHORASI	GEN	168	AJAY CHAUDHARI	M	46	IND	3	0	9708	416937	255678	3.8	61.32	6866	2.69	12	1.92	TRUE	1						FALSE	FALSE	FALSE	AEGJ7181	Independents	10809				
2017	13	Surat	South Gujarat	CHORASI	GEN	168	None of the Above			NOTA	4		2842	416937	255678	1.11	61.32	1144	0.45	12	1.92	TRUE											NOTA	5897				
2017	13	Surat	South Gujarat	CHORASI	GEN	168	RAJBHAR RAMSINGH GANESH	M	40	BSP	5	0	1698	416937	255678	0.66	61.32	594	0.23	12	1.92	TRUE	1						FALSE	FALSE	FALSE	AEGJ7143	State-based Party (Other State)	16651	8th Pass	Business		
2017	13	Surat	South Gujarat	CHORASI	GEN	168	RAJPUT ARVIND UTTAMSINH	M	39	SHS	6	0	1104	416937	255678	0.43	61.32	263	0.1	12	1.92	TRUE	1						FALSE	FALSE	FALSE	AEGJ7165	State-based Party (Other State)	18691	5th Pass	Business		
2017	13	Surat	South Gujarat	CHORASI	GEN	168	BHUPENDRA RAMAKANT SONVANE (BHAAU)	M	28	IND	7	0	841	416937	255678	0.33	61.32	49	0.02	12	1.92	TRUE	1						FALSE	FALSE	FALSE	AEGJ7187	Independents	10809				
2017	13	Surat	South Gujarat	CHORASI	GEN	168	PATHAN NURMAHMED NABIALAM	M	31	IND	8	0	792	416937	255678	0.31	61.32	131	0.05	12	1.92	TRUE	1						FALSE	FALSE	FALSE	AEGJ7186	Independents	10809				
2017	13	Surat	South Gujarat	CHORASI	GEN	168	SHINDE RANJAN JAGAN	F	45	BMUP	9	0	661	416937	255678	0.26	61.32	327	0.13	12	1.92	TRUE	1						FALSE	FALSE	FALSE	AEGJ7179	Local Party	1074	10th Pass	Salaried Work or Employed	Insurance Agent	
2017	13	Surat	South Gujarat	CHORASI	GEN	168	VINODBHAI UDAYBHAI AHIR	M	28	SVPP	10	0	334	416937	255678	0.13	61.32	2	0	12	1.92	TRUE	1						FALSE	FALSE	FALSE	AEGJ7171	Local Party	7682	8th Pass	Business	Contractor	
2017	13	Surat	South Gujarat	CHORASI	GEN	168	PATEL YOGESH VIRAMBHAI	M	30	RSPS	11	0	332	416937	255678	0.13	61.32	104	0.04	12	1.92	TRUE	1						FALSE	FALSE	FALSE	AEGJ7147	Local Party	6792	5th Pass	Business		
2017	13	Surat	South Gujarat	CHORASI	GEN	168	RAMJAN BHILUBHAI MANSURI (JOURNALIST)	M	51	YUS	12	0	228	416937	255678	0.09	61.32	35	0.01	12	1.92	TRUE	2	IND	10809	CHORASI	TRUE	FALSE	FALSE	FALSE	FALSE	AEGJ14305	Local Party	8603				
2017	13	Surat	South Gujarat	CHORASI	GEN	168	SHARMA RAJMAL MOHANLAL (RAJUBHAI)	M	35	STBSP	13	0	193	416937	255678	0.08	61.32	0	0	12	1.92	TRUE	1						FALSE	FALSE	FALSE	AEGJ7176	Local Party	8160	8th Pass	Business		
2017	13	Surat	South Gujarat	BARDOLI	SC	169	ISHWARBHAI (ANIL) RAMANBHAI PARMAR	M	46	BJP	1	2	94774	225415	161859	58.55	71.8	34854	21.53	5	2.08	TRUE	2	BJP	1605	BARDOLI	TRUE	TRUE	FALSE	TRUE	TRUE	AEGJ14308	National Party	1605	10th Pass	Agriculture		
2017	13	Surat	South Gujarat	BARDOLI	SC	169	TARUNKUMAR JAGUBHAI VAGHELA	M	42	INC	2	0	59920	225415	161859	37.02	71.8	56206	34.73	5	2.08	TRUE	1						FALSE	FALSE	FALSE	AEGJ180	National Party	3482	12th Pass	Agriculture		
2017	13	Surat	South Gujarat	BARDOLI	SC	169	None of the Above			NOTA	3		3714	225415	161859	2.29	71.8	2115	1.31	5	2.08	TRUE											NOTA	5897				
2017	13	Surat	South Gujarat	BARDOLI	SC	169	RAJESHBHAI LALLUBHAI SOLANKI	M	36	IND	4	0	1599	225415	161859	0.99	71.8	413	0.26	5	2.08	TRUE	1						FALSE	FALSE	FALSE	AEGJ7205	Independents	10809	12th Pass	Agriculture		
2017	13	Surat	South Gujarat	BARDOLI	SC	169	NANAJIBHAI LAKHABHAI MAKADIA	M	59	BSP	5	0	1186	225415	161859	0.73	71.8	520	0.32	5	2.08	TRUE	1						FALSE	FALSE	FALSE	AEGJ7195	State-based Party (Other State)	16651	5th Pass	Social Work		
2017	13	Surat	South Gujarat	BARDOLI	SC	169	MAHYAVANSHI NATVARBHAI DAHYABHAI	M	39	IND	6	0	666	225415	161859	0.41	71.8	0	0	5	2.08	TRUE	2	JD(U)	11002	OLPAD	FALSE	FALSE	FALSE	FALSE	TRUE	AEGJ7203	Independents	10809	Graduate Professional	Education	School Teacher	
2017	13	Surat	South Gujarat	MAHUVA (ST)	ST	170	DHODIYA MOHANBHAI DHANJIBHAI	M	60	BJP	1	3	82607	214604	164990	50.07	76.88	6433	3.9	4	2.17	TRUE	5	BJP	1605	MAHUVA	TRUE	TRUE	FALSE	TRUE	TRUE	AEGJ6664	National Party	1605	8th Pass	Agriculture		
2017	13	Surat	South Gujarat	MAHUVA (ST)	ST	170	CHAUDHARI DR. TUSHARBHAI AMARSINHBHAI	M	51	INC	2	1	76174	214604	164990	46.17	76.88	73017	44.26	4	2.17	TRUE	2	INC	3482	VYARA	FALSE	TRUE	FALSE	FALSE	FALSE	AEGJ11352	National Party	3482	Graduate Professional	Business	Real Estate or Builder or Developer or Construction	Agriculture
2017	13	Surat	South Gujarat	MAHUVA (ST)	ST	170	None of the Above			NOTA	3		3157	214604	164990	1.91	76.88	1535	0.93	4	2.17	TRUE											NOTA	5897				
2017	13	Surat	South Gujarat	MAHUVA (ST)	ST	170	GAMIT MANHARBHAI LAKHABHAI	M	43	JD(U)	4	0	1622	214604	164990	0.98	76.88	192	0.12	4	2.17	TRUE	1						FALSE	FALSE	FALSE	AEGJ7206	State-based Party (Other State)	11002	Post Graduate	Agriculture		
2017	13	Surat	South Gujarat	MAHUVA (ST)	ST	170	CHAUDHARI MADANBHAI UDESINGBHAI	M	69	AINHCP	5	0	1430	214604	164990	0.87	76.88	0	0	4	2.17	TRUE	4	LJP	5029	KAMREJ	FALSE	FALSE	TRUE	FALSE	FALSE	AEGJ11370	Local Party	662	Graduate Professional	Agriculture		Social Work
2017	13	Tapi	South Gujarat	VYARA	ST	171	GAMIT PUNABHAI DHEDABHAI	M	59	INC	1	3	88576	207391	160954	55.03	77.61	24414	15.17	8	2.17	TRUE	3	INC	3482	VYARA	TRUE	TRUE	FALSE	TRUE	TRUE	AEGJ12622	National Party	3482	5th Pass	Agriculture		Social Work
2017	13	Tapi	South Gujarat	VYARA	ST	171	CHAUDHARI ARVINDBHAI RUMSIBHAI	M	50	BJP	2	0	64162	207391	160954	39.86	77.61	60326	37.48	8	2.17	TRUE	2	IND	10809	VYARA	TRUE	FALSE	FALSE	FALSE	TRUE	AEGJ14325	National Party	1605	10th Pass	Agriculture		
2017	13	Tapi	South Gujarat	VYARA	ST	171	None of the Above			NOTA	3		3836	207391	160954	2.38	77.61	2363	1.47	8	2.17	TRUE											NOTA	5897				
2017	13	Tapi	South Gujarat	VYARA	ST	171	SHANKARBHAI BABUBHAI DHODIA	M	40	IND	4	0	1473	207391	160954	0.92	77.61	474	0.29	8	2.17	TRUE	1						FALSE	FALSE	FALSE	AEGJ7246	Independents	10809				
2017	13	Tapi	South Gujarat	VYARA	ST	171	GAMIT KAUSHIKBHAI VIRENDRABHAI	M	42	SVPP	5	0	999	207391	160954	0.62	77.61	405	0.25	8	2.17	TRUE	1						FALSE	FALSE	FALSE	AEGJ101229	Local Party	7682	8th Pass	Agriculture		
2017	13	Tapi	South Gujarat	VYARA	ST	171	GAMIT BIPINBHAI GOVINDBHAI	M	47	IND	6	0	594	207391	160954	0.37	77.61	73	0.05	8	2.17	TRUE	1						FALSE	FALSE	FALSE	AEGJ7239	Independents	10809	8th Pass	Agriculture		
2017	13	Tapi	South Gujarat	VYARA	ST	171	GAMIT SANDIPBHAI MOHANBHAI	M	47	AINHCP	7	0	521	207391	160954	0.32	77.61	110	0.07	8	2.17	TRUE	2	BSP	16651	VYARA	TRUE	FALSE	TRUE	FALSE	FALSE	AEGJ12626	Local Party	662	Graduate	Agriculture		Social Work
2017	13	Tapi	South Gujarat	VYARA	ST	171	CHAUDHARI RAMESHBHAI CHANDUBHAI	M	47	JD(U)	8	0	411	207391	160954	0.26	77.61	29	0.02	8	2.17	TRUE	1						FALSE	FALSE	FALSE	AEGJ7226	State-based Party (Other State)	11002	5th Pass	Labourer or Daily Wage		Agriculture
2017	13	Tapi	South Gujarat	VYARA	ST	171	KISHANBHAI NATUBHAI GAMIT	M	68	IND	9	0	382	207391	160954	0.24	77.61	0	0	8	2.17	TRUE	3	JD(S)	10979	VYARA	TRUE	FALSE	FALSE	FALSE	FALSE	AEGJ9138	Independents	10809	Graduate	Agriculture		
2017	13	Tapi	South Gujarat	NIZAR	ST	172	SUNILBHAI RATANJIBHAI GAMIT	M	44	INC	1	1	106234	254633	205467	51.7	80.69	23129	11.26	6	2.33	TRUE	1						FALSE	FALSE	FALSE	AEGJ1642	National Party	3482	Graduate	Agriculture		Social Work
2017	13	Tapi	South Gujarat	NIZAR	ST	172	KANTILALBHAI RESHMABHAI GAMIT	M	65	BJP	2	2	83105	254633	205467	40.45	80.69	78968	38.43	6	2.33	TRUE	5	BJP	1605	NIZAR	TRUE	TRUE	FALSE	TRUE	TRUE	AEGJ101230	National Party	1605	10th Pass	Business		Agriculture
2017	13	Tapi	South Gujarat	NIZAR	ST	172	DHAVALBHAI VIJAYBHAI CHAUDHARI	M	28	IND	3	0	4137	254633	205467	2.01	80.69	42	0.02	6	2.33	TRUE	1						FALSE	FALSE	FALSE	AEGJ7256	Independents	10809				
2017	13	Tapi	South Gujarat	NIZAR	ST	172	None of the Above			NOTA	4		4095	254633	205467	1.99	80.69	29	0.01	6	2.33	TRUE											NOTA	5897				
2017	13	Tapi	South Gujarat	NIZAR	ST	172	CHUNILAL DHARUBHAI VALVI	M	32	CPI	5	0	4066	254633	205467	1.98	80.69	1697	0.83	6	2.33	TRUE	1						FALSE	FALSE	FALSE	AEGJ7251	State-based Party (Other State)	2444	12th Pass	Agriculture		
2017	13	Tapi	South Gujarat	NIZAR	ST	172	SURESHBHAI NAVALSINGH VASAVE	M	42	IND	6	0	2369	254633	205467	1.15	80.69	908	0.44	6	2.33	TRUE	1						FALSE	FALSE	FALSE	AEGJ7269	Independents	10809				
2017	13	Tapi	South Gujarat	NIZAR	ST	172	MOVALYABHAI NOPARIYABHAI GAMIT	M	76	BSP	7	0	1461	254633	205467	0.71	80.69	0	0	6	2.33	TRUE	2	BSP	16651	NIJHAR	FALSE	TRUE	FALSE	FALSE	FALSE	AEGJ12607	State-based Party (Other State)	16651	8th Pass	Agriculture		
2017	13	Dangs	South Gujarat	DANGS	ST	173	GAVIT MANGALBHAI GANGAJIBHAI	M	56	INC	1	2	57820	166434	122672	47.13	73.71	768	0.63	5	2.27	FALSE	2	INC	3482	DANGS	TRUE	TRUE	FALSE	TRUE	TRUE	AEGJ14345	National Party	3482	Others	Agriculture		
2017	13	Dangs	South Gujarat	DANGS	ST	173	PATEL VIJAYBHAI RAMESHBHAI	M	43	BJP	2	1	57052	166434	122672	46.51	73.71	54017	44.03	5	2.27	FALSE	4	BJP	1605	DANGS	TRUE	TRUE	FALSE	FALSE	TRUE	AEGJ11443	National Party	1605	10th Pass	Business		Agriculture
2017	13	Dangs	South Gujarat	DANGS	ST	173	PAWAR DINESHBHAI GULABBHAI	M	37	IND	3	0	3035	166434	122672	2.47	73.71	851	0.69	5	2.27	FALSE	2	JD(U)	11002	DANGS	TRUE	FALSE	FALSE	FALSE	TRUE	AEGJ14342	Independents	10809				
2017	13	Dangs	South Gujarat	DANGS	ST	173	None of the Above			NOTA	4		2184	166434	122672	1.78	73.71	880	0.72	5	2.27	FALSE											NOTA	5897				
2017	13	Dangs	South Gujarat	DANGS	ST	173	CHAUDHARI TULSIRAMBHAI JANABHAI	M	55	NCP	5	0	1304	166434	122672	1.06	73.71	27	0.02	5	2.27	FALSE	1						FALSE	FALSE	FALSE	AEGJ7270	State-based Party (Other State)	5792	12th Pass	Agriculture		
2017	13	Dangs	South Gujarat	DANGS	ST	173	BHOYE YOGESHBHAI SONIRAVBHAI	M	44	AINHCP	6	0	1277	166434	122672	1.04	73.71	0	0	5	2.27	FALSE	2	GPP	3167	DANGS	TRUE	FALSE	TRUE	FALSE	TRUE	AEGJ14344	Local Party	662	8th Pass	Salaried Work or Employed	Managerial Position	
2017	13	Navsari	South Gujarat	JALALPORE	GEN	174	R.C. PATEL	M	58	BJP	1	4	86411	216276	155572	55.54	71.93	25664	16.5	7	2.17	TRUE	4	BJP	1605	JALALPORE	TRUE	TRUE	FALSE	TRUE	TRUE	AEGJ102739	National Party	1605	10th Pass	Agriculture		
2017	13	Navsari	South Gujarat	JALALPORE	GEN	174	PARIMAL NANUBHAI PATEL	M	31	INC	2	0	60747	216276	155572	39.05	71.93	57522	36.97	7	2.17	TRUE	1						FALSE	FALSE	FALSE	AEGJ1028	National Party	3482	10th Pass	Labourer or Daily Wage	Construction	Agriculture
2017	13	Navsari	South Gujarat	JALALPORE	GEN	174	None of the Above			NOTA	3		3225	216276	155572	2.07	71.93	417	0.27	7	2.17	TRUE											NOTA	5897				
2017	13	Navsari	South Gujarat	JALALPORE	GEN	174	BHATT DHANANJAYBHAI NANUBHAI	M	64	IND	4	0	2808	216276	155572	1.8	71.93	1896	1.22	7	2.17	TRUE	1						FALSE	FALSE	FALSE	AEGJ7303	Independents	10809				
2017	13	Navsari	South Gujarat	JALALPORE	GEN	174	RATHOD GUNVANT SHANABHAI	M	45	BSP	5	0	912	216276	155572	0.59	71.93	214	0.14	7	2.17	TRUE	1						FALSE	FALSE	FALSE	AEGJ7278	State-based Party (Other State)	16651	8th Pass	Other		
2017	13	Navsari	South Gujarat	JALALPORE	GEN	174	PATIL ARJUN OMKAR	M	57	IND	6	0	698	216276	155572	0.45	71.93	223	0.14	7	2.17	TRUE	1						FALSE	FALSE	FALSE	AEGJ7298	Independents	10809	10th Pass	Business	Contractor	
2017	13	Navsari	South Gujarat	JALALPORE	GEN	174	GOVINDBHAI G. PANCHASARA	M	64	IND	7	0	475	216276	155572	0.31	71.93	179	0.12	7	2.17	TRUE	1						FALSE	FALSE	FALSE	AEGJ7291	Independents	10809				
2017	13	Navsari	South Gujarat	JALALPORE	GEN	174	NARESH B. NAIK (MAHADEV)	M	84	IND	8	0	296	216276	155572	0.19	71.93	0	0	7	2.17	TRUE	1						FALSE	FALSE	FALSE	AEGJ7295	Independents	10809				
2017	13	Navsari	South Gujarat	NAVSARI	GEN	175	PIYUSHBHAI DINKERBHAI DESAI	M	57	BJP	1	2	100060	228768	162512	61.57	71.04	46095	28.36	12	2.04	TRUE	2	BJP	1605	NAVSARI	TRUE	TRUE	FALSE	TRUE	TRUE	AEGJ14351	National Party	1605	Graduate Professional	Other		
2017	13	Navsari	South Gujarat	NAVSARI	GEN	175	BHAVNABEN ANILBHAI PATEL	F	39	INC	2	0	53965	228768	162512	33.21	71.04	51558	31.73	12	2.04	TRUE	1						FALSE	FALSE	FALSE	AEGJ1613	National Party	3482	Graduate	Agriculture		
2017	13	Navsari	South Gujarat	NAVSARI	GEN	175	None of the Above			NOTA	3		2407	228768	162512	1.48	71.04	1286	0.79	12	2.04	TRUE											NOTA	5897				
2017	13	Navsari	South Gujarat	NAVSARI	GEN	175	NARESH B. NAIK (MAHADEV)	M	63	IND	4	0	1121	228768	162512	0.69	71.04	239	0.15	12	2.04	TRUE	1						FALSE	FALSE	FALSE	AEGJ7295	Independents	10809				
2017	13	Navsari	South Gujarat	NAVSARI	GEN	175	SANTOSH NAGINBHAI DANTANI	M	38	IND	5	0	882	228768	162512	0.54	71.04	98	0.06	12	2.04	TRUE	1						FALSE	FALSE	FALSE	AEGJ7350	Independents	10809				
2017	13	Navsari	South Gujarat	NAVSARI	GEN	175	JOHAR IBRAHIM SHAIKH	M	46	IND	6	0	784	228768	162512	0.48	71.04	2	0	12	2.04	TRUE	1						FALSE	FALSE	FALSE	AEGJ7342	Independents	10809		Business	Real Estate or Builder or Developer or Construction	
2017	13	Navsari	South Gujarat	NAVSARI	GEN	175	SHREE PERCY NAVROZE MUNSHI	M	55	GJCP	7	0	782	228768	162512	0.48	71.04	13	0.01	12	2.04	TRUE	1						FALSE	FALSE	FALSE	AEGJ7319	Local Party	3163	Graduate	Salaried Work or Employed	"Accountant, Qualified Professional"	
2017	13	Navsari	South Gujarat	NAVSARI	GEN	175	DARSHINBHAI LAXMANBHAI PATEL	M	30	BSP	8	0	769	228768	162512	0.47	71.04	120	0.07	12	2.04	TRUE	1						FALSE	FALSE	FALSE	AEGJ7318	State-based Party (Other State)	16651	12th Pass	Other		
2017	13	Navsari	South Gujarat	NAVSARI	GEN	175	KAZI ZAHIDBHAI MOHMED ILYAS	M	32	NCP	9	0	649	228768	162512	0.4	71.04	208	0.13	12	2.04	TRUE	2	IND	10809	NAVSARI	TRUE	FALSE	FALSE	FALSE	TRUE	AEGJ14356	State-based Party (Other State)	5792	Others	Small Business or Self-employed		
2017	13	Navsari	South Gujarat	NAVSARI	GEN	175	CHETANKUMAR RAMANLAL PATEL (INDIAN PATEL)	M	44	IND	10	0	441	228768	162512	0.27	71.04	206	0.13	12	2.04	TRUE	1						FALSE	FALSE	FALSE	AEGJ7339	Independents	10809				
2017	13	Navsari	South Gujarat	NAVSARI	GEN	175	KRUTIKA BANKIMBHAI VAIDYA	F	36	IND	11	0	235	228768	162512	0.14	71.04	3	0	12	2.04	TRUE	1						FALSE	FALSE	FALSE	AEGJ7331	Independents	10809				
2017	13	Navsari	South Gujarat	NAVSARI	GEN	175	GOVINDBHAI LAXMANBHAI RATHOD (RIKSHAWALA)	M	61	IND	12	0	232	228768	162512	0.14	71.04	47	0.03	12	2.04	TRUE	2	IND	10809	NAVSARI	TRUE	TRUE	FALSE	FALSE	TRUE	GEGJ3269	Independents	10809				
2017	13	Navsari	South Gujarat	NAVSARI	GEN	175	PANKHANIA KANTIBHAI RANCHODBHAI	M	51	ASAPA	13	0	185	228768	162512	0.11	71.04	0	0	12	2.04	TRUE	1						FALSE	FALSE	FALSE	AEGJ7323	Local Party	47	5th Pass	Liberal Profession or Professional	Journalist or Editor	
2017	13	Navsari	South Gujarat	GANDEVI	ST	176	PATEL NARESHBHAI MAGANBHAI	M	49	BJP	1	2	124010	270762	200408	61.88	74.02	57261	28.57	3	2.04	TRUE	3	BJP	1605	VANSDA	FALSE	TRUE	FALSE	FALSE	TRUE	AEGJ12704	National Party	1605	10th Pass	Business		Agriculture
2017	13	Navsari	South Gujarat	GANDEVI	ST	176	SURESHBHAI MAGANBHAI HALPATI	M	57	INC	2	0	66749	270762	200408	33.31	74.02	60672	30.27	3	2.04	TRUE	1						FALSE	FALSE	FALSE	AEGJ637	National Party	3482	Literate	Other		
2017	13	Navsari	South Gujarat	GANDEVI	ST	176	SUNILKUMAR KANJIBHAI PATEL	M	55	IND	3	0	6077	270762	200408	3.03	74.02	2505	1.25	3	2.04	TRUE	1						FALSE	FALSE	FALSE	AEGJ7354	Independents	10809				
2017	13	Navsari	South Gujarat	GANDEVI	ST	176	None of the Above			NOTA	4		3572	270762	200408	1.78	74.02	0	0	3	2.04	TRUE											NOTA	5897				
2017	13	Navsari	South Gujarat	VANSDA	ST	177	ANANTKUMAR HASMUKHBHAI PATEL	M	40	INC	1	1	110756	274481	212843	52.04	77.54	18393	8.64	5	2.17	TRUE	1						FALSE	FALSE	FALSE	AEGJ154	National Party	3482	Post Graduate	Education	Home Teacher or Tuition	
2017	13	Navsari	South Gujarat	VANSDA	ST	177	MAHLA GANPATBHAI ULUKBHAI	M	56	BJP	2	0	92363	274481	212843	43.39	77.54	87800	41.25	5	2.17	TRUE	1						FALSE	FALSE	FALSE	AEGJ120	National Party	1605	Graduate	Agriculture		
2017	13	Navsari	South Gujarat	VANSDA	ST	177	None of the Above			NOTA	3		4563	274481	212843	2.14	77.54	2380	1.12	5	2.17	TRUE											NOTA	5897				
2017	13	Navsari	South Gujarat	VANSDA	ST	177	SHANKAR MANAKBHAI JATRUBHAI	M	57	BSP	4	0	2183	274481	212843	1.03	77.54	323	0.15	5	2.17	TRUE	1						FALSE	FALSE	FALSE	AEGJ7357	State-based Party (Other State)	16651	10th Pass	Agriculture		
2017	13	Navsari	South Gujarat	VANSDA	ST	177	PATEL ALPESHKUMAR CHHOTUBHAI	M	40	BARESP	5	0	1860	274481	212843	0.87	77.54	742	0.35	5	2.17	TRUE	2	BSP	16651	NAVSARI	FALSE	FALSE	TRUE	FALSE	FALSE	AEGJ12700	Local Party	1096	10th Pass	Social Work		
2017	13	Navsari	South Gujarat	VANSDA	ST	177	PATEL ARVINDBHAI KALIDAS	M	63	JD(U)	6	0	1118	274481	212843	0.53	77.54	0	0	5	2.17	TRUE	2	IND	10809	VANSDA	TRUE	FALSE	FALSE	FALSE	TRUE	AEGJ14369	State-based Party (Other State)	11002	Others	Salaried Work or Employed	Service	Agriculture
2017	13	Valsad	South Gujarat	DHARAMPUR	ST	178	ARVIND CHHOTUBHAI PATEL	M	50	BJP	1	1	94944	226284	177380	53.53	78.39	22246	12.54	5	2.17	TRUE	1						FALSE	FALSE	FALSE	AEGJ464	National Party	1605	12th Pass	Agriculture		
2017	13	Valsad	South Gujarat	DHARAMPUR	ST	178	ISHVARBHAI DHEDABHAI PATEL	M	55	INC	2	1	72698	226284	177380	40.98	78.39	68987	38.89	5	2.17	TRUE	2	INC	3482	DHARAMPUR	TRUE	TRUE	FALSE	TRUE	TRUE	AEGJ14370	National Party	3482	10th Pass	Agriculture		
2017	13	Valsad	South Gujarat	DHARAMPUR	ST	178	None of the Above			NOTA	3		3711	226284	177380	2.09	78.39	1139	0.64	5	2.17	TRUE											NOTA	5897				
2017	13	Valsad	South Gujarat	DHARAMPUR	ST	178	PATEL LAXMANBHAI CHUNILAL	M	40	BSP	4	0	2572	226284	177380	1.45	78.39	108	0.06	5	2.17	TRUE	1						FALSE	FALSE	FALSE	AEGJ7371	State-based Party (Other State)	16651	Graduate	Small Business or Self-employed		
2017	13	Valsad	South Gujarat	DHARAMPUR	ST	178	MANGUBHAI SAVLUBHAI PADVI	M	58	AINHCP	5	0	2464	226284	177380	1.39	78.39	1473	0.83	5	2.17	TRUE	1						FALSE	FALSE	FALSE	AEGJ7378	Local Party	662	5th Pass	Agriculture		
2017	13	Valsad	South Gujarat	DHARAMPUR	ST	178	KHARPADI GULABBHAI JANUBHAI	M	40	BMUP	6	0	991	226284	177380	0.56	78.39	0	0	5	2.17	TRUE	1						FALSE	FALSE	FALSE	AEGJ7372	Local Party	1074	Literate	Agriculture		
2017	13	Valsad	South Gujarat	VALSAD	GEN	179	BHARATBHAI KIKUBHAI PATEL	M	59	BJP	1	2	101736	243884	168175	60.49	68.96	43092	25.62	7	2.04	TRUE	2	BJP	1605	VALSAD	TRUE	TRUE	FALSE	TRUE	TRUE	AEGJ14374	National Party	1605	Post Graduate	Other		
2017	13	Valsad	South Gujarat	VALSAD	GEN	179	TANDEL NARENDRAKUMAR JAGUBHAI	M	51	INC	2	0	58644	243884	168175	34.87	68.96	54671	32.51	7	2.04	TRUE	1						FALSE	FALSE	FALSE	AEGJ2090	National Party	3482	Post Graduate	Business		Agriculture
2017	13	Valsad	South Gujarat	VALSAD	GEN	179	PATEL CHETANKUMAR MANGUBHAI	M	45	IND	3	0	3973	243884	168175	2.36	68.96	2047	1.22	7	2.04	TRUE	1						FALSE	FALSE	FALSE	AEGJ7402	Independents	10809				
2017	13	Valsad	South Gujarat	VALSAD	GEN	179	None of the Above			NOTA	4		1926	243884	168175	1.15	68.96	1116	0.66	7	2.04	TRUE											NOTA	5897				
2017	13	Valsad	South Gujarat	VALSAD	GEN	179	SIRASAT ASHOKBHAI ATMARAM	M	54	BSP	5	0	810	243884	168175	0.48	68.96	368	0.22	7	2.04	TRUE	1						FALSE	FALSE	FALSE	AEGJ7388	State-based Party (Other State)	16651	5th Pass	Other		
2017	13	Valsad	South Gujarat	VALSAD	GEN	179	PROFESSOR RAJNIKANT NANUBHAI DESAI	M	72	LVM	6	0	442	243884	168175	0.26	68.96	95	0.06	7	2.04	TRUE	1						FALSE	FALSE	FALSE	AEGJ7394	Local Party	5144	Post Graduate	Other		
2017	13	Valsad	South Gujarat	VALSAD	GEN	179	JATINKUMAR PRAVINBHAI PATEL	M	36	AAAP	7	0	347	243884	168175	0.21	68.96	50	0.03	7	2.04	TRUE	1						FALSE	FALSE	FALSE	AEGJ7393	State-based Party (Other State)	13				
2017	13	Valsad	South Gujarat	VALSAD	GEN	179	DODIYA MAHENDRASINH MOHANSINH	M	56	IND	8	0	297	243884	168175	0.18	68.96	0	0	7	2.04	TRUE	1						FALSE	FALSE	FALSE	AEGJ7400	Independents	10809				
2017	13	Valsad	South Gujarat	PARDI	GEN	180	DESAI KANUBHAI MOHANLAL	M	66	BJP	1	2	98379	220845	153178	64.23	69.36	52086	34	13	2	TRUE	2	BJP	1605	PARDI	TRUE	TRUE	FALSE	TRUE	TRUE	AEGJ14382	National Party	1605	Graduate Professional	Agriculture		
2017	13	Valsad	South Gujarat	PARDI	GEN	180	BHARATBHAI MOHANBHAI PATEL	M	56	INC	2	0	46293	220845	153178	30.22	69.36	43710	28.54	13	2	TRUE	1						FALSE	FALSE	FALSE	AEGJ1675	National Party	3482	Graduate Professional	Liberal Profession or Professional	Lawyer	Agriculture
2017	13	Valsad	South Gujarat	PARDI	GEN	180	None of the Above			NOTA	3		2583	220845	153178	1.69	69.36	1562	1.02	13	2	TRUE											NOTA	5897				
2017	13	Valsad	South Gujarat	PARDI	GEN	180	ADVOCATE PURVA PRADIP GAJARE	F	49	IND	4	0	1021	220845	153178	0.67	69.36	186	0.12	13	2	TRUE	2	IND	10809	PARDI	TRUE	TRUE	FALSE	FALSE	TRUE	AEGJ14387	Independents	10809	Graduate Professional	Other		
2017	13	Valsad	South Gujarat	PARDI	GEN	180	PATEL NATVARLAL ZINABHAI	M	47	IND	5	0	835	220845	153178	0.55	69.36	9	0.01	13	2	TRUE	1						FALSE	FALSE	FALSE	AEGJ7454	Independents	10809	12th Pass	Business	"Transport, Rent"	
2017	13	Valsad	South Gujarat	PARDI	GEN	180	PARMAR GIRISHBHAI JIVANBHAI	M	33	BSP	6	0	826	220845	153178	0.54	69.36	206	0.13	13	2	TRUE	1						FALSE	FALSE	FALSE	AEGJ7406	State-based Party (Other State)	16651	12th Pass	Other		
2017	13	Valsad	South Gujarat	PARDI	GEN	180	ABBAJI DHYANU JADAV	M	52	SHS	7	0	620	220845	153178	0.4	69.36	36	0.02	13	2	TRUE	1						FALSE	FALSE	FALSE	AEGJ7414	State-based Party (Other State)	18691	Literate	Business		
2017	13	Valsad	South Gujarat	PARDI	GEN	180	SHANKARBHAI ALIAS MAHENDRASHANKAR RAMSURATBHAI ALIAS RAMSURAT YADAV	M	46	SP	8	0	584	220845	153178	0.38	69.36	45	0.03	13	2	TRUE	1						FALSE	FALSE	FALSE	AEGJ7453	State-based Party (Other State)	7425	Others	Business		
2017	13	Valsad	South Gujarat	PARDI	GEN	180	DR. RAJIV SHAMBHUNATH PANDEY	M	35	AAAP	9	0	539	220845	153178	0.35	69.36	84	0.05	13	2	TRUE	1						FALSE	FALSE	FALSE	AEGJ7439	State-based Party (Other State)	13				
2017	13	Valsad	South Gujarat	PARDI	GEN	180	BHANUSHALI AMIT RAJUBHAI	M	31	IND	10	0	455	220845	153178	0.3	69.36	77	0.05	13	2	TRUE	1						FALSE	FALSE	FALSE	AEGJ7487	Independents	10809	8th Pass	Other		
2017	13	Valsad	South Gujarat	PARDI	GEN	180	RAJESHBHAI CHIMANBHAI PATEL	M	51	AINHCP	11	0	378	220845	153178	0.25	69.36	101	0.07	13	2	TRUE	1						FALSE	FALSE	FALSE	AEGJ7442	Local Party	662	Graduate	Agriculture		
2017	13	Valsad	South Gujarat	PARDI	GEN	180	PATEL SANJAYBHAI DAHYABHAI	M	38	IND	12	0	277	220845	153178	0.18	69.36	38	0.02	13	2	TRUE	1						FALSE	FALSE	FALSE	AEGJ7468	Independents	10809	8th Pass	Other		
2017	13	Valsad	South Gujarat	PARDI	GEN	180	PATEL NAVINKUMAR SHANKARBHAI	M	46	IND	13	0	239	220845	153178	0.16	69.36	90	0.06	13	2	TRUE	2	IND	10809	PARDI	TRUE	TRUE	FALSE	FALSE	TRUE	AEGJ14388	Independents	10809	Graduate	Agriculture		
2017	13	Valsad	South Gujarat	PARDI	GEN	180	BHATKAR MUKESHBHAI RAMJIBHAI	M	46	BARESP	14	0	149	220845	153178	0.1	69.36	0	0	13	2	TRUE	1						FALSE	FALSE	FALSE	AEGJ7416	Local Party	1096	Graduate	Business		
2017	13	Valsad	South Gujarat	KAPRADA	ST	181	CHAUDHARI JITUBHAI HARJIBHAI	M	52	INC	1	4	93000	232224	195421	47.59	84.15	170	0.09	5	2.17	FALSE	4	INC	3482	KAPRADA	TRUE	TRUE	FALSE	TRUE	TRUE	AEGJ14395	National Party	3482	8th Pass	Business		Agriculture
2017	13	Valsad	South Gujarat	KAPRADA	ST	181	RAUT MADHUBHAI BAPUBHAI	M	67	BJP	2	1	92830	232224	195421	47.5	84.15	88962	45.52	5	2.17	FALSE	7	BJP	1605	MOTA PONDHA	FALSE	TRUE	FALSE	FALSE	FALSE	AEGJ3770	National Party	1605	5th Pass	Agriculture		
2017	13	Valsad	South Gujarat	KAPRADA	ST	181	None of the Above			NOTA	3		3868	232224	195421	1.98	84.15	1438	0.74	5	2.17	FALSE											NOTA	5897				
2017	13	Valsad	South Gujarat	KAPRADA	ST	181	GANVIT JAYENDRABHAI LAXMANBHAI	M	37	MANPA	4	0	2430	232224	195421	1.24	84.15	499	0.26	5	2.17	FALSE	2	JD(U)	11002	KAPRADA	TRUE	FALSE	TRUE	FALSE	TRUE	AEGJ14393	Local Party	5355				
2017	13	Valsad	South Gujarat	KAPRADA	ST	181	DHIRUBHAI NAGARBHAI PATEL	M	57	AINHCP	5	0	1931	232224	195421	0.99	84.15	569	0.29	5	2.17	FALSE	1						FALSE	FALSE	FALSE	AEGJ7509	Local Party	662	Others	Business		Agriculture
2017	13	Valsad	South Gujarat	KAPRADA	ST	181	GURAV KAMLESHBHAI SHRAVANBHAI	M	28	CPI(ML)(L)	6	0	1362	232224	195421	0.7	84.15	0	0	5	2.17	FALSE	1						FALSE	FALSE	FALSE	AEGJ7506	Local Party	2472	8th Pass	Labourer or Daily Wage		Agriculture
2017	13	Valsad	South Gujarat	UMBERGAON	ST	182	PATKAR RAMANLAL NANUBHAI	M	65	BJP	1	5	96004	244481	157728	60.87	64.52	41690	26.43	7	2.04	TRUE	9	BJP	1605	UMBERGAON	TRUE	TRUE	FALSE	TRUE	TRUE	AEGJ2017	National Party	1605	8th Pass	Business		Agriculture
2017	13	Valsad	South Gujarat	UMBERGAON	ST	182	PATEL ASHOKBHAI MOHNABHAI	M	43	INC	2	0	54314	244481	157728	34.44	64.52	51564	32.69	7	2.04	TRUE	1						FALSE	FALSE	FALSE	AEGJ2021	National Party	3482	12th Pass	Business		
2017	13	Valsad	South Gujarat	UMBERGAON	ST	182	None of the Above			NOTA	3		2750	244481	157728	1.74	64.52	1402	0.89	7	2.04	TRUE											NOTA	5897				
2017	13	Valsad	South Gujarat	UMBERGAON	ST	182	BOCHAL HASMUKHBHAI RAMANBHAI	M	41	CPM	4	0	1348	244481	157728	0.85	64.52	14	0.01	7	2.04	TRUE	2	CPM	14635	UMBERGAON	TRUE	TRUE	FALSE	FALSE	TRUE	AEGJ14404	National Party	14635	10th Pass	Agricultural Labour		Agriculture
2017	13	Valsad	South Gujarat	UMBERGAON	ST	182	SHAILESHBHAI UKADBHAI DABHADIA	M	38	IND	5	0	1334	244481	157728	0.85	64.52	345	0.22	7	2.04	TRUE	1						FALSE	FALSE	FALSE	AEGJ7525	Independents	10809				
2017	13	Valsad	South Gujarat	UMBERGAON	ST	182	NARESHBHAI UKKADBHAI OZARIYA	M	36	IND	6	0	989	244481	157728	0.63	64.52	461	0.29	7	2.04	TRUE	1						FALSE	FALSE	FALSE	AEGJ7524	Independents	10809				
2017	13	Valsad	South Gujarat	UMBERGAON	ST	182	VADIYA LAXMANBHAI CHHAGANBHAI	M	59	CPI(ML)(L)	7	0	528	244481	157728	0.33	64.52	67	0.04	7	2.04	TRUE	1						FALSE	FALSE	FALSE	GEGJ3314	Local Party	2472	5th Pass	Agriculture		
2017	13	Valsad	South Gujarat	UMBERGAON	ST	182	GOVINDBHAI VESTABHAI PATEL	M	60	AINHCP	8	0	461	244481	157728	0.29	64.52	0	0	7	2.04	TRUE	2	INC	3482	UMBERGAON	TRUE	FALSE	TRUE	FALSE	TRUE	AEGJ14405	Local Party	662	Graduate	Agriculture		